filename,split,label
train_0.jpg,train,0
train_1.jpg,train,0
train_2.jpg,train,0
train_3.jpg,train,0
train_4.jpg,train,0
train_5.jpg,train,0
train_6.jpg,train,0
train_7.jpg,train,0
train_8.jpg,train,0
train_9.jpg,train,0
train_10.jpg,train,0
train_11.jpg,train,0
train_12.jpg,train,0
train_13.jpg,train,0
train_14.jpg,train,0
train_15.jpg,train,0
train_16.jpg,train,0
train_17.jpg,train,0
train_18.jpg,train,0
train_19.jpg,train,0
train_20.jpg,train,0
train_21.jpg,train,0
train_22.jpg,train,0
train_23.jpg,train,0
train_24.jpg,train,0
train_25.jpg,train,0
train_26.jpg,train,0
train_27.jpg,train,0
train_28.jpg,train,0
train_29.jpg,train,0
train_30.jpg,train,0
train_31.jpg,train,0
train_32.jpg,train,0
train_33.jpg,train,0
train_34.jpg,train,0
train_35.jpg,train,0
train_36.jpg,train,0
train_37.jpg,train,0
train_38.jpg,train,0
train_39.jpg,train,0
train_40.jpg,train,0
train_41.jpg,train,0
train_42.jpg,train,0
train_43.jpg,train,0
train_44.jpg,train,0
train_45.jpg,train,0
train_46.jpg,train,0
train_47.jpg,train,0
train_48.jpg,train,0
train_49.jpg,train,0
train_50.jpg,train,0
train_51.jpg,train,0
train_52.jpg,train,0
train_53.jpg,train,0
train_54.jpg,train,0
train_55.jpg,train,0
train_56.jpg,train,0
train_57.jpg,train,0
train_58.jpg,train,0
train_59.jpg,train,0
train_60.jpg,train,0
train_61.jpg,train,0
train_62.jpg,train,0
train_63.jpg,train,0
train_64.jpg,train,0
train_65.jpg,train,0
train_66.jpg,train,0
train_67.jpg,train,0
train_68.jpg,train,0
train_69.jpg,train,0
train_70.jpg,train,0
train_71.jpg,train,0
train_72.jpg,train,0
train_73.jpg,train,0
train_74.jpg,train,0
train_75.jpg,train,0
train_76.jpg,train,0
train_77.jpg,train,0
train_78.jpg,train,0
train_79.jpg,train,0
train_80.jpg,train,0
train_81.jpg,train,0
train_82.jpg,train,0
train_83.jpg,train,0
train_84.jpg,train,0
train_85.jpg,train,0
train_86.jpg,train,0
train_87.jpg,train,0
train_88.jpg,train,0
train_89.jpg,train,0
train_90.jpg,train,0
train_91.jpg,train,0
train_92.jpg,train,0
train_93.jpg,train,0
train_94.jpg,train,0
train_95.jpg,train,0
train_96.jpg,train,0
train_97.jpg,train,0
train_98.jpg,train,0
train_99.jpg,train,0
train_100.jpg,train,0
train_101.jpg,train,0
train_102.jpg,train,0
train_103.jpg,train,0
train_104.jpg,train,0
train_105.jpg,train,0
train_106.jpg,train,0
train_107.jpg,train,0
train_108.jpg,train,0
train_109.jpg,train,0
train_110.jpg,train,0
train_111.jpg,train,0
train_112.jpg,train,0
train_113.jpg,train,0
train_114.jpg,train,0
train_115.jpg,train,0
train_116.jpg,train,0
train_117.jpg,train,0
train_118.jpg,train,0
train_119.jpg,train,0
train_120.jpg,train,0
train_121.jpg,train,0
train_122.jpg,train,0
train_123.jpg,train,0
train_124.jpg,train,0
train_125.jpg,train,0
train_126.jpg,train,0
train_127.jpg,train,0
train_128.jpg,train,0
train_129.jpg,train,0
train_130.jpg,train,0
train_131.jpg,train,0
train_132.jpg,train,0
train_133.jpg,train,0
train_134.jpg,train,0
train_135.jpg,train,0
train_136.jpg,train,0
train_137.jpg,train,0
train_138.jpg,train,0
train_139.jpg,train,0
train_140.jpg,train,0
train_141.jpg,train,0
train_142.jpg,train,0
train_143.jpg,train,0
train_144.jpg,train,0
train_145.jpg,train,0
train_146.jpg,train,0
train_147.jpg,train,0
train_148.jpg,train,0
train_149.jpg,train,0
train_150.jpg,train,0
train_151.jpg,train,0
train_152.jpg,train,0
train_153.jpg,train,0
train_154.jpg,train,0
train_155.jpg,train,0
train_156.jpg,train,0
train_157.jpg,train,0
train_158.jpg,train,0
train_159.jpg,train,0
train_160.jpg,train,0
train_161.jpg,train,0
train_162.jpg,train,0
train_163.jpg,train,0
train_164.jpg,train,0
train_165.jpg,train,0
train_166.jpg,train,0
train_167.jpg,train,0
train_168.jpg,train,0
train_169.jpg,train,0
train_170.jpg,train,0
train_171.jpg,train,0
train_172.jpg,train,0
train_173.jpg,train,0
train_174.jpg,train,0
train_175.jpg,train,0
train_176.jpg,train,0
train_177.jpg,train,0
train_178.jpg,train,0
train_179.jpg,train,0
train_180.jpg,train,0
train_181.jpg,train,0
train_182.jpg,train,0
train_183.jpg,train,0
train_184.jpg,train,0
train_185.jpg,train,0
train_186.jpg,train,0
train_187.jpg,train,0
train_188.jpg,train,0
train_189.jpg,train,0
train_190.jpg,train,0
train_191.jpg,train,0
train_192.jpg,train,0
train_193.jpg,train,0
train_194.jpg,train,0
train_195.jpg,train,0
train_196.jpg,train,0
train_197.jpg,train,0
train_198.jpg,train,0
train_199.jpg,train,0
train_200.jpg,train,0
train_201.jpg,train,0
train_202.jpg,train,0
train_203.jpg,train,0
train_204.jpg,train,0
train_205.jpg,train,0
train_206.jpg,train,0
train_207.jpg,train,0
train_208.jpg,train,0
train_209.jpg,train,0
train_210.jpg,train,0
train_211.jpg,train,0
train_212.jpg,train,0
train_213.jpg,train,0
train_214.jpg,train,0
train_215.jpg,train,0
train_216.jpg,train,0
train_217.jpg,train,0
train_218.jpg,train,0
train_219.jpg,train,0
train_220.jpg,train,0
train_221.jpg,train,0
train_222.jpg,train,0
train_223.jpg,train,0
train_224.jpg,train,0
train_225.jpg,train,0
train_226.jpg,train,0
train_227.jpg,train,0
train_228.jpg,train,0
train_229.jpg,train,0
train_230.jpg,train,0
train_231.jpg,train,0
train_232.jpg,train,0
train_233.jpg,train,0
train_234.jpg,train,0
train_235.jpg,train,0
train_236.jpg,train,0
train_237.jpg,train,0
train_238.jpg,train,0
train_239.jpg,train,0
train_240.jpg,train,0
train_241.jpg,train,0
train_242.jpg,train,0
train_243.jpg,train,0
train_244.jpg,train,0
train_245.jpg,train,0
train_246.jpg,train,0
train_247.jpg,train,0
train_248.jpg,train,0
train_249.jpg,train,0
train_250.jpg,train,0
train_251.jpg,train,0
train_252.jpg,train,0
train_253.jpg,train,0
train_254.jpg,train,0
train_255.jpg,train,0
train_256.jpg,train,0
train_257.jpg,train,0
train_258.jpg,train,0
train_259.jpg,train,0
train_260.jpg,train,0
train_261.jpg,train,0
train_262.jpg,train,0
train_263.jpg,train,0
train_264.jpg,train,0
train_265.jpg,train,0
train_266.jpg,train,0
train_267.jpg,train,0
train_268.jpg,train,0
train_269.jpg,train,0
train_270.jpg,train,0
train_271.jpg,train,0
train_272.jpg,train,0
train_273.jpg,train,0
train_274.jpg,train,0
train_275.jpg,train,0
train_276.jpg,train,0
train_277.jpg,train,0
train_278.jpg,train,0
train_279.jpg,train,0
train_280.jpg,train,0
train_281.jpg,train,0
train_282.jpg,train,0
train_283.jpg,train,0
train_284.jpg,train,0
train_285.jpg,train,0
train_286.jpg,train,0
train_287.jpg,train,0
train_288.jpg,train,0
train_289.jpg,train,0
train_290.jpg,train,0
train_291.jpg,train,0
train_292.jpg,train,0
train_293.jpg,train,0
train_294.jpg,train,0
train_295.jpg,train,0
train_296.jpg,train,0
train_297.jpg,train,0
train_298.jpg,train,0
train_299.jpg,train,0
train_300.jpg,train,0
train_301.jpg,train,0
train_302.jpg,train,0
train_303.jpg,train,0
train_304.jpg,train,0
train_305.jpg,train,0
train_306.jpg,train,0
train_307.jpg,train,0
train_308.jpg,train,0
train_309.jpg,train,0
train_310.jpg,train,0
train_311.jpg,train,0
train_312.jpg,train,0
train_313.jpg,train,0
train_314.jpg,train,0
train_315.jpg,train,0
train_316.jpg,train,0
train_317.jpg,train,0
train_318.jpg,train,0
train_319.jpg,train,0
train_320.jpg,train,0
train_321.jpg,train,0
train_322.jpg,train,0
train_323.jpg,train,0
train_324.jpg,train,0
train_325.jpg,train,0
train_326.jpg,train,0
train_327.jpg,train,0
train_328.jpg,train,0
train_329.jpg,train,0
train_330.jpg,train,0
train_331.jpg,train,0
train_332.jpg,train,0
train_333.jpg,train,0
train_334.jpg,train,0
train_335.jpg,train,0
train_336.jpg,train,0
train_337.jpg,train,0
train_338.jpg,train,0
train_339.jpg,train,0
train_340.jpg,train,0
train_341.jpg,train,0
train_342.jpg,train,0
train_343.jpg,train,0
train_344.jpg,train,0
train_345.jpg,train,0
train_346.jpg,train,0
train_347.jpg,train,0
train_348.jpg,train,0
train_349.jpg,train,0
train_350.jpg,train,0
train_351.jpg,train,0
train_352.jpg,train,0
train_353.jpg,train,0
train_354.jpg,train,0
train_355.jpg,train,0
train_356.jpg,train,0
train_357.jpg,train,0
train_358.jpg,train,0
train_359.jpg,train,0
train_360.jpg,train,0
train_361.jpg,train,0
train_362.jpg,train,0
train_363.jpg,train,0
train_364.jpg,train,0
train_365.jpg,train,0
train_366.jpg,train,0
train_367.jpg,train,0
train_368.jpg,train,0
train_369.jpg,train,0
train_370.jpg,train,0
train_371.jpg,train,0
train_372.jpg,train,0
train_373.jpg,train,0
train_374.jpg,train,0
train_375.jpg,train,0
train_376.jpg,train,0
train_377.jpg,train,0
train_378.jpg,train,0
train_379.jpg,train,0
train_380.jpg,train,0
train_381.jpg,train,0
train_382.jpg,train,0
train_383.jpg,train,0
train_384.jpg,train,0
train_385.jpg,train,0
train_386.jpg,train,0
train_387.jpg,train,0
train_388.jpg,train,0
train_389.jpg,train,0
train_390.jpg,train,0
train_391.jpg,train,0
train_392.jpg,train,0
train_393.jpg,train,0
train_394.jpg,train,0
train_395.jpg,train,0
train_396.jpg,train,0
train_397.jpg,train,0
train_398.jpg,train,0
train_399.jpg,train,0
train_400.jpg,train,0
train_401.jpg,train,0
train_402.jpg,train,0
train_403.jpg,train,0
train_404.jpg,train,0
train_405.jpg,train,0
train_406.jpg,train,0
train_407.jpg,train,0
train_408.jpg,train,0
train_409.jpg,train,0
train_410.jpg,train,0
train_411.jpg,train,0
train_412.jpg,train,0
train_413.jpg,train,0
train_414.jpg,train,0
train_415.jpg,train,0
train_416.jpg,train,0
train_417.jpg,train,0
train_418.jpg,train,0
train_419.jpg,train,0
train_420.jpg,train,0
train_421.jpg,train,0
train_422.jpg,train,0
train_423.jpg,train,0
train_424.jpg,train,0
train_425.jpg,train,0
train_426.jpg,train,0
train_427.jpg,train,0
train_428.jpg,train,0
train_429.jpg,train,0
train_430.jpg,train,0
train_431.jpg,train,0
train_432.jpg,train,0
train_433.jpg,train,0
train_434.jpg,train,0
train_435.jpg,train,0
train_436.jpg,train,0
train_437.jpg,train,0
train_438.jpg,train,0
train_439.jpg,train,0
train_440.jpg,train,0
train_441.jpg,train,0
train_442.jpg,train,0
train_443.jpg,train,0
train_444.jpg,train,0
train_445.jpg,train,0
train_446.jpg,train,0
train_447.jpg,train,0
train_448.jpg,train,0
train_449.jpg,train,0
train_450.jpg,train,0
train_451.jpg,train,0
train_452.jpg,train,0
train_453.jpg,train,0
train_454.jpg,train,0
train_455.jpg,train,0
train_456.jpg,train,0
train_457.jpg,train,0
train_458.jpg,train,0
train_459.jpg,train,0
train_460.jpg,train,0
train_461.jpg,train,0
train_462.jpg,train,0
train_463.jpg,train,0
train_464.jpg,train,0
train_465.jpg,train,0
train_466.jpg,train,0
train_467.jpg,train,0
train_468.jpg,train,0
train_469.jpg,train,0
train_470.jpg,train,0
train_471.jpg,train,0
train_472.jpg,train,0
train_473.jpg,train,0
train_474.jpg,train,0
train_475.jpg,train,0
train_476.jpg,train,0
train_477.jpg,train,0
train_478.jpg,train,0
train_479.jpg,train,0
train_480.jpg,train,0
train_481.jpg,train,0
train_482.jpg,train,0
train_483.jpg,train,0
train_484.jpg,train,0
train_485.jpg,train,0
train_486.jpg,train,0
train_487.jpg,train,0
train_488.jpg,train,0
train_489.jpg,train,0
train_490.jpg,train,0
train_491.jpg,train,0
train_492.jpg,train,0
train_493.jpg,train,0
train_494.jpg,train,0
train_495.jpg,train,0
train_496.jpg,train,0
train_497.jpg,train,0
train_498.jpg,train,0
train_499.jpg,train,0
train_500.jpg,train,0
train_501.jpg,train,0
train_502.jpg,train,0
train_503.jpg,train,0
train_504.jpg,train,0
train_505.jpg,train,0
train_506.jpg,train,0
train_507.jpg,train,0
train_508.jpg,train,0
train_509.jpg,train,0
train_510.jpg,train,0
train_511.jpg,train,0
train_512.jpg,train,0
train_513.jpg,train,0
train_514.jpg,train,0
train_515.jpg,train,0
train_516.jpg,train,0
train_517.jpg,train,0
train_518.jpg,train,0
train_519.jpg,train,0
train_520.jpg,train,0
train_521.jpg,train,0
train_522.jpg,train,0
train_523.jpg,train,0
train_524.jpg,train,0
train_525.jpg,train,0
train_526.jpg,train,0
train_527.jpg,train,0
train_528.jpg,train,0
train_529.jpg,train,0
train_530.jpg,train,0
train_531.jpg,train,0
train_532.jpg,train,0
train_533.jpg,train,0
train_534.jpg,train,0
train_535.jpg,train,0
train_536.jpg,train,0
train_537.jpg,train,0
train_538.jpg,train,0
train_539.jpg,train,0
train_540.jpg,train,0
train_541.jpg,train,0
train_542.jpg,train,0
train_543.jpg,train,0
train_544.jpg,train,0
train_545.jpg,train,0
train_546.jpg,train,0
train_547.jpg,train,0
train_548.jpg,train,0
train_549.jpg,train,0
train_550.jpg,train,0
train_551.jpg,train,0
train_552.jpg,train,0
train_553.jpg,train,0
train_554.jpg,train,0
train_555.jpg,train,0
train_556.jpg,train,0
train_557.jpg,train,0
train_558.jpg,train,0
train_559.jpg,train,0
train_560.jpg,train,0
train_561.jpg,train,0
train_562.jpg,train,0
train_563.jpg,train,0
train_564.jpg,train,0
train_565.jpg,train,0
train_566.jpg,train,0
train_567.jpg,train,0
train_568.jpg,train,0
train_569.jpg,train,0
train_570.jpg,train,0
train_571.jpg,train,0
train_572.jpg,train,0
train_573.jpg,train,0
train_574.jpg,train,0
train_575.jpg,train,0
train_576.jpg,train,0
train_577.jpg,train,0
train_578.jpg,train,0
train_579.jpg,train,0
train_580.jpg,train,0
train_581.jpg,train,0
train_582.jpg,train,0
train_583.jpg,train,0
train_584.jpg,train,0
train_585.jpg,train,0
train_586.jpg,train,0
train_587.jpg,train,0
train_588.jpg,train,0
train_589.jpg,train,0
train_590.jpg,train,0
train_591.jpg,train,0
train_592.jpg,train,0
train_593.jpg,train,0
train_594.jpg,train,0
train_595.jpg,train,0
train_596.jpg,train,0
train_597.jpg,train,0
train_598.jpg,train,0
train_599.jpg,train,0
train_600.jpg,train,0
train_601.jpg,train,0
train_602.jpg,train,0
train_603.jpg,train,0
train_604.jpg,train,0
train_605.jpg,train,0
train_606.jpg,train,0
train_607.jpg,train,0
train_608.jpg,train,0
train_609.jpg,train,0
train_610.jpg,train,0
train_611.jpg,train,0
train_612.jpg,train,0
train_613.jpg,train,0
train_614.jpg,train,0
train_615.jpg,train,0
train_616.jpg,train,0
train_617.jpg,train,0
train_618.jpg,train,0
train_619.jpg,train,0
train_620.jpg,train,0
train_621.jpg,train,0
train_622.jpg,train,0
train_623.jpg,train,0
train_624.jpg,train,0
train_625.jpg,train,0
train_626.jpg,train,0
train_627.jpg,train,0
train_628.jpg,train,0
train_629.jpg,train,0
train_630.jpg,train,0
train_631.jpg,train,0
train_632.jpg,train,0
train_633.jpg,train,0
train_634.jpg,train,0
train_635.jpg,train,0
train_636.jpg,train,0
train_637.jpg,train,0
train_638.jpg,train,0
train_639.jpg,train,0
train_640.jpg,train,0
train_641.jpg,train,0
train_642.jpg,train,0
train_643.jpg,train,0
train_644.jpg,train,0
train_645.jpg,train,0
train_646.jpg,train,0
train_647.jpg,train,0
train_648.jpg,train,0
train_649.jpg,train,0
train_650.jpg,train,0
train_651.jpg,train,0
train_652.jpg,train,0
train_653.jpg,train,0
train_654.jpg,train,0
train_655.jpg,train,0
train_656.jpg,train,0
train_657.jpg,train,0
train_658.jpg,train,0
train_659.jpg,train,0
train_660.jpg,train,0
train_661.jpg,train,0
train_662.jpg,train,0
train_663.jpg,train,0
train_664.jpg,train,0
train_665.jpg,train,0
train_666.jpg,train,0
train_667.jpg,train,0
train_668.jpg,train,0
train_669.jpg,train,0
train_670.jpg,train,0
train_671.jpg,train,0
train_672.jpg,train,0
train_673.jpg,train,0
train_674.jpg,train,0
train_675.jpg,train,0
train_676.jpg,train,0
train_677.jpg,train,0
train_678.jpg,train,0
train_679.jpg,train,0
train_680.jpg,train,0
train_681.jpg,train,0
train_682.jpg,train,0
train_683.jpg,train,0
train_684.jpg,train,0
train_685.jpg,train,0
train_686.jpg,train,0
train_687.jpg,train,0
train_688.jpg,train,0
train_689.jpg,train,0
train_690.jpg,train,0
train_691.jpg,train,0
train_692.jpg,train,0
train_693.jpg,train,0
train_694.jpg,train,0
train_695.jpg,train,0
train_696.jpg,train,0
train_697.jpg,train,0
train_698.jpg,train,0
train_699.jpg,train,0
train_700.jpg,train,0
train_701.jpg,train,0
train_702.jpg,train,0
train_703.jpg,train,0
train_704.jpg,train,0
train_705.jpg,train,0
train_706.jpg,train,0
train_707.jpg,train,0
train_708.jpg,train,0
train_709.jpg,train,0
train_710.jpg,train,0
train_711.jpg,train,0
train_712.jpg,train,0
train_713.jpg,train,0
train_714.jpg,train,0
train_715.jpg,train,0
train_716.jpg,train,0
train_717.jpg,train,0
train_718.jpg,train,0
train_719.jpg,train,0
train_720.jpg,train,0
train_721.jpg,train,0
train_722.jpg,train,0
train_723.jpg,train,0
train_724.jpg,train,0
train_725.jpg,train,0
train_726.jpg,train,0
train_727.jpg,train,0
train_728.jpg,train,0
train_729.jpg,train,0
train_730.jpg,train,0
train_731.jpg,train,0
train_732.jpg,train,0
train_733.jpg,train,0
train_734.jpg,train,0
train_735.jpg,train,0
train_736.jpg,train,0
train_737.jpg,train,0
train_738.jpg,train,0
train_739.jpg,train,0
train_740.jpg,train,0
train_741.jpg,train,0
train_742.jpg,train,0
train_743.jpg,train,0
train_744.jpg,train,0
train_745.jpg,train,0
train_746.jpg,train,0
train_747.jpg,train,0
train_748.jpg,train,0
train_749.jpg,train,0
train_750.jpg,train,0
train_751.jpg,train,0
train_752.jpg,train,0
train_753.jpg,train,0
train_754.jpg,train,0
train_755.jpg,train,0
train_756.jpg,train,0
train_757.jpg,train,0
train_758.jpg,train,0
train_759.jpg,train,0
train_760.jpg,train,0
train_761.jpg,train,0
train_762.jpg,train,0
train_763.jpg,train,0
train_764.jpg,train,0
train_765.jpg,train,0
train_766.jpg,train,0
train_767.jpg,train,0
train_768.jpg,train,0
train_769.jpg,train,0
train_770.jpg,train,0
train_771.jpg,train,0
train_772.jpg,train,0
train_773.jpg,train,0
train_774.jpg,train,0
train_775.jpg,train,0
train_776.jpg,train,0
train_777.jpg,train,0
train_778.jpg,train,0
train_779.jpg,train,0
train_780.jpg,train,0
train_781.jpg,train,0
train_782.jpg,train,0
train_783.jpg,train,0
train_784.jpg,train,0
train_785.jpg,train,0
train_786.jpg,train,0
train_787.jpg,train,0
train_788.jpg,train,0
train_789.jpg,train,0
train_790.jpg,train,0
train_791.jpg,train,0
train_792.jpg,train,0
train_793.jpg,train,0
train_794.jpg,train,0
train_795.jpg,train,0
train_796.jpg,train,0
train_797.jpg,train,0
train_798.jpg,train,0
train_799.jpg,train,0
train_800.jpg,train,0
train_801.jpg,train,0
train_802.jpg,train,0
train_803.jpg,train,0
train_804.jpg,train,0
train_805.jpg,train,0
train_806.jpg,train,0
train_807.jpg,train,0
train_808.jpg,train,0
train_809.jpg,train,0
train_810.jpg,train,0
train_811.jpg,train,0
train_812.jpg,train,0
train_813.jpg,train,0
train_814.jpg,train,0
train_815.jpg,train,0
train_816.jpg,train,0
train_817.jpg,train,0
train_818.jpg,train,0
train_819.jpg,train,0
train_820.jpg,train,0
train_821.jpg,train,0
train_822.jpg,train,0
train_823.jpg,train,0
train_824.jpg,train,0
train_825.jpg,train,0
train_826.jpg,train,0
train_827.jpg,train,0
train_828.jpg,train,0
train_829.jpg,train,0
train_830.jpg,train,0
train_831.jpg,train,0
train_832.jpg,train,0
train_833.jpg,train,0
train_834.jpg,train,0
train_835.jpg,train,0
train_836.jpg,train,0
train_837.jpg,train,0
train_838.jpg,train,0
train_839.jpg,train,0
train_840.jpg,train,0
train_841.jpg,train,0
train_842.jpg,train,0
train_843.jpg,train,0
train_844.jpg,train,0
train_845.jpg,train,0
train_846.jpg,train,0
train_847.jpg,train,0
train_848.jpg,train,0
train_849.jpg,train,0
train_850.jpg,train,0
train_851.jpg,train,0
train_852.jpg,train,0
train_853.jpg,train,0
train_854.jpg,train,0
train_855.jpg,train,0
train_856.jpg,train,0
train_857.jpg,train,0
train_858.jpg,train,0
train_859.jpg,train,0
train_860.jpg,train,0
train_861.jpg,train,0
train_862.jpg,train,0
train_863.jpg,train,0
train_864.jpg,train,0
train_865.jpg,train,0
train_866.jpg,train,0
train_867.jpg,train,0
train_868.jpg,train,0
train_869.jpg,train,0
train_870.jpg,train,0
train_871.jpg,train,0
train_872.jpg,train,0
train_873.jpg,train,0
train_874.jpg,train,0
train_875.jpg,train,0
train_876.jpg,train,0
train_877.jpg,train,0
train_878.jpg,train,0
train_879.jpg,train,0
train_880.jpg,train,0
train_881.jpg,train,0
train_882.jpg,train,0
train_883.jpg,train,0
train_884.jpg,train,0
train_885.jpg,train,0
train_886.jpg,train,0
train_887.jpg,train,0
train_888.jpg,train,0
train_889.jpg,train,0
train_890.jpg,train,0
train_891.jpg,train,0
train_892.jpg,train,0
train_893.jpg,train,0
train_894.jpg,train,0
train_895.jpg,train,0
train_896.jpg,train,0
train_897.jpg,train,0
train_898.jpg,train,0
train_899.jpg,train,0
train_900.jpg,train,0
train_901.jpg,train,0
train_902.jpg,train,0
train_903.jpg,train,0
train_904.jpg,train,0
train_905.jpg,train,0
train_906.jpg,train,0
train_907.jpg,train,0
train_908.jpg,train,0
train_909.jpg,train,0
train_910.jpg,train,0
train_911.jpg,train,0
train_912.jpg,train,0
train_913.jpg,train,0
train_914.jpg,train,0
train_915.jpg,train,0
train_916.jpg,train,0
train_917.jpg,train,0
train_918.jpg,train,0
train_919.jpg,train,0
train_920.jpg,train,0
train_921.jpg,train,0
train_922.jpg,train,0
train_923.jpg,train,0
train_924.jpg,train,0
train_925.jpg,train,0
train_926.jpg,train,0
train_927.jpg,train,0
train_928.jpg,train,0
train_929.jpg,train,0
train_930.jpg,train,0
train_931.jpg,train,0
train_932.jpg,train,0
train_933.jpg,train,0
train_934.jpg,train,0
train_935.jpg,train,0
train_936.jpg,train,0
train_937.jpg,train,0
train_938.jpg,train,0
train_939.jpg,train,0
train_940.jpg,train,0
train_941.jpg,train,0
train_942.jpg,train,0
train_943.jpg,train,0
train_944.jpg,train,0
train_945.jpg,train,0
train_946.jpg,train,0
train_947.jpg,train,0
train_948.jpg,train,0
train_949.jpg,train,0
train_950.jpg,train,0
train_951.jpg,train,0
train_952.jpg,train,0
train_953.jpg,train,0
train_954.jpg,train,0
train_955.jpg,train,0
train_956.jpg,train,0
train_957.jpg,train,0
train_958.jpg,train,0
train_959.jpg,train,0
train_960.jpg,train,0
train_961.jpg,train,0
train_962.jpg,train,0
train_963.jpg,train,0
train_964.jpg,train,0
train_965.jpg,train,0
train_966.jpg,train,0
train_967.jpg,train,0
train_968.jpg,train,0
train_969.jpg,train,0
train_970.jpg,train,0
train_971.jpg,train,0
train_972.jpg,train,0
train_973.jpg,train,0
train_974.jpg,train,0
train_975.jpg,train,0
train_976.jpg,train,0
train_977.jpg,train,0
train_978.jpg,train,0
train_979.jpg,train,0
train_980.jpg,train,0
train_981.jpg,train,0
train_982.jpg,train,0
train_983.jpg,train,0
train_984.jpg,train,0
train_985.jpg,train,0
train_986.jpg,train,0
train_987.jpg,train,0
train_988.jpg,train,0
train_989.jpg,train,0
train_990.jpg,train,0
train_991.jpg,train,0
train_992.jpg,train,0
train_993.jpg,train,0
train_994.jpg,train,0
train_995.jpg,train,0
train_996.jpg,train,0
train_997.jpg,train,0
train_998.jpg,train,0
train_999.jpg,train,0
train_1000.jpg,train,0
train_1001.jpg,train,0
train_1002.jpg,train,0
train_1003.jpg,train,0
train_1004.jpg,train,0
train_1005.jpg,train,0
train_1006.jpg,train,0
train_1007.jpg,train,0
train_1008.jpg,train,0
train_1009.jpg,train,0
train_1010.jpg,train,0
train_1011.jpg,train,0
train_1012.jpg,train,0
train_1013.jpg,train,0
train_1014.jpg,train,0
train_1015.jpg,train,0
train_1016.jpg,train,0
train_1017.jpg,train,0
train_1018.jpg,train,0
train_1019.jpg,train,0
train_1020.jpg,train,0
train_1021.jpg,train,0
train_1022.jpg,train,0
train_1023.jpg,train,0
train_1024.jpg,train,0
train_1025.jpg,train,0
train_1026.jpg,train,0
train_1027.jpg,train,0
train_1028.jpg,train,0
train_1029.jpg,train,0
train_1030.jpg,train,0
train_1031.jpg,train,0
train_1032.jpg,train,0
train_1033.jpg,train,0
train_1034.jpg,train,0
train_1035.jpg,train,0
train_1036.jpg,train,0
train_1037.jpg,train,0
train_1038.jpg,train,0
train_1039.jpg,train,0
train_1040.jpg,train,0
train_1041.jpg,train,0
train_1042.jpg,train,0
train_1043.jpg,train,0
train_1044.jpg,train,0
train_1045.jpg,train,0
train_1046.jpg,train,0
train_1047.jpg,train,0
train_1048.jpg,train,0
train_1049.jpg,train,0
train_1050.jpg,train,0
train_1051.jpg,train,0
train_1052.jpg,train,0
train_1053.jpg,train,0
train_1054.jpg,train,0
train_1055.jpg,train,0
train_1056.jpg,train,0
train_1057.jpg,train,0
train_1058.jpg,train,0
train_1059.jpg,train,0
train_1060.jpg,train,0
train_1061.jpg,train,0
train_1062.jpg,train,0
train_1063.jpg,train,0
train_1064.jpg,train,0
train_1065.jpg,train,0
train_1066.jpg,train,0
train_1067.jpg,train,0
train_1068.jpg,train,0
train_1069.jpg,train,0
train_1070.jpg,train,0
train_1071.jpg,train,0
train_1072.jpg,train,0
train_1073.jpg,train,0
train_1074.jpg,train,0
train_1075.jpg,train,0
train_1076.jpg,train,0
train_1077.jpg,train,0
train_1078.jpg,train,0
train_1079.jpg,train,0
train_1080.jpg,train,0
train_1081.jpg,train,0
train_1082.jpg,train,0
train_1083.jpg,train,0
train_1084.jpg,train,0
train_1085.jpg,train,0
train_1086.jpg,train,0
train_1087.jpg,train,0
train_1088.jpg,train,0
train_1089.jpg,train,0
train_1090.jpg,train,0
train_1091.jpg,train,0
train_1092.jpg,train,0
train_1093.jpg,train,0
train_1094.jpg,train,0
train_1095.jpg,train,0
train_1096.jpg,train,0
train_1097.jpg,train,0
train_1098.jpg,train,0
train_1099.jpg,train,0
train_1100.jpg,train,0
train_1101.jpg,train,0
train_1102.jpg,train,0
train_1103.jpg,train,0
train_1104.jpg,train,0
train_1105.jpg,train,0
train_1106.jpg,train,0
train_1107.jpg,train,0
train_1108.jpg,train,0
train_1109.jpg,train,0
train_1110.jpg,train,0
train_1111.jpg,train,0
train_1112.jpg,train,0
train_1113.jpg,train,0
train_1114.jpg,train,0
train_1115.jpg,train,0
train_1116.jpg,train,0
train_1117.jpg,train,0
train_1118.jpg,train,0
train_1119.jpg,train,0
train_1120.jpg,train,0
train_1121.jpg,train,0
train_1122.jpg,train,0
train_1123.jpg,train,0
train_1124.jpg,train,0
train_1125.jpg,train,0
train_1126.jpg,train,0
train_1127.jpg,train,0
train_1128.jpg,train,0
train_1129.jpg,train,0
train_1130.jpg,train,0
train_1131.jpg,train,0
train_1132.jpg,train,0
train_1133.jpg,train,0
train_1134.jpg,train,0
train_1135.jpg,train,0
train_1136.jpg,train,0
train_1137.jpg,train,0
train_1138.jpg,train,0
train_1139.jpg,train,0
train_1140.jpg,train,0
train_1141.jpg,train,0
train_1142.jpg,train,0
train_1143.jpg,train,0
train_1144.jpg,train,0
train_1145.jpg,train,0
train_1146.jpg,train,0
train_1147.jpg,train,0
train_1148.jpg,train,0
train_1149.jpg,train,0
train_1150.jpg,train,0
train_1151.jpg,train,0
train_1152.jpg,train,0
train_1153.jpg,train,0
train_1154.jpg,train,0
train_1155.jpg,train,0
train_1156.jpg,train,0
train_1157.jpg,train,0
train_1158.jpg,train,0
train_1159.jpg,train,0
train_1160.jpg,train,0
train_1161.jpg,train,0
train_1162.jpg,train,0
train_1163.jpg,train,0
train_1164.jpg,train,0
train_1165.jpg,train,0
train_1166.jpg,train,0
train_1167.jpg,train,0
train_1168.jpg,train,0
train_1169.jpg,train,0
train_1170.jpg,train,0
train_1171.jpg,train,0
train_1172.jpg,train,0
train_1173.jpg,train,0
train_1174.jpg,train,0
train_1175.jpg,train,0
train_1176.jpg,train,0
train_1177.jpg,train,0
train_1178.jpg,train,0
train_1179.jpg,train,0
train_1180.jpg,train,0
train_1181.jpg,train,0
train_1182.jpg,train,0
train_1183.jpg,train,0
train_1184.jpg,train,0
train_1185.jpg,train,0
train_1186.jpg,train,0
train_1187.jpg,train,0
train_1188.jpg,train,0
train_1189.jpg,train,0
train_1190.jpg,train,0
train_1191.jpg,train,0
train_1192.jpg,train,0
train_1193.jpg,train,0
train_1194.jpg,train,0
train_1195.jpg,train,0
train_1196.jpg,train,0
train_1197.jpg,train,0
train_1198.jpg,train,0
train_1199.jpg,train,0
train_1200.jpg,train,0
train_1201.jpg,train,0
train_1202.jpg,train,0
train_1203.jpg,train,0
train_1204.jpg,train,0
train_1205.jpg,train,0
train_1206.jpg,train,0
train_1207.jpg,train,0
train_1208.jpg,train,0
train_1209.jpg,train,0
train_1210.jpg,train,0
train_1211.jpg,train,0
train_1212.jpg,train,0
train_1213.jpg,train,0
train_1214.jpg,train,0
train_1215.jpg,train,0
train_1216.jpg,train,0
train_1217.jpg,train,0
train_1218.jpg,train,0
train_1219.jpg,train,0
train_1220.jpg,train,0
train_1221.jpg,train,0
train_1222.jpg,train,0
train_1223.jpg,train,0
train_1224.jpg,train,0
train_1225.jpg,train,0
train_1226.jpg,train,0
train_1227.jpg,train,0
train_1228.jpg,train,0
train_1229.jpg,train,0
train_1230.jpg,train,0
train_1231.jpg,train,0
train_1232.jpg,train,0
train_1233.jpg,train,0
train_1234.jpg,train,0
train_1235.jpg,train,0
train_1236.jpg,train,0
train_1237.jpg,train,0
train_1238.jpg,train,0
train_1239.jpg,train,0
train_1240.jpg,train,0
train_1241.jpg,train,0
train_1242.jpg,train,0
train_1243.jpg,train,0
train_1244.jpg,train,0
train_1245.jpg,train,0
train_1246.jpg,train,0
train_1247.jpg,train,0
train_1248.jpg,train,0
train_1249.jpg,train,0
train_1250.jpg,train,0
train_1251.jpg,train,0
train_1252.jpg,train,0
train_1253.jpg,train,0
train_1254.jpg,train,0
train_1255.jpg,train,0
train_1256.jpg,train,0
train_1257.jpg,train,0
train_1258.jpg,train,0
train_1259.jpg,train,0
train_1260.jpg,train,0
train_1261.jpg,train,0
train_1262.jpg,train,0
train_1263.jpg,train,0
train_1264.jpg,train,0
train_1265.jpg,train,0
train_1266.jpg,train,0
train_1267.jpg,train,0
train_1268.jpg,train,0
train_1269.jpg,train,0
train_1270.jpg,train,0
train_1271.jpg,train,0
train_1272.jpg,train,0
train_1273.jpg,train,0
train_1274.jpg,train,0
train_1275.jpg,train,0
train_1276.jpg,train,0
train_1277.jpg,train,0
train_1278.jpg,train,0
train_1279.jpg,train,0
train_1280.jpg,train,0
train_1281.jpg,train,0
train_1282.jpg,train,0
train_1283.jpg,train,0
train_1284.jpg,train,0
train_1285.jpg,train,0
train_1286.jpg,train,0
train_1287.jpg,train,0
train_1288.jpg,train,0
train_1289.jpg,train,0
train_1290.jpg,train,0
train_1291.jpg,train,0
train_1292.jpg,train,0
train_1293.jpg,train,0
train_1294.jpg,train,0
train_1295.jpg,train,0
train_1296.jpg,train,0
train_1297.jpg,train,0
train_1298.jpg,train,0
train_1299.jpg,train,0
train_1300.jpg,train,0
train_1301.jpg,train,0
train_1302.jpg,train,0
train_1303.jpg,train,0
train_1304.jpg,train,0
train_1305.jpg,train,0
train_1306.jpg,train,0
train_1307.jpg,train,0
train_1308.jpg,train,0
train_1309.jpg,train,0
train_1310.jpg,train,0
train_1311.jpg,train,0
train_1312.jpg,train,0
train_1313.jpg,train,0
train_1314.jpg,train,0
train_1315.jpg,train,0
train_1316.jpg,train,0
train_1317.jpg,train,0
train_1318.jpg,train,0
train_1319.jpg,train,0
train_1320.jpg,train,0
train_1321.jpg,train,0
train_1322.jpg,train,0
train_1323.jpg,train,0
train_1324.jpg,train,0
train_1325.jpg,train,0
train_1326.jpg,train,0
train_1327.jpg,train,0
train_1328.jpg,train,0
train_1329.jpg,train,0
train_1330.jpg,train,0
train_1331.jpg,train,0
train_1332.jpg,train,0
train_1333.jpg,train,0
train_1334.jpg,train,0
train_1335.jpg,train,0
train_1336.jpg,train,0
train_1337.jpg,train,0
train_1338.jpg,train,0
train_1339.jpg,train,0
train_1340.jpg,train,0
train_1341.jpg,train,0
train_1342.jpg,train,0
train_1343.jpg,train,0
train_1344.jpg,train,0
train_1345.jpg,train,0
train_1346.jpg,train,0
train_1347.jpg,train,0
train_1348.jpg,train,0
train_1349.jpg,train,0
train_1350.jpg,train,0
train_1351.jpg,train,0
train_1352.jpg,train,0
train_1353.jpg,train,0
train_1354.jpg,train,0
train_1355.jpg,train,0
train_1356.jpg,train,0
train_1357.jpg,train,0
train_1358.jpg,train,0
train_1359.jpg,train,0
train_1360.jpg,train,0
train_1361.jpg,train,0
train_1362.jpg,train,0
train_1363.jpg,train,0
train_1364.jpg,train,0
train_1365.jpg,train,0
train_1366.jpg,train,0
train_1367.jpg,train,0
train_1368.jpg,train,0
train_1369.jpg,train,0
train_1370.jpg,train,0
train_1371.jpg,train,0
train_1372.jpg,train,0
train_1373.jpg,train,0
train_1374.jpg,train,0
train_1375.jpg,train,0
train_1376.jpg,train,0
train_1377.jpg,train,0
train_1378.jpg,train,0
train_1379.jpg,train,0
train_1380.jpg,train,0
train_1381.jpg,train,0
train_1382.jpg,train,0
train_1383.jpg,train,0
train_1384.jpg,train,0
train_1385.jpg,train,0
train_1386.jpg,train,0
train_1387.jpg,train,0
train_1388.jpg,train,0
train_1389.jpg,train,0
train_1390.jpg,train,0
train_1391.jpg,train,0
train_1392.jpg,train,0
train_1393.jpg,train,0
train_1394.jpg,train,0
train_1395.jpg,train,0
train_1396.jpg,train,0
train_1397.jpg,train,0
train_1398.jpg,train,0
train_1399.jpg,train,0
train_1400.jpg,train,0
train_1401.jpg,train,0
train_1402.jpg,train,0
train_1403.jpg,train,0
train_1404.jpg,train,0
train_1405.jpg,train,0
train_1406.jpg,train,0
train_1407.jpg,train,0
train_1408.jpg,train,0
train_1409.jpg,train,0
train_1410.jpg,train,0
train_1411.jpg,train,0
train_1412.jpg,train,0
train_1413.jpg,train,0
train_1414.jpg,train,0
train_1415.jpg,train,0
train_1416.jpg,train,0
train_1417.jpg,train,0
train_1418.jpg,train,0
train_1419.jpg,train,0
train_1420.jpg,train,0
train_1421.jpg,train,0
train_1422.jpg,train,0
train_1423.jpg,train,0
train_1424.jpg,train,0
train_1425.jpg,train,0
train_1426.jpg,train,0
train_1427.jpg,train,0
train_1428.jpg,train,0
train_1429.jpg,train,0
train_1430.jpg,train,0
train_1431.jpg,train,0
train_1432.jpg,train,0
train_1433.jpg,train,0
train_1434.jpg,train,0
train_1435.jpg,train,0
train_1436.jpg,train,0
train_1437.jpg,train,0
train_1438.jpg,train,0
train_1439.jpg,train,0
train_1440.jpg,train,0
train_1441.jpg,train,0
train_1442.jpg,train,0
train_1443.jpg,train,0
train_1444.jpg,train,0
train_1445.jpg,train,0
train_1446.jpg,train,0
train_1447.jpg,train,0
train_1448.jpg,train,0
train_1449.jpg,train,0
train_1450.jpg,train,0
train_1451.jpg,train,0
train_1452.jpg,train,0
train_1453.jpg,train,0
train_1454.jpg,train,0
train_1455.jpg,train,0
train_1456.jpg,train,0
train_1457.jpg,train,0
train_1458.jpg,train,0
train_1459.jpg,train,0
train_1460.jpg,train,0
train_1461.jpg,train,0
train_1462.jpg,train,0
train_1463.jpg,train,0
train_1464.jpg,train,0
train_1465.jpg,train,0
train_1466.jpg,train,0
train_1467.jpg,train,0
train_1468.jpg,train,0
train_1469.jpg,train,0
train_1470.jpg,train,0
train_1471.jpg,train,0
train_1472.jpg,train,0
train_1473.jpg,train,0
train_1474.jpg,train,0
train_1475.jpg,train,0
train_1476.jpg,train,0
train_1477.jpg,train,0
train_1478.jpg,train,0
train_1479.jpg,train,0
train_1480.jpg,train,0
train_1481.jpg,train,0
train_1482.jpg,train,0
train_1483.jpg,train,0
train_1484.jpg,train,0
train_1485.jpg,train,0
train_1486.jpg,train,0
train_1487.jpg,train,0
train_1488.jpg,train,0
train_1489.jpg,train,0
train_1490.jpg,train,0
train_1491.jpg,train,0
train_1492.jpg,train,0
train_1493.jpg,train,0
train_1494.jpg,train,0
train_1495.jpg,train,0
train_1496.jpg,train,0
train_1497.jpg,train,0
train_1498.jpg,train,0
train_1499.jpg,train,0
train_1500.jpg,train,0
train_1501.jpg,train,0
train_1502.jpg,train,0
train_1503.jpg,train,0
train_1504.jpg,train,0
train_1505.jpg,train,0
train_1506.jpg,train,0
train_1507.jpg,train,0
train_1508.jpg,train,0
train_1509.jpg,train,0
train_1510.jpg,train,0
train_1511.jpg,train,0
train_1512.jpg,train,0
train_1513.jpg,train,0
train_1514.jpg,train,0
train_1515.jpg,train,0
train_1516.jpg,train,0
train_1517.jpg,train,0
train_1518.jpg,train,0
train_1519.jpg,train,0
train_1520.jpg,train,0
train_1521.jpg,train,0
train_1522.jpg,train,0
train_1523.jpg,train,0
train_1524.jpg,train,0
train_1525.jpg,train,0
train_1526.jpg,train,0
train_1527.jpg,train,0
train_1528.jpg,train,0
train_1529.jpg,train,0
train_1530.jpg,train,0
train_1531.jpg,train,0
train_1532.jpg,train,0
train_1533.jpg,train,0
train_1534.jpg,train,0
train_1535.jpg,train,0
train_1536.jpg,train,0
train_1537.jpg,train,0
train_1538.jpg,train,0
train_1539.jpg,train,0
train_1540.jpg,train,0
train_1541.jpg,train,0
train_1542.jpg,train,0
train_1543.jpg,train,0
train_1544.jpg,train,0
train_1545.jpg,train,0
train_1546.jpg,train,0
train_1547.jpg,train,0
train_1548.jpg,train,0
train_1549.jpg,train,0
train_1550.jpg,train,0
train_1551.jpg,train,0
train_1552.jpg,train,0
train_1553.jpg,train,0
train_1554.jpg,train,0
train_1555.jpg,train,0
train_1556.jpg,train,0
train_1557.jpg,train,0
train_1558.jpg,train,0
train_1559.jpg,train,0
train_1560.jpg,train,0
train_1561.jpg,train,0
train_1562.jpg,train,0
train_1563.jpg,train,0
train_1564.jpg,train,0
train_1565.jpg,train,0
train_1566.jpg,train,0
train_1567.jpg,train,0
train_1568.jpg,train,0
train_1569.jpg,train,0
train_1570.jpg,train,0
train_1571.jpg,train,0
train_1572.jpg,train,0
train_1573.jpg,train,0
train_1574.jpg,train,0
train_1575.jpg,train,0
train_1576.jpg,train,0
train_1577.jpg,train,0
train_1578.jpg,train,0
train_1579.jpg,train,0
train_1580.jpg,train,0
train_1581.jpg,train,0
train_1582.jpg,train,0
train_1583.jpg,train,0
train_1584.jpg,train,0
train_1585.jpg,train,0
train_1586.jpg,train,0
train_1587.jpg,train,0
train_1588.jpg,train,0
train_1589.jpg,train,0
train_1590.jpg,train,0
train_1591.jpg,train,0
train_1592.jpg,train,0
train_1593.jpg,train,0
train_1594.jpg,train,0
train_1595.jpg,train,0
train_1596.jpg,train,0
train_1597.jpg,train,0
train_1598.jpg,train,0
train_1599.jpg,train,0
train_1600.jpg,train,0
train_1601.jpg,train,0
train_1602.jpg,train,0
train_1603.jpg,train,0
train_1604.jpg,train,0
train_1605.jpg,train,0
train_1606.jpg,train,0
train_1607.jpg,train,0
train_1608.jpg,train,0
train_1609.jpg,train,0
train_1610.jpg,train,0
train_1611.jpg,train,0
train_1612.jpg,train,0
train_1613.jpg,train,0
train_1614.jpg,train,0
train_1615.jpg,train,0
train_1616.jpg,train,0
train_1617.jpg,train,0
train_1618.jpg,train,0
train_1619.jpg,train,0
train_1620.jpg,train,0
train_1621.jpg,train,0
train_1622.jpg,train,0
train_1623.jpg,train,0
train_1624.jpg,train,0
train_1625.jpg,train,0
train_1626.jpg,train,0
train_1627.jpg,train,0
train_1628.jpg,train,0
train_1629.jpg,train,0
train_1630.jpg,train,0
train_1631.jpg,train,0
train_1632.jpg,train,0
train_1633.jpg,train,0
train_1634.jpg,train,0
train_1635.jpg,train,0
train_1636.jpg,train,0
train_1637.jpg,train,0
train_1638.jpg,train,0
train_1639.jpg,train,0
train_1640.jpg,train,0
train_1641.jpg,train,0
train_1642.jpg,train,0
train_1643.jpg,train,0
train_1644.jpg,train,0
train_1645.jpg,train,0
train_1646.jpg,train,0
train_1647.jpg,train,0
train_1648.jpg,train,0
train_1649.jpg,train,0
train_1650.jpg,train,0
train_1651.jpg,train,0
train_1652.jpg,train,0
train_1653.jpg,train,0
train_1654.jpg,train,0
train_1655.jpg,train,0
train_1656.jpg,train,0
train_1657.jpg,train,0
train_1658.jpg,train,0
train_1659.jpg,train,0
train_1660.jpg,train,0
train_1661.jpg,train,0
train_1662.jpg,train,0
train_1663.jpg,train,0
train_1664.jpg,train,0
train_1665.jpg,train,0
train_1666.jpg,train,0
train_1667.jpg,train,0
train_1668.jpg,train,0
train_1669.jpg,train,0
train_1670.jpg,train,0
train_1671.jpg,train,0
train_1672.jpg,train,0
train_1673.jpg,train,0
train_1674.jpg,train,0
train_1675.jpg,train,0
train_1676.jpg,train,0
train_1677.jpg,train,0
train_1678.jpg,train,0
train_1679.jpg,train,0
train_1680.jpg,train,0
train_1681.jpg,train,0
train_1682.jpg,train,0
train_1683.jpg,train,0
train_1684.jpg,train,0
train_1685.jpg,train,0
train_1686.jpg,train,0
train_1687.jpg,train,0
train_1688.jpg,train,0
train_1689.jpg,train,0
train_1690.jpg,train,0
train_1691.jpg,train,0
train_1692.jpg,train,0
train_1693.jpg,train,0
train_1694.jpg,train,0
train_1695.jpg,train,0
train_1696.jpg,train,0
train_1697.jpg,train,0
train_1698.jpg,train,0
train_1699.jpg,train,0
train_1700.jpg,train,0
train_1701.jpg,train,0
train_1702.jpg,train,0
train_1703.jpg,train,0
train_1704.jpg,train,0
train_1705.jpg,train,0
train_1706.jpg,train,0
train_1707.jpg,train,0
train_1708.jpg,train,0
train_1709.jpg,train,0
train_1710.jpg,train,0
train_1711.jpg,train,0
train_1712.jpg,train,0
train_1713.jpg,train,0
train_1714.jpg,train,0
train_1715.jpg,train,0
train_1716.jpg,train,0
train_1717.jpg,train,0
train_1718.jpg,train,0
train_1719.jpg,train,0
train_1720.jpg,train,0
train_1721.jpg,train,0
train_1722.jpg,train,0
train_1723.jpg,train,0
train_1724.jpg,train,0
train_1725.jpg,train,0
train_1726.jpg,train,0
train_1727.jpg,train,0
train_1728.jpg,train,0
train_1729.jpg,train,0
train_1730.jpg,train,0
train_1731.jpg,train,0
train_1732.jpg,train,0
train_1733.jpg,train,0
train_1734.jpg,train,0
train_1735.jpg,train,0
train_1736.jpg,train,0
train_1737.jpg,train,0
train_1738.jpg,train,0
train_1739.jpg,train,0
train_1740.jpg,train,0
train_1741.jpg,train,0
train_1742.jpg,train,0
train_1743.jpg,train,0
train_1744.jpg,train,0
train_1745.jpg,train,0
train_1746.jpg,train,0
train_1747.jpg,train,0
train_1748.jpg,train,0
train_1749.jpg,train,0
train_1750.jpg,train,0
train_1751.jpg,train,0
train_1752.jpg,train,0
train_1753.jpg,train,0
train_1754.jpg,train,0
train_1755.jpg,train,0
train_1756.jpg,train,0
train_1757.jpg,train,0
train_1758.jpg,train,0
train_1759.jpg,train,0
train_1760.jpg,train,0
train_1761.jpg,train,0
train_1762.jpg,train,0
train_1763.jpg,train,0
train_1764.jpg,train,0
train_1765.jpg,train,0
train_1766.jpg,train,0
train_1767.jpg,train,0
train_1768.jpg,train,0
train_1769.jpg,train,0
train_1770.jpg,train,0
train_1771.jpg,train,0
train_1772.jpg,train,0
train_1773.jpg,train,0
train_1774.jpg,train,0
train_1775.jpg,train,0
train_1776.jpg,train,0
train_1777.jpg,train,0
train_1778.jpg,train,0
train_1779.jpg,train,0
train_1780.jpg,train,0
train_1781.jpg,train,0
train_1782.jpg,train,0
train_1783.jpg,train,0
train_1784.jpg,train,0
train_1785.jpg,train,0
train_1786.jpg,train,0
train_1787.jpg,train,0
train_1788.jpg,train,0
train_1789.jpg,train,0
train_1790.jpg,train,0
train_1791.jpg,train,0
train_1792.jpg,train,0
train_1793.jpg,train,0
train_1794.jpg,train,0
train_1795.jpg,train,0
train_1796.jpg,train,0
train_1797.jpg,train,0
train_1798.jpg,train,0
train_1799.jpg,train,0
train_1800.jpg,train,0
train_1801.jpg,train,0
train_1802.jpg,train,0
train_1803.jpg,train,0
train_1804.jpg,train,0
train_1805.jpg,train,0
train_1806.jpg,train,0
train_1807.jpg,train,0
train_1808.jpg,train,0
train_1809.jpg,train,0
train_1810.jpg,train,0
train_1811.jpg,train,0
train_1812.jpg,train,0
train_1813.jpg,train,0
train_1814.jpg,train,0
train_1815.jpg,train,0
train_1816.jpg,train,0
train_1817.jpg,train,0
train_1818.jpg,train,0
train_1819.jpg,train,0
train_1820.jpg,train,0
train_1821.jpg,train,0
train_1822.jpg,train,0
train_1823.jpg,train,0
train_1824.jpg,train,0
train_1825.jpg,train,0
train_1826.jpg,train,0
train_1827.jpg,train,0
train_1828.jpg,train,0
train_1829.jpg,train,0
train_1830.jpg,train,0
train_1831.jpg,train,0
train_1832.jpg,train,0
train_1833.jpg,train,0
train_1834.jpg,train,0
train_1835.jpg,train,0
train_1836.jpg,train,0
train_1837.jpg,train,0
train_1838.jpg,train,0
train_1839.jpg,train,0
train_1840.jpg,train,0
train_1841.jpg,train,0
train_1842.jpg,train,0
train_1843.jpg,train,0
train_1844.jpg,train,0
train_1845.jpg,train,0
train_1846.jpg,train,0
train_1847.jpg,train,0
train_1848.jpg,train,0
train_1849.jpg,train,0
train_1850.jpg,train,0
train_1851.jpg,train,0
train_1852.jpg,train,0
train_1853.jpg,train,0
train_1854.jpg,train,0
train_1855.jpg,train,0
train_1856.jpg,train,0
train_1857.jpg,train,0
train_1858.jpg,train,0
train_1859.jpg,train,0
train_1860.jpg,train,0
train_1861.jpg,train,0
train_1862.jpg,train,0
train_1863.jpg,train,0
train_1864.jpg,train,0
train_1865.jpg,train,0
train_1866.jpg,train,0
train_1867.jpg,train,0
train_1868.jpg,train,0
train_1869.jpg,train,0
train_1870.jpg,train,0
train_1871.jpg,train,0
train_1872.jpg,train,0
train_1873.jpg,train,0
train_1874.jpg,train,0
train_1875.jpg,train,0
train_1876.jpg,train,0
train_1877.jpg,train,0
train_1878.jpg,train,0
train_1879.jpg,train,0
train_1880.jpg,train,0
train_1881.jpg,train,0
train_1882.jpg,train,0
train_1883.jpg,train,0
train_1884.jpg,train,0
train_1885.jpg,train,0
train_1886.jpg,train,0
train_1887.jpg,train,0
train_1888.jpg,train,0
train_1889.jpg,train,0
train_1890.jpg,train,0
train_1891.jpg,train,0
train_1892.jpg,train,0
train_1893.jpg,train,0
train_1894.jpg,train,0
train_1895.jpg,train,0
train_1896.jpg,train,0
train_1897.jpg,train,0
train_1898.jpg,train,0
train_1899.jpg,train,0
train_1900.jpg,train,0
train_1901.jpg,train,0
train_1902.jpg,train,0
train_1903.jpg,train,0
train_1904.jpg,train,0
train_1905.jpg,train,0
train_1906.jpg,train,0
train_1907.jpg,train,0
train_1908.jpg,train,0
train_1909.jpg,train,0
train_1910.jpg,train,0
train_1911.jpg,train,0
train_1912.jpg,train,0
train_1913.jpg,train,0
train_1914.jpg,train,0
train_1915.jpg,train,0
train_1916.jpg,train,0
train_1917.jpg,train,0
train_1918.jpg,train,0
train_1919.jpg,train,0
train_1920.jpg,train,0
train_1921.jpg,train,0
train_1922.jpg,train,0
train_1923.jpg,train,0
train_1924.jpg,train,0
train_1925.jpg,train,0
train_1926.jpg,train,0
train_1927.jpg,train,0
train_1928.jpg,train,0
train_1929.jpg,train,0
train_1930.jpg,train,0
train_1931.jpg,train,0
train_1932.jpg,train,0
train_1933.jpg,train,0
train_1934.jpg,train,0
train_1935.jpg,train,0
train_1936.jpg,train,0
train_1937.jpg,train,0
train_1938.jpg,train,0
train_1939.jpg,train,0
train_1940.jpg,train,0
train_1941.jpg,train,0
train_1942.jpg,train,0
train_1943.jpg,train,0
train_1944.jpg,train,0
train_1945.jpg,train,0
train_1946.jpg,train,0
train_1947.jpg,train,0
train_1948.jpg,train,0
train_1949.jpg,train,0
train_1950.jpg,train,0
train_1951.jpg,train,0
train_1952.jpg,train,0
train_1953.jpg,train,0
train_1954.jpg,train,0
train_1955.jpg,train,0
train_1956.jpg,train,0
train_1957.jpg,train,0
train_1958.jpg,train,0
train_1959.jpg,train,0
train_1960.jpg,train,0
train_1961.jpg,train,0
train_1962.jpg,train,0
train_1963.jpg,train,0
train_1964.jpg,train,0
train_1965.jpg,train,0
train_1966.jpg,train,0
train_1967.jpg,train,0
train_1968.jpg,train,0
train_1969.jpg,train,0
train_1970.jpg,train,0
train_1971.jpg,train,0
train_1972.jpg,train,0
train_1973.jpg,train,0
train_1974.jpg,train,0
train_1975.jpg,train,0
train_1976.jpg,train,0
train_1977.jpg,train,0
train_1978.jpg,train,0
train_1979.jpg,train,0
train_1980.jpg,train,0
train_1981.jpg,train,0
train_1982.jpg,train,0
train_1983.jpg,train,0
train_1984.jpg,train,0
train_1985.jpg,train,0
train_1986.jpg,train,0
train_1987.jpg,train,0
train_1988.jpg,train,0
train_1989.jpg,train,0
train_1990.jpg,train,0
train_1991.jpg,train,0
train_1992.jpg,train,0
train_1993.jpg,train,0
train_1994.jpg,train,0
train_1995.jpg,train,0
train_1996.jpg,train,0
train_1997.jpg,train,0
train_1998.jpg,train,0
train_1999.jpg,train,0
train_2000.jpg,train,0
train_2001.jpg,train,0
train_2002.jpg,train,0
train_2003.jpg,train,0
train_2004.jpg,train,0
train_2005.jpg,train,0
train_2006.jpg,train,0
train_2007.jpg,train,0
train_2008.jpg,train,0
train_2009.jpg,train,0
train_2010.jpg,train,0
train_2011.jpg,train,0
train_2012.jpg,train,0
train_2013.jpg,train,0
train_2014.jpg,train,0
train_2015.jpg,train,0
train_2016.jpg,train,0
train_2017.jpg,train,0
train_2018.jpg,train,0
train_2019.jpg,train,0
train_2020.jpg,train,0
train_2021.jpg,train,0
train_2022.jpg,train,0
train_2023.jpg,train,0
train_2024.jpg,train,0
train_2025.jpg,train,0
train_2026.jpg,train,0
train_2027.jpg,train,0
train_2028.jpg,train,0
train_2029.jpg,train,0
train_2030.jpg,train,0
train_2031.jpg,train,0
train_2032.jpg,train,0
train_2033.jpg,train,0
train_2034.jpg,train,0
train_2035.jpg,train,0
train_2036.jpg,train,0
train_2037.jpg,train,0
train_2038.jpg,train,0
train_2039.jpg,train,0
train_2040.jpg,train,0
train_2041.jpg,train,0
train_2042.jpg,train,0
train_2043.jpg,train,0
train_2044.jpg,train,0
train_2045.jpg,train,0
train_2046.jpg,train,0
train_2047.jpg,train,0
train_2048.jpg,train,0
train_2049.jpg,train,0
train_2050.jpg,train,0
train_2051.jpg,train,0
train_2052.jpg,train,0
train_2053.jpg,train,0
train_2054.jpg,train,0
train_2055.jpg,train,0
train_2056.jpg,train,0
train_2057.jpg,train,0
train_2058.jpg,train,0
train_2059.jpg,train,0
train_2060.jpg,train,0
train_2061.jpg,train,0
train_2062.jpg,train,0
train_2063.jpg,train,0
train_2064.jpg,train,0
train_2065.jpg,train,0
train_2066.jpg,train,0
train_2067.jpg,train,0
train_2068.jpg,train,0
train_2069.jpg,train,0
train_2070.jpg,train,0
train_2071.jpg,train,0
train_2072.jpg,train,0
train_2073.jpg,train,0
train_2074.jpg,train,0
train_2075.jpg,train,0
train_2076.jpg,train,0
train_2077.jpg,train,0
train_2078.jpg,train,0
train_2079.jpg,train,0
train_2080.jpg,train,0
train_2081.jpg,train,0
train_2082.jpg,train,0
train_2083.jpg,train,0
train_2084.jpg,train,0
train_2085.jpg,train,0
train_2086.jpg,train,0
train_2087.jpg,train,0
train_2088.jpg,train,0
train_2089.jpg,train,0
train_2090.jpg,train,0
train_2091.jpg,train,0
train_2092.jpg,train,0
train_2093.jpg,train,0
train_2094.jpg,train,0
train_2095.jpg,train,0
train_2096.jpg,train,0
train_2097.jpg,train,0
train_2098.jpg,train,0
train_2099.jpg,train,0
train_2100.jpg,train,0
train_2101.jpg,train,0
train_2102.jpg,train,0
train_2103.jpg,train,0
train_2104.jpg,train,0
train_2105.jpg,train,0
train_2106.jpg,train,0
train_2107.jpg,train,0
train_2108.jpg,train,0
train_2109.jpg,train,0
train_2110.jpg,train,0
train_2111.jpg,train,0
train_2112.jpg,train,0
train_2113.jpg,train,0
train_2114.jpg,train,0
train_2115.jpg,train,0
train_2116.jpg,train,0
train_2117.jpg,train,0
train_2118.jpg,train,0
train_2119.jpg,train,0
train_2120.jpg,train,0
train_2121.jpg,train,0
train_2122.jpg,train,0
train_2123.jpg,train,0
train_2124.jpg,train,0
train_2125.jpg,train,0
train_2126.jpg,train,0
train_2127.jpg,train,0
train_2128.jpg,train,0
train_2129.jpg,train,0
train_2130.jpg,train,0
train_2131.jpg,train,0
train_2132.jpg,train,0
train_2133.jpg,train,0
train_2134.jpg,train,0
train_2135.jpg,train,0
train_2136.jpg,train,0
train_2137.jpg,train,0
train_2138.jpg,train,0
train_2139.jpg,train,0
train_2140.jpg,train,0
train_2141.jpg,train,0
train_2142.jpg,train,0
train_2143.jpg,train,0
train_2144.jpg,train,0
train_2145.jpg,train,0
train_2146.jpg,train,0
train_2147.jpg,train,0
train_2148.jpg,train,0
train_2149.jpg,train,0
train_2150.jpg,train,0
train_2151.jpg,train,0
train_2152.jpg,train,0
train_2153.jpg,train,0
train_2154.jpg,train,0
train_2155.jpg,train,0
train_2156.jpg,train,0
train_2157.jpg,train,0
train_2158.jpg,train,0
train_2159.jpg,train,0
train_2160.jpg,train,0
train_2161.jpg,train,0
train_2162.jpg,train,0
train_2163.jpg,train,0
train_2164.jpg,train,0
train_2165.jpg,train,0
train_2166.jpg,train,0
train_2167.jpg,train,0
train_2168.jpg,train,0
train_2169.jpg,train,0
train_2170.jpg,train,0
train_2171.jpg,train,0
train_2172.jpg,train,0
train_2173.jpg,train,0
train_2174.jpg,train,0
train_2175.jpg,train,0
train_2176.jpg,train,0
train_2177.jpg,train,0
train_2178.jpg,train,0
train_2179.jpg,train,0
train_2180.jpg,train,0
train_2181.jpg,train,0
train_2182.jpg,train,0
train_2183.jpg,train,0
train_2184.jpg,train,0
train_2185.jpg,train,0
train_2186.jpg,train,0
train_2187.jpg,train,0
train_2188.jpg,train,0
train_2189.jpg,train,0
train_2190.jpg,train,0
train_2191.jpg,train,0
train_2192.jpg,train,0
train_2193.jpg,train,0
train_2194.jpg,train,0
train_2195.jpg,train,0
train_2196.jpg,train,0
train_2197.jpg,train,0
train_2198.jpg,train,0
train_2199.jpg,train,0
train_2200.jpg,train,0
train_2201.jpg,train,0
train_2202.jpg,train,0
train_2203.jpg,train,0
train_2204.jpg,train,0
train_2205.jpg,train,0
train_2206.jpg,train,0
train_2207.jpg,train,0
train_2208.jpg,train,0
train_2209.jpg,train,0
train_2210.jpg,train,0
train_2211.jpg,train,0
train_2212.jpg,train,0
train_2213.jpg,train,0
train_2214.jpg,train,0
train_2215.jpg,train,0
train_2216.jpg,train,0
train_2217.jpg,train,0
train_2218.jpg,train,0
train_2219.jpg,train,0
train_2220.jpg,train,0
train_2221.jpg,train,0
train_2222.jpg,train,0
train_2223.jpg,train,0
train_2224.jpg,train,0
train_2225.jpg,train,0
train_2226.jpg,train,0
train_2227.jpg,train,0
train_2228.jpg,train,0
train_2229.jpg,train,0
train_2230.jpg,train,0
train_2231.jpg,train,0
train_2232.jpg,train,0
train_2233.jpg,train,0
train_2234.jpg,train,0
train_2235.jpg,train,0
train_2236.jpg,train,0
train_2237.jpg,train,0
train_2238.jpg,train,0
train_2239.jpg,train,0
train_2240.jpg,train,0
train_2241.jpg,train,0
train_2242.jpg,train,0
train_2243.jpg,train,0
train_2244.jpg,train,0
train_2245.jpg,train,0
train_2246.jpg,train,0
train_2247.jpg,train,0
train_2248.jpg,train,0
train_2249.jpg,train,0
train_2250.jpg,train,0
train_2251.jpg,train,0
train_2252.jpg,train,0
train_2253.jpg,train,0
train_2254.jpg,train,0
train_2255.jpg,train,0
train_2256.jpg,train,0
train_2257.jpg,train,0
train_2258.jpg,train,0
train_2259.jpg,train,0
train_2260.jpg,train,0
train_2261.jpg,train,0
train_2262.jpg,train,0
train_2263.jpg,train,0
train_2264.jpg,train,0
train_2265.jpg,train,0
train_2266.jpg,train,0
train_2267.jpg,train,0
train_2268.jpg,train,0
train_2269.jpg,train,0
train_2270.jpg,train,0
train_2271.jpg,train,0
train_2272.jpg,train,0
train_2273.jpg,train,0
train_2274.jpg,train,0
train_2275.jpg,train,0
train_2276.jpg,train,0
train_2277.jpg,train,0
train_2278.jpg,train,0
train_2279.jpg,train,0
train_2280.jpg,train,0
train_2281.jpg,train,0
train_2282.jpg,train,0
train_2283.jpg,train,0
train_2284.jpg,train,0
train_2285.jpg,train,0
train_2286.jpg,train,0
train_2287.jpg,train,0
train_2288.jpg,train,0
train_2289.jpg,train,0
train_2290.jpg,train,0
train_2291.jpg,train,0
train_2292.jpg,train,0
train_2293.jpg,train,0
train_2294.jpg,train,0
train_2295.jpg,train,0
train_2296.jpg,train,0
train_2297.jpg,train,0
train_2298.jpg,train,0
train_2299.jpg,train,0
train_2300.jpg,train,0
train_2301.jpg,train,0
train_2302.jpg,train,0
train_2303.jpg,train,0
train_2304.jpg,train,0
train_2305.jpg,train,0
train_2306.jpg,train,0
train_2307.jpg,train,0
train_2308.jpg,train,0
train_2309.jpg,train,0
train_2310.jpg,train,0
train_2311.jpg,train,0
train_2312.jpg,train,0
train_2313.jpg,train,0
train_2314.jpg,train,0
train_2315.jpg,train,0
train_2316.jpg,train,0
train_2317.jpg,train,0
train_2318.jpg,train,0
train_2319.jpg,train,0
train_2320.jpg,train,0
train_2321.jpg,train,0
train_2322.jpg,train,0
train_2323.jpg,train,0
train_2324.jpg,train,0
train_2325.jpg,train,0
train_2326.jpg,train,0
train_2327.jpg,train,0
train_2328.jpg,train,0
train_2329.jpg,train,0
train_2330.jpg,train,0
train_2331.jpg,train,0
train_2332.jpg,train,0
train_2333.jpg,train,0
train_2334.jpg,train,0
train_2335.jpg,train,0
train_2336.jpg,train,0
train_2337.jpg,train,0
train_2338.jpg,train,0
train_2339.jpg,train,0
train_2340.jpg,train,0
train_2341.jpg,train,0
train_2342.jpg,train,0
train_2343.jpg,train,0
train_2344.jpg,train,0
train_2345.jpg,train,0
train_2346.jpg,train,0
train_2347.jpg,train,0
train_2348.jpg,train,0
train_2349.jpg,train,0
train_2350.jpg,train,0
train_2351.jpg,train,0
train_2352.jpg,train,0
train_2353.jpg,train,0
train_2354.jpg,train,0
train_2355.jpg,train,0
train_2356.jpg,train,0
train_2357.jpg,train,0
train_2358.jpg,train,0
train_2359.jpg,train,0
train_2360.jpg,train,0
train_2361.jpg,train,0
train_2362.jpg,train,0
train_2363.jpg,train,0
train_2364.jpg,train,0
train_2365.jpg,train,0
train_2366.jpg,train,0
train_2367.jpg,train,0
train_2368.jpg,train,0
train_2369.jpg,train,0
train_2370.jpg,train,0
train_2371.jpg,train,0
train_2372.jpg,train,0
train_2373.jpg,train,0
train_2374.jpg,train,0
train_2375.jpg,train,0
train_2376.jpg,train,0
train_2377.jpg,train,0
train_2378.jpg,train,0
train_2379.jpg,train,0
train_2380.jpg,train,0
train_2381.jpg,train,0
train_2382.jpg,train,0
train_2383.jpg,train,0
train_2384.jpg,train,0
train_2385.jpg,train,0
train_2386.jpg,train,0
train_2387.jpg,train,0
train_2388.jpg,train,0
train_2389.jpg,train,0
train_2390.jpg,train,0
train_2391.jpg,train,0
train_2392.jpg,train,0
train_2393.jpg,train,0
train_2394.jpg,train,0
train_2395.jpg,train,0
train_2396.jpg,train,0
train_2397.jpg,train,0
train_2398.jpg,train,0
train_2399.jpg,train,0
train_2400.jpg,train,0
train_2401.jpg,train,0
train_2402.jpg,train,0
train_2403.jpg,train,0
train_2404.jpg,train,0
train_2405.jpg,train,0
train_2406.jpg,train,0
train_2407.jpg,train,0
train_2408.jpg,train,0
train_2409.jpg,train,0
train_2410.jpg,train,0
train_2411.jpg,train,0
train_2412.jpg,train,0
train_2413.jpg,train,0
train_2414.jpg,train,0
train_2415.jpg,train,0
train_2416.jpg,train,0
train_2417.jpg,train,0
train_2418.jpg,train,0
train_2419.jpg,train,0
train_2420.jpg,train,0
train_2421.jpg,train,0
train_2422.jpg,train,0
train_2423.jpg,train,0
train_2424.jpg,train,0
train_2425.jpg,train,0
train_2426.jpg,train,0
train_2427.jpg,train,0
train_2428.jpg,train,0
train_2429.jpg,train,0
train_2430.jpg,train,0
train_2431.jpg,train,0
train_2432.jpg,train,0
train_2433.jpg,train,0
train_2434.jpg,train,0
train_2435.jpg,train,0
train_2436.jpg,train,0
train_2437.jpg,train,0
train_2438.jpg,train,0
train_2439.jpg,train,0
train_2440.jpg,train,0
train_2441.jpg,train,0
train_2442.jpg,train,0
train_2443.jpg,train,0
train_2444.jpg,train,0
train_2445.jpg,train,0
train_2446.jpg,train,0
train_2447.jpg,train,0
train_2448.jpg,train,0
train_2449.jpg,train,0
train_2450.jpg,train,0
train_2451.jpg,train,0
train_2452.jpg,train,0
train_2453.jpg,train,0
train_2454.jpg,train,0
train_2455.jpg,train,0
train_2456.jpg,train,0
train_2457.jpg,train,0
train_2458.jpg,train,0
train_2459.jpg,train,0
train_2460.jpg,train,0
train_2461.jpg,train,0
train_2462.jpg,train,0
train_2463.jpg,train,0
train_2464.jpg,train,0
train_2465.jpg,train,0
train_2466.jpg,train,0
train_2467.jpg,train,0
train_2468.jpg,train,0
train_2469.jpg,train,0
train_2470.jpg,train,0
train_2471.jpg,train,0
train_2472.jpg,train,0
train_2473.jpg,train,0
train_2474.jpg,train,0
train_2475.jpg,train,0
train_2476.jpg,train,0
train_2477.jpg,train,0
train_2478.jpg,train,0
train_2479.jpg,train,0
train_2480.jpg,train,0
train_2481.jpg,train,0
train_2482.jpg,train,0
train_2483.jpg,train,0
train_2484.jpg,train,0
train_2485.jpg,train,0
train_2486.jpg,train,0
train_2487.jpg,train,0
train_2488.jpg,train,0
train_2489.jpg,train,0
train_2490.jpg,train,0
train_2491.jpg,train,0
train_2492.jpg,train,0
train_2493.jpg,train,0
train_2494.jpg,train,0
train_2495.jpg,train,0
train_2496.jpg,train,0
train_2497.jpg,train,0
train_2498.jpg,train,0
train_2499.jpg,train,0
train_2500.jpg,train,0
train_2501.jpg,train,0
train_2502.jpg,train,0
train_2503.jpg,train,0
train_2504.jpg,train,0
train_2505.jpg,train,0
train_2506.jpg,train,0
train_2507.jpg,train,0
train_2508.jpg,train,0
train_2509.jpg,train,0
train_2510.jpg,train,0
train_2511.jpg,train,0
train_2512.jpg,train,0
train_2513.jpg,train,0
train_2514.jpg,train,0
train_2515.jpg,train,0
train_2516.jpg,train,0
train_2517.jpg,train,0
train_2518.jpg,train,0
train_2519.jpg,train,0
train_2520.jpg,train,0
train_2521.jpg,train,0
train_2522.jpg,train,0
train_2523.jpg,train,0
train_2524.jpg,train,0
train_2525.jpg,train,0
train_2526.jpg,train,0
train_2527.jpg,train,0
train_2528.jpg,train,0
train_2529.jpg,train,0
train_2530.jpg,train,0
train_2531.jpg,train,0
train_2532.jpg,train,0
train_2533.jpg,train,0
train_2534.jpg,train,0
train_2535.jpg,train,0
train_2536.jpg,train,0
train_2537.jpg,train,0
train_2538.jpg,train,0
train_2539.jpg,train,0
train_2540.jpg,train,0
train_2541.jpg,train,0
train_2542.jpg,train,0
train_2543.jpg,train,0
train_2544.jpg,train,0
train_2545.jpg,train,0
train_2546.jpg,train,0
train_2547.jpg,train,0
train_2548.jpg,train,0
train_2549.jpg,train,0
train_2550.jpg,train,0
train_2551.jpg,train,0
train_2552.jpg,train,0
train_2553.jpg,train,0
train_2554.jpg,train,0
train_2555.jpg,train,0
train_2556.jpg,train,0
train_2557.jpg,train,0
train_2558.jpg,train,0
train_2559.jpg,train,0
train_2560.jpg,train,0
train_2561.jpg,train,0
train_2562.jpg,train,0
train_2563.jpg,train,0
train_2564.jpg,train,0
train_2565.jpg,train,0
train_2566.jpg,train,0
train_2567.jpg,train,0
train_2568.jpg,train,0
train_2569.jpg,train,0
train_2570.jpg,train,0
train_2571.jpg,train,0
train_2572.jpg,train,0
train_2573.jpg,train,0
train_2574.jpg,train,0
train_2575.jpg,train,0
train_2576.jpg,train,0
train_2577.jpg,train,0
train_2578.jpg,train,0
train_2579.jpg,train,0
train_2580.jpg,train,0
train_2581.jpg,train,0
train_2582.jpg,train,0
train_2583.jpg,train,0
train_2584.jpg,train,0
train_2585.jpg,train,0
train_2586.jpg,train,0
train_2587.jpg,train,0
train_2588.jpg,train,0
train_2589.jpg,train,0
train_2590.jpg,train,0
train_2591.jpg,train,0
train_2592.jpg,train,0
train_2593.jpg,train,0
train_2594.jpg,train,0
train_2595.jpg,train,0
train_2596.jpg,train,0
train_2597.jpg,train,0
train_2598.jpg,train,0
train_2599.jpg,train,0
train_2600.jpg,train,0
train_2601.jpg,train,0
train_2602.jpg,train,0
train_2603.jpg,train,0
train_2604.jpg,train,0
train_2605.jpg,train,0
train_2606.jpg,train,0
train_2607.jpg,train,0
train_2608.jpg,train,0
train_2609.jpg,train,0
train_2610.jpg,train,0
train_2611.jpg,train,0
train_2612.jpg,train,0
train_2613.jpg,train,0
train_2614.jpg,train,0
train_2615.jpg,train,0
train_2616.jpg,train,0
train_2617.jpg,train,0
train_2618.jpg,train,0
train_2619.jpg,train,0
train_2620.jpg,train,0
train_2621.jpg,train,0
train_2622.jpg,train,0
train_2623.jpg,train,0
train_2624.jpg,train,0
train_2625.jpg,train,0
train_2626.jpg,train,0
train_2627.jpg,train,0
train_2628.jpg,train,0
train_2629.jpg,train,0
train_2630.jpg,train,0
train_2631.jpg,train,0
train_2632.jpg,train,0
train_2633.jpg,train,0
train_2634.jpg,train,0
train_2635.jpg,train,0
train_2636.jpg,train,0
train_2637.jpg,train,0
train_2638.jpg,train,0
train_2639.jpg,train,0
train_2640.jpg,train,0
train_2641.jpg,train,0
train_2642.jpg,train,0
train_2643.jpg,train,0
train_2644.jpg,train,0
train_2645.jpg,train,0
train_2646.jpg,train,0
train_2647.jpg,train,0
train_2648.jpg,train,0
train_2649.jpg,train,0
train_2650.jpg,train,0
train_2651.jpg,train,0
train_2652.jpg,train,0
train_2653.jpg,train,0
train_2654.jpg,train,0
train_2655.jpg,train,0
train_2656.jpg,train,0
train_2657.jpg,train,0
train_2658.jpg,train,0
train_2659.jpg,train,0
train_2660.jpg,train,0
train_2661.jpg,train,0
train_2662.jpg,train,0
train_2663.jpg,train,0
train_2664.jpg,train,0
train_2665.jpg,train,0
train_2666.jpg,train,0
train_2667.jpg,train,0
train_2668.jpg,train,0
train_2669.jpg,train,0
train_2670.jpg,train,0
train_2671.jpg,train,0
train_2672.jpg,train,0
train_2673.jpg,train,0
train_2674.jpg,train,0
train_2675.jpg,train,0
train_2676.jpg,train,0
train_2677.jpg,train,0
train_2678.jpg,train,0
train_2679.jpg,train,0
train_2680.jpg,train,0
train_2681.jpg,train,0
train_2682.jpg,train,0
train_2683.jpg,train,0
train_2684.jpg,train,0
train_2685.jpg,train,0
train_2686.jpg,train,0
train_2687.jpg,train,0
train_2688.jpg,train,0
train_2689.jpg,train,0
train_2690.jpg,train,0
train_2691.jpg,train,0
train_2692.jpg,train,0
train_2693.jpg,train,0
train_2694.jpg,train,0
train_2695.jpg,train,0
train_2696.jpg,train,0
train_2697.jpg,train,0
train_2698.jpg,train,0
train_2699.jpg,train,0
train_2700.jpg,train,0
train_2701.jpg,train,0
train_2702.jpg,train,0
train_2703.jpg,train,0
train_2704.jpg,train,0
train_2705.jpg,train,0
train_2706.jpg,train,0
train_2707.jpg,train,0
train_2708.jpg,train,0
train_2709.jpg,train,0
train_2710.jpg,train,0
train_2711.jpg,train,0
train_2712.jpg,train,0
train_2713.jpg,train,0
train_2714.jpg,train,0
train_2715.jpg,train,0
train_2716.jpg,train,0
train_2717.jpg,train,0
train_2718.jpg,train,0
train_2719.jpg,train,0
train_2720.jpg,train,0
train_2721.jpg,train,0
train_2722.jpg,train,0
train_2723.jpg,train,0
train_2724.jpg,train,0
train_2725.jpg,train,0
train_2726.jpg,train,0
train_2727.jpg,train,0
train_2728.jpg,train,0
train_2729.jpg,train,0
train_2730.jpg,train,0
train_2731.jpg,train,0
train_2732.jpg,train,0
train_2733.jpg,train,0
train_2734.jpg,train,0
train_2735.jpg,train,0
train_2736.jpg,train,0
train_2737.jpg,train,0
train_2738.jpg,train,0
train_2739.jpg,train,0
train_2740.jpg,train,0
train_2741.jpg,train,0
train_2742.jpg,train,0
train_2743.jpg,train,0
train_2744.jpg,train,0
train_2745.jpg,train,0
train_2746.jpg,train,0
train_2747.jpg,train,0
train_2748.jpg,train,0
train_2749.jpg,train,0
train_2750.jpg,train,0
train_2751.jpg,train,0
train_2752.jpg,train,0
train_2753.jpg,train,0
train_2754.jpg,train,0
train_2755.jpg,train,0
train_2756.jpg,train,0
train_2757.jpg,train,0
train_2758.jpg,train,0
train_2759.jpg,train,0
train_2760.jpg,train,0
train_2761.jpg,train,0
train_2762.jpg,train,0
train_2763.jpg,train,0
train_2764.jpg,train,0
train_2765.jpg,train,0
train_2766.jpg,train,0
train_2767.jpg,train,0
train_2768.jpg,train,0
train_2769.jpg,train,0
train_2770.jpg,train,0
train_2771.jpg,train,0
train_2772.jpg,train,0
train_2773.jpg,train,0
train_2774.jpg,train,0
train_2775.jpg,train,0
train_2776.jpg,train,0
train_2777.jpg,train,0
train_2778.jpg,train,0
train_2779.jpg,train,0
train_2780.jpg,train,0
train_2781.jpg,train,0
train_2782.jpg,train,0
train_2783.jpg,train,0
train_2784.jpg,train,0
train_2785.jpg,train,0
train_2786.jpg,train,0
train_2787.jpg,train,0
train_2788.jpg,train,0
train_2789.jpg,train,0
train_2790.jpg,train,0
train_2791.jpg,train,0
train_2792.jpg,train,0
train_2793.jpg,train,0
train_2794.jpg,train,0
train_2795.jpg,train,0
train_2796.jpg,train,0
train_2797.jpg,train,0
train_2798.jpg,train,0
train_2799.jpg,train,0
train_2800.jpg,train,0
train_2801.jpg,train,0
train_2802.jpg,train,0
train_2803.jpg,train,0
train_2804.jpg,train,0
train_2805.jpg,train,0
train_2806.jpg,train,0
train_2807.jpg,train,0
train_2808.jpg,train,0
train_2809.jpg,train,0
train_2810.jpg,train,0
train_2811.jpg,train,0
train_2812.jpg,train,0
train_2813.jpg,train,0
train_2814.jpg,train,0
train_2815.jpg,train,0
train_2816.jpg,train,0
train_2817.jpg,train,0
train_2818.jpg,train,0
train_2819.jpg,train,0
train_2820.jpg,train,0
train_2821.jpg,train,0
train_2822.jpg,train,0
train_2823.jpg,train,0
train_2824.jpg,train,0
train_2825.jpg,train,0
train_2826.jpg,train,0
train_2827.jpg,train,0
train_2828.jpg,train,0
train_2829.jpg,train,0
train_2830.jpg,train,0
train_2831.jpg,train,0
train_2832.jpg,train,0
train_2833.jpg,train,0
train_2834.jpg,train,0
train_2835.jpg,train,0
train_2836.jpg,train,0
train_2837.jpg,train,0
train_2838.jpg,train,0
train_2839.jpg,train,0
train_2840.jpg,train,0
train_2841.jpg,train,0
train_2842.jpg,train,0
train_2843.jpg,train,0
train_2844.jpg,train,0
train_2845.jpg,train,0
train_2846.jpg,train,0
train_2847.jpg,train,0
train_2848.jpg,train,0
train_2849.jpg,train,0
train_2850.jpg,train,0
train_2851.jpg,train,0
train_2852.jpg,train,0
train_2853.jpg,train,0
train_2854.jpg,train,0
train_2855.jpg,train,0
train_2856.jpg,train,0
train_2857.jpg,train,0
train_2858.jpg,train,0
train_2859.jpg,train,0
train_2860.jpg,train,0
train_2861.jpg,train,0
train_2862.jpg,train,0
train_2863.jpg,train,0
train_2864.jpg,train,0
train_2865.jpg,train,0
train_2866.jpg,train,0
train_2867.jpg,train,0
train_2868.jpg,train,0
train_2869.jpg,train,0
train_2870.jpg,train,0
train_2871.jpg,train,0
train_2872.jpg,train,0
train_2873.jpg,train,0
train_2874.jpg,train,0
train_2875.jpg,train,0
train_2876.jpg,train,0
train_2877.jpg,train,0
train_2878.jpg,train,0
train_2879.jpg,train,0
train_2880.jpg,train,0
train_2881.jpg,train,0
train_2882.jpg,train,0
train_2883.jpg,train,0
train_2884.jpg,train,0
train_2885.jpg,train,0
train_2886.jpg,train,0
train_2887.jpg,train,0
train_2888.jpg,train,0
train_2889.jpg,train,0
train_2890.jpg,train,0
train_2891.jpg,train,0
train_2892.jpg,train,0
train_2893.jpg,train,0
train_2894.jpg,train,0
train_2895.jpg,train,0
train_2896.jpg,train,0
train_2897.jpg,train,0
train_2898.jpg,train,0
train_2899.jpg,train,0
train_2900.jpg,train,0
train_2901.jpg,train,0
train_2902.jpg,train,0
train_2903.jpg,train,0
train_2904.jpg,train,0
train_2905.jpg,train,0
train_2906.jpg,train,0
train_2907.jpg,train,0
train_2908.jpg,train,0
train_2909.jpg,train,0
train_2910.jpg,train,0
train_2911.jpg,train,0
train_2912.jpg,train,0
train_2913.jpg,train,0
train_2914.jpg,train,0
train_2915.jpg,train,0
train_2916.jpg,train,0
train_2917.jpg,train,0
train_2918.jpg,train,0
train_2919.jpg,train,0
train_2920.jpg,train,0
train_2921.jpg,train,0
train_2922.jpg,train,0
train_2923.jpg,train,0
train_2924.jpg,train,0
train_2925.jpg,train,0
train_2926.jpg,train,0
train_2927.jpg,train,0
train_2928.jpg,train,0
train_2929.jpg,train,0
train_2930.jpg,train,0
train_2931.jpg,train,0
train_2932.jpg,train,0
train_2933.jpg,train,0
train_2934.jpg,train,0
train_2935.jpg,train,0
train_2936.jpg,train,0
train_2937.jpg,train,0
train_2938.jpg,train,0
train_2939.jpg,train,0
train_2940.jpg,train,0
train_2941.jpg,train,0
train_2942.jpg,train,0
train_2943.jpg,train,0
train_2944.jpg,train,0
train_2945.jpg,train,0
train_2946.jpg,train,0
train_2947.jpg,train,0
train_2948.jpg,train,0
train_2949.jpg,train,0
train_2950.jpg,train,0
train_2951.jpg,train,0
train_2952.jpg,train,0
train_2953.jpg,train,0
train_2954.jpg,train,0
train_2955.jpg,train,0
train_2956.jpg,train,0
train_2957.jpg,train,0
train_2958.jpg,train,0
train_2959.jpg,train,0
train_2960.jpg,train,0
train_2961.jpg,train,0
train_2962.jpg,train,0
train_2963.jpg,train,0
train_2964.jpg,train,0
train_2965.jpg,train,0
train_2966.jpg,train,0
train_2967.jpg,train,0
train_2968.jpg,train,0
train_2969.jpg,train,0
train_2970.jpg,train,0
train_2971.jpg,train,0
train_2972.jpg,train,0
train_2973.jpg,train,0
train_2974.jpg,train,0
train_2975.jpg,train,0
train_2976.jpg,train,0
train_2977.jpg,train,0
train_2978.jpg,train,0
train_2979.jpg,train,0
train_2980.jpg,train,0
train_2981.jpg,train,0
train_2982.jpg,train,0
train_2983.jpg,train,0
train_2984.jpg,train,0
train_2985.jpg,train,0
train_2986.jpg,train,0
train_2987.jpg,train,0
train_2988.jpg,train,0
train_2989.jpg,train,0
train_2990.jpg,train,0
train_2991.jpg,train,0
train_2992.jpg,train,0
train_2993.jpg,train,0
train_2994.jpg,train,0
train_2995.jpg,train,0
train_2996.jpg,train,0
train_2997.jpg,train,0
train_2998.jpg,train,0
train_2999.jpg,train,0
train_3000.jpg,train,0
train_3001.jpg,train,0
train_3002.jpg,train,0
train_3003.jpg,train,0
train_3004.jpg,train,0
train_3005.jpg,train,0
train_3006.jpg,train,0
train_3007.jpg,train,0
train_3008.jpg,train,0
train_3009.jpg,train,0
train_3010.jpg,train,0
train_3011.jpg,train,0
train_3012.jpg,train,0
train_3013.jpg,train,0
train_3014.jpg,train,0
train_3015.jpg,train,0
train_3016.jpg,train,0
train_3017.jpg,train,0
train_3018.jpg,train,0
train_3019.jpg,train,0
train_3020.jpg,train,0
train_3021.jpg,train,0
train_3022.jpg,train,0
train_3023.jpg,train,0
train_3024.jpg,train,0
train_3025.jpg,train,0
train_3026.jpg,train,0
train_3027.jpg,train,0
train_3028.jpg,train,0
train_3029.jpg,train,0
train_3030.jpg,train,0
train_3031.jpg,train,0
train_3032.jpg,train,0
train_3033.jpg,train,0
train_3034.jpg,train,0
train_3035.jpg,train,0
train_3036.jpg,train,0
train_3037.jpg,train,0
train_3038.jpg,train,0
train_3039.jpg,train,0
train_3040.jpg,train,0
train_3041.jpg,train,0
train_3042.jpg,train,0
train_3043.jpg,train,0
train_3044.jpg,train,0
train_3045.jpg,train,0
train_3046.jpg,train,0
train_3047.jpg,train,0
train_3048.jpg,train,0
train_3049.jpg,train,0
train_3050.jpg,train,0
train_3051.jpg,train,0
train_3052.jpg,train,0
train_3053.jpg,train,0
train_3054.jpg,train,0
train_3055.jpg,train,0
train_3056.jpg,train,0
train_3057.jpg,train,0
train_3058.jpg,train,0
train_3059.jpg,train,0
train_3060.jpg,train,0
train_3061.jpg,train,0
train_3062.jpg,train,0
train_3063.jpg,train,0
train_3064.jpg,train,0
train_3065.jpg,train,0
train_3066.jpg,train,0
train_3067.jpg,train,0
train_3068.jpg,train,0
train_3069.jpg,train,0
train_3070.jpg,train,0
train_3071.jpg,train,0
train_3072.jpg,train,0
train_3073.jpg,train,0
train_3074.jpg,train,0
train_3075.jpg,train,0
train_3076.jpg,train,0
train_3077.jpg,train,0
train_3078.jpg,train,0
train_3079.jpg,train,0
train_3080.jpg,train,0
train_3081.jpg,train,0
train_3082.jpg,train,0
train_3083.jpg,train,0
train_3084.jpg,train,0
train_3085.jpg,train,0
train_3086.jpg,train,0
train_3087.jpg,train,0
train_3088.jpg,train,0
train_3089.jpg,train,0
train_3090.jpg,train,0
train_3091.jpg,train,0
train_3092.jpg,train,0
train_3093.jpg,train,0
train_3094.jpg,train,0
train_3095.jpg,train,0
train_3096.jpg,train,0
train_3097.jpg,train,0
train_3098.jpg,train,0
train_3099.jpg,train,0
train_3100.jpg,train,0
train_3101.jpg,train,0
train_3102.jpg,train,0
train_3103.jpg,train,0
train_3104.jpg,train,0
train_3105.jpg,train,0
train_3106.jpg,train,0
train_3107.jpg,train,0
train_3108.jpg,train,0
train_3109.jpg,train,0
train_3110.jpg,train,0
train_3111.jpg,train,0
train_3112.jpg,train,0
train_3113.jpg,train,0
train_3114.jpg,train,0
train_3115.jpg,train,0
train_3116.jpg,train,0
train_3117.jpg,train,0
train_3118.jpg,train,0
train_3119.jpg,train,0
train_3120.jpg,train,0
train_3121.jpg,train,0
train_3122.jpg,train,0
train_3123.jpg,train,0
train_3124.jpg,train,0
train_3125.jpg,train,0
train_3126.jpg,train,0
train_3127.jpg,train,0
train_3128.jpg,train,0
train_3129.jpg,train,0
train_3130.jpg,train,0
train_3131.jpg,train,0
train_3132.jpg,train,0
train_3133.jpg,train,0
train_3134.jpg,train,0
train_3135.jpg,train,0
train_3136.jpg,train,0
train_3137.jpg,train,0
train_3138.jpg,train,0
train_3139.jpg,train,0
train_3140.jpg,train,0
train_3141.jpg,train,0
train_3142.jpg,train,0
train_3143.jpg,train,0
train_3144.jpg,train,0
train_3145.jpg,train,0
train_3146.jpg,train,0
train_3147.jpg,train,0
train_3148.jpg,train,0
train_3149.jpg,train,0
train_3150.jpg,train,0
train_3151.jpg,train,0
train_3152.jpg,train,0
train_3153.jpg,train,0
train_3154.jpg,train,0
train_3155.jpg,train,0
train_3156.jpg,train,0
train_3157.jpg,train,0
train_3158.jpg,train,0
train_3159.jpg,train,0
train_3160.jpg,train,0
train_3161.jpg,train,0
train_3162.jpg,train,0
train_3163.jpg,train,0
train_3164.jpg,train,0
train_3165.jpg,train,0
train_3166.jpg,train,0
train_3167.jpg,train,0
train_3168.jpg,train,0
train_3169.jpg,train,0
train_3170.jpg,train,0
train_3171.jpg,train,0
train_3172.jpg,train,0
train_3173.jpg,train,0
train_3174.jpg,train,0
train_3175.jpg,train,0
train_3176.jpg,train,0
train_3177.jpg,train,0
train_3178.jpg,train,0
train_3179.jpg,train,0
train_3180.jpg,train,0
train_3181.jpg,train,0
train_3182.jpg,train,0
train_3183.jpg,train,0
train_3184.jpg,train,0
train_3185.jpg,train,0
train_3186.jpg,train,0
train_3187.jpg,train,0
train_3188.jpg,train,0
train_3189.jpg,train,0
train_3190.jpg,train,0
train_3191.jpg,train,0
train_3192.jpg,train,0
train_3193.jpg,train,0
train_3194.jpg,train,0
train_3195.jpg,train,0
train_3196.jpg,train,0
train_3197.jpg,train,0
train_3198.jpg,train,0
train_3199.jpg,train,0
train_3200.jpg,train,0
train_3201.jpg,train,0
train_3202.jpg,train,0
train_3203.jpg,train,0
train_3204.jpg,train,0
train_3205.jpg,train,0
train_3206.jpg,train,0
train_3207.jpg,train,0
train_3208.jpg,train,0
train_3209.jpg,train,0
train_3210.jpg,train,0
train_3211.jpg,train,0
train_3212.jpg,train,0
train_3213.jpg,train,0
train_3214.jpg,train,0
train_3215.jpg,train,0
train_3216.jpg,train,0
train_3217.jpg,train,0
train_3218.jpg,train,0
train_3219.jpg,train,0
train_3220.jpg,train,0
train_3221.jpg,train,0
train_3222.jpg,train,0
train_3223.jpg,train,0
train_3224.jpg,train,0
train_3225.jpg,train,0
train_3226.jpg,train,0
train_3227.jpg,train,0
train_3228.jpg,train,0
train_3229.jpg,train,0
train_3230.jpg,train,0
train_3231.jpg,train,0
train_3232.jpg,train,0
train_3233.jpg,train,0
train_3234.jpg,train,0
train_3235.jpg,train,0
train_3236.jpg,train,0
train_3237.jpg,train,0
train_3238.jpg,train,0
train_3239.jpg,train,0
train_3240.jpg,train,0
train_3241.jpg,train,0
train_3242.jpg,train,0
train_3243.jpg,train,0
train_3244.jpg,train,0
train_3245.jpg,train,0
train_3246.jpg,train,0
train_3247.jpg,train,0
train_3248.jpg,train,0
train_3249.jpg,train,0
train_3250.jpg,train,0
train_3251.jpg,train,0
train_3252.jpg,train,0
train_3253.jpg,train,0
train_3254.jpg,train,0
train_3255.jpg,train,0
train_3256.jpg,train,0
train_3257.jpg,train,0
train_3258.jpg,train,0
train_3259.jpg,train,0
train_3260.jpg,train,0
train_3261.jpg,train,0
train_3262.jpg,train,0
train_3263.jpg,train,0
train_3264.jpg,train,0
train_3265.jpg,train,0
train_3266.jpg,train,0
train_3267.jpg,train,0
train_3268.jpg,train,0
train_3269.jpg,train,0
train_3270.jpg,train,0
train_3271.jpg,train,0
train_3272.jpg,train,0
train_3273.jpg,train,0
train_3274.jpg,train,0
train_3275.jpg,train,0
train_3276.jpg,train,0
train_3277.jpg,train,0
train_3278.jpg,train,0
train_3279.jpg,train,0
train_3280.jpg,train,0
train_3281.jpg,train,0
train_3282.jpg,train,0
train_3283.jpg,train,0
train_3284.jpg,train,0
train_3285.jpg,train,0
train_3286.jpg,train,0
train_3287.jpg,train,0
train_3288.jpg,train,0
train_3289.jpg,train,0
train_3290.jpg,train,0
train_3291.jpg,train,0
train_3292.jpg,train,0
train_3293.jpg,train,0
train_3294.jpg,train,0
train_3295.jpg,train,0
train_3296.jpg,train,0
train_3297.jpg,train,0
train_3298.jpg,train,0
train_3299.jpg,train,0
train_3300.jpg,train,0
train_3301.jpg,train,0
train_3302.jpg,train,0
train_3303.jpg,train,0
train_3304.jpg,train,0
train_3305.jpg,train,0
train_3306.jpg,train,0
train_3307.jpg,train,0
train_3308.jpg,train,0
train_3309.jpg,train,0
train_3310.jpg,train,0
train_3311.jpg,train,0
train_3312.jpg,train,0
train_3313.jpg,train,0
train_3314.jpg,train,0
train_3315.jpg,train,0
train_3316.jpg,train,0
train_3317.jpg,train,0
train_3318.jpg,train,0
train_3319.jpg,train,0
train_3320.jpg,train,0
train_3321.jpg,train,0
train_3322.jpg,train,0
train_3323.jpg,train,0
train_3324.jpg,train,0
train_3325.jpg,train,0
train_3326.jpg,train,0
train_3327.jpg,train,0
train_3328.jpg,train,0
train_3329.jpg,train,0
train_3330.jpg,train,0
train_3331.jpg,train,0
train_3332.jpg,train,0
train_3333.jpg,train,0
train_3334.jpg,train,0
train_3335.jpg,train,0
train_3336.jpg,train,0
train_3337.jpg,train,0
train_3338.jpg,train,0
train_3339.jpg,train,0
train_3340.jpg,train,0
train_3341.jpg,train,0
train_3342.jpg,train,0
train_3343.jpg,train,0
train_3344.jpg,train,0
train_3345.jpg,train,0
train_3346.jpg,train,0
train_3347.jpg,train,0
train_3348.jpg,train,0
train_3349.jpg,train,0
train_3350.jpg,train,0
train_3351.jpg,train,0
train_3352.jpg,train,0
train_3353.jpg,train,0
train_3354.jpg,train,0
train_3355.jpg,train,0
train_3356.jpg,train,0
train_3357.jpg,train,0
train_3358.jpg,train,0
train_3359.jpg,train,0
train_3360.jpg,train,0
train_3361.jpg,train,0
train_3362.jpg,train,0
train_3363.jpg,train,0
train_3364.jpg,train,0
train_3365.jpg,train,0
train_3366.jpg,train,0
train_3367.jpg,train,0
train_3368.jpg,train,0
train_3369.jpg,train,0
train_3370.jpg,train,0
train_3371.jpg,train,0
train_3372.jpg,train,0
train_3373.jpg,train,0
train_3374.jpg,train,0
train_3375.jpg,train,0
train_3376.jpg,train,0
train_3377.jpg,train,0
train_3378.jpg,train,0
train_3379.jpg,train,0
train_3380.jpg,train,0
train_3381.jpg,train,0
train_3382.jpg,train,0
train_3383.jpg,train,0
train_3384.jpg,train,0
train_3385.jpg,train,0
train_3386.jpg,train,0
train_3387.jpg,train,0
train_3388.jpg,train,0
train_3389.jpg,train,0
train_3390.jpg,train,0
train_3391.jpg,train,0
train_3392.jpg,train,0
train_3393.jpg,train,0
train_3394.jpg,train,0
train_3395.jpg,train,0
train_3396.jpg,train,0
train_3397.jpg,train,0
train_3398.jpg,train,0
train_3399.jpg,train,0
train_3400.jpg,train,0
train_3401.jpg,train,0
train_3402.jpg,train,0
train_3403.jpg,train,0
train_3404.jpg,train,0
train_3405.jpg,train,0
train_3406.jpg,train,0
train_3407.jpg,train,0
train_3408.jpg,train,0
train_3409.jpg,train,0
train_3410.jpg,train,0
train_3411.jpg,train,0
train_3412.jpg,train,0
train_3413.jpg,train,0
train_3414.jpg,train,0
train_3415.jpg,train,0
train_3416.jpg,train,0
train_3417.jpg,train,0
train_3418.jpg,train,0
train_3419.jpg,train,0
train_3420.jpg,train,0
train_3421.jpg,train,0
train_3422.jpg,train,0
train_3423.jpg,train,0
train_3424.jpg,train,0
train_3425.jpg,train,0
train_3426.jpg,train,0
train_3427.jpg,train,0
train_3428.jpg,train,0
train_3429.jpg,train,0
train_3430.jpg,train,0
train_3431.jpg,train,0
train_3432.jpg,train,0
train_3433.jpg,train,0
train_3434.jpg,train,0
train_3435.jpg,train,0
train_3436.jpg,train,0
train_3437.jpg,train,0
train_3438.jpg,train,0
train_3439.jpg,train,0
train_3440.jpg,train,0
train_3441.jpg,train,0
train_3442.jpg,train,0
train_3443.jpg,train,0
train_3444.jpg,train,0
train_3445.jpg,train,0
train_3446.jpg,train,0
train_3447.jpg,train,0
train_3448.jpg,train,0
train_3449.jpg,train,0
train_3450.jpg,train,0
train_3451.jpg,train,0
train_3452.jpg,train,0
train_3453.jpg,train,0
train_3454.jpg,train,0
train_3455.jpg,train,0
train_3456.jpg,train,0
train_3457.jpg,train,0
train_3458.jpg,train,0
train_3459.jpg,train,0
train_3460.jpg,train,0
train_3461.jpg,train,0
train_3462.jpg,train,0
train_3463.jpg,train,0
train_3464.jpg,train,0
train_3465.jpg,train,0
train_3466.jpg,train,0
train_3467.jpg,train,0
train_3468.jpg,train,0
train_3469.jpg,train,0
train_3470.jpg,train,0
train_3471.jpg,train,0
train_3472.jpg,train,0
train_3473.jpg,train,0
train_3474.jpg,train,0
train_3475.jpg,train,0
train_3476.jpg,train,0
train_3477.jpg,train,0
train_3478.jpg,train,0
train_3479.jpg,train,0
train_3480.jpg,train,0
train_3481.jpg,train,0
train_3482.jpg,train,0
train_3483.jpg,train,0
train_3484.jpg,train,0
train_3485.jpg,train,0
train_3486.jpg,train,0
train_3487.jpg,train,0
train_3488.jpg,train,0
train_3489.jpg,train,0
train_3490.jpg,train,0
train_3491.jpg,train,0
train_3492.jpg,train,0
train_3493.jpg,train,0
train_3494.jpg,train,0
train_3495.jpg,train,0
train_3496.jpg,train,0
train_3497.jpg,train,0
train_3498.jpg,train,0
train_3499.jpg,train,0
train_3500.jpg,train,0
train_3501.jpg,train,0
train_3502.jpg,train,0
train_3503.jpg,train,0
train_3504.jpg,train,0
train_3505.jpg,train,0
train_3506.jpg,train,0
train_3507.jpg,train,0
train_3508.jpg,train,0
train_3509.jpg,train,0
train_3510.jpg,train,0
train_3511.jpg,train,0
train_3512.jpg,train,0
train_3513.jpg,train,0
train_3514.jpg,train,0
train_3515.jpg,train,0
train_3516.jpg,train,0
train_3517.jpg,train,0
train_3518.jpg,train,0
train_3519.jpg,train,0
train_3520.jpg,train,0
train_3521.jpg,train,0
train_3522.jpg,train,0
train_3523.jpg,train,0
train_3524.jpg,train,0
train_3525.jpg,train,0
train_3526.jpg,train,0
train_3527.jpg,train,0
train_3528.jpg,train,0
train_3529.jpg,train,0
train_3530.jpg,train,0
train_3531.jpg,train,0
train_3532.jpg,train,0
train_3533.jpg,train,0
train_3534.jpg,train,0
train_3535.jpg,train,0
train_3536.jpg,train,0
train_3537.jpg,train,0
train_3538.jpg,train,0
train_3539.jpg,train,0
train_3540.jpg,train,0
train_3541.jpg,train,0
train_3542.jpg,train,0
train_3543.jpg,train,0
train_3544.jpg,train,0
train_3545.jpg,train,0
train_3546.jpg,train,0
train_3547.jpg,train,0
train_3548.jpg,train,0
train_3549.jpg,train,0
train_3550.jpg,train,0
train_3551.jpg,train,0
train_3552.jpg,train,0
train_3553.jpg,train,0
train_3554.jpg,train,0
train_3555.jpg,train,0
train_3556.jpg,train,0
train_3557.jpg,train,0
train_3558.jpg,train,0
train_3559.jpg,train,0
train_3560.jpg,train,0
train_3561.jpg,train,0
train_3562.jpg,train,0
train_3563.jpg,train,0
train_3564.jpg,train,0
train_3565.jpg,train,0
train_3566.jpg,train,0
train_3567.jpg,train,0
train_3568.jpg,train,0
train_3569.jpg,train,0
train_3570.jpg,train,0
train_3571.jpg,train,0
train_3572.jpg,train,0
train_3573.jpg,train,0
train_3574.jpg,train,0
train_3575.jpg,train,0
train_3576.jpg,train,0
train_3577.jpg,train,0
train_3578.jpg,train,0
train_3579.jpg,train,0
train_3580.jpg,train,0
train_3581.jpg,train,0
train_3582.jpg,train,0
train_3583.jpg,train,0
train_3584.jpg,train,0
train_3585.jpg,train,0
train_3586.jpg,train,0
train_3587.jpg,train,0
train_3588.jpg,train,0
train_3589.jpg,train,0
train_3590.jpg,train,0
train_3591.jpg,train,0
train_3592.jpg,train,0
train_3593.jpg,train,0
train_3594.jpg,train,0
train_3595.jpg,train,0
train_3596.jpg,train,0
train_3597.jpg,train,0
train_3598.jpg,train,0
train_3599.jpg,train,0
train_3600.jpg,train,0
train_3601.jpg,train,0
train_3602.jpg,train,0
train_3603.jpg,train,0
train_3604.jpg,train,0
train_3605.jpg,train,0
train_3606.jpg,train,0
train_3607.jpg,train,0
train_3608.jpg,train,0
train_3609.jpg,train,0
train_3610.jpg,train,0
train_3611.jpg,train,0
train_3612.jpg,train,0
train_3613.jpg,train,0
train_3614.jpg,train,0
train_3615.jpg,train,0
train_3616.jpg,train,0
train_3617.jpg,train,0
train_3618.jpg,train,0
train_3619.jpg,train,0
train_3620.jpg,train,0
train_3621.jpg,train,0
train_3622.jpg,train,0
train_3623.jpg,train,0
train_3624.jpg,train,0
train_3625.jpg,train,0
train_3626.jpg,train,0
train_3627.jpg,train,0
train_3628.jpg,train,0
train_3629.jpg,train,0
train_3630.jpg,train,0
train_3631.jpg,train,0
train_3632.jpg,train,0
train_3633.jpg,train,0
train_3634.jpg,train,0
train_3635.jpg,train,0
train_3636.jpg,train,0
train_3637.jpg,train,0
train_3638.jpg,train,0
train_3639.jpg,train,0
train_3640.jpg,train,0
train_3641.jpg,train,0
train_3642.jpg,train,0
train_3643.jpg,train,0
train_3644.jpg,train,0
train_3645.jpg,train,0
train_3646.jpg,train,0
train_3647.jpg,train,0
train_3648.jpg,train,0
train_3649.jpg,train,0
train_3650.jpg,train,0
train_3651.jpg,train,0
train_3652.jpg,train,0
train_3653.jpg,train,0
train_3654.jpg,train,0
train_3655.jpg,train,0
train_3656.jpg,train,0
train_3657.jpg,train,0
train_3658.jpg,train,0
train_3659.jpg,train,0
train_3660.jpg,train,0
train_3661.jpg,train,0
train_3662.jpg,train,0
train_3663.jpg,train,0
train_3664.jpg,train,0
train_3665.jpg,train,0
train_3666.jpg,train,0
train_3667.jpg,train,0
train_3668.jpg,train,0
train_3669.jpg,train,0
train_3670.jpg,train,0
train_3671.jpg,train,0
train_3672.jpg,train,0
train_3673.jpg,train,0
train_3674.jpg,train,0
train_3675.jpg,train,0
train_3676.jpg,train,0
train_3677.jpg,train,0
train_3678.jpg,train,0
train_3679.jpg,train,0
train_3680.jpg,train,0
train_3681.jpg,train,0
train_3682.jpg,train,0
train_3683.jpg,train,0
train_3684.jpg,train,0
train_3685.jpg,train,0
train_3686.jpg,train,0
train_3687.jpg,train,0
train_3688.jpg,train,0
train_3689.jpg,train,0
train_3690.jpg,train,0
train_3691.jpg,train,0
train_3692.jpg,train,0
train_3693.jpg,train,0
train_3694.jpg,train,0
train_3695.jpg,train,0
train_3696.jpg,train,0
train_3697.jpg,train,0
train_3698.jpg,train,0
train_3699.jpg,train,0
train_3700.jpg,train,0
train_3701.jpg,train,0
train_3702.jpg,train,0
train_3703.jpg,train,0
train_3704.jpg,train,0
train_3705.jpg,train,0
train_3706.jpg,train,0
train_3707.jpg,train,0
train_3708.jpg,train,0
train_3709.jpg,train,0
train_3710.jpg,train,0
train_3711.jpg,train,0
train_3712.jpg,train,0
train_3713.jpg,train,0
train_3714.jpg,train,0
train_3715.jpg,train,0
train_3716.jpg,train,0
train_3717.jpg,train,0
train_3718.jpg,train,0
train_3719.jpg,train,0
train_3720.jpg,train,0
train_3721.jpg,train,0
train_3722.jpg,train,0
train_3723.jpg,train,0
train_3724.jpg,train,0
train_3725.jpg,train,0
train_3726.jpg,train,0
train_3727.jpg,train,0
train_3728.jpg,train,0
train_3729.jpg,train,0
train_3730.jpg,train,0
train_3731.jpg,train,0
train_3732.jpg,train,0
train_3733.jpg,train,0
train_3734.jpg,train,0
train_3735.jpg,train,0
train_3736.jpg,train,0
train_3737.jpg,train,0
train_3738.jpg,train,0
train_3739.jpg,train,0
train_3740.jpg,train,0
train_3741.jpg,train,0
train_3742.jpg,train,0
train_3743.jpg,train,0
train_3744.jpg,train,0
train_3745.jpg,train,0
train_3746.jpg,train,0
train_3747.jpg,train,0
train_3748.jpg,train,0
train_3749.jpg,train,0
train_3750.jpg,train,0
train_3751.jpg,train,0
train_3752.jpg,train,0
train_3753.jpg,train,0
train_3754.jpg,train,0
train_3755.jpg,train,0
train_3756.jpg,train,0
train_3757.jpg,train,0
train_3758.jpg,train,0
train_3759.jpg,train,0
train_3760.jpg,train,0
train_3761.jpg,train,0
train_3762.jpg,train,0
train_3763.jpg,train,0
train_3764.jpg,train,0
train_3765.jpg,train,0
train_3766.jpg,train,0
train_3767.jpg,train,0
train_3768.jpg,train,0
train_3769.jpg,train,0
train_3770.jpg,train,0
train_3771.jpg,train,0
train_3772.jpg,train,0
train_3773.jpg,train,0
train_3774.jpg,train,0
train_3775.jpg,train,0
train_3776.jpg,train,0
train_3777.jpg,train,0
train_3778.jpg,train,0
train_3779.jpg,train,0
train_3780.jpg,train,0
train_3781.jpg,train,0
train_3782.jpg,train,0
train_3783.jpg,train,0
train_3784.jpg,train,0
train_3785.jpg,train,0
train_3786.jpg,train,0
train_3787.jpg,train,0
train_3788.jpg,train,0
train_3789.jpg,train,0
train_3790.jpg,train,0
train_3791.jpg,train,0
train_3792.jpg,train,0
train_3793.jpg,train,0
train_3794.jpg,train,0
train_3795.jpg,train,0
train_3796.jpg,train,0
train_3797.jpg,train,0
train_3798.jpg,train,0
train_3799.jpg,train,0
train_3800.jpg,train,0
train_3801.jpg,train,0
train_3802.jpg,train,0
train_3803.jpg,train,0
train_3804.jpg,train,0
train_3805.jpg,train,0
train_3806.jpg,train,0
train_3807.jpg,train,0
train_3808.jpg,train,0
train_3809.jpg,train,0
train_3810.jpg,train,0
train_3811.jpg,train,0
train_3812.jpg,train,0
train_3813.jpg,train,0
train_3814.jpg,train,0
train_3815.jpg,train,0
train_3816.jpg,train,0
train_3817.jpg,train,0
train_3818.jpg,train,0
train_3819.jpg,train,0
train_3820.jpg,train,0
train_3821.jpg,train,0
train_3822.jpg,train,0
train_3823.jpg,train,0
train_3824.jpg,train,0
train_3825.jpg,train,0
train_3826.jpg,train,0
train_3827.jpg,train,0
train_3828.jpg,train,0
train_3829.jpg,train,0
train_3830.jpg,train,0
train_3831.jpg,train,0
train_3832.jpg,train,0
train_3833.jpg,train,0
train_3834.jpg,train,0
train_3835.jpg,train,0
train_3836.jpg,train,0
train_3837.jpg,train,0
train_3838.jpg,train,0
train_3839.jpg,train,0
train_3840.jpg,train,0
train_3841.jpg,train,0
train_3842.jpg,train,0
train_3843.jpg,train,0
train_3844.jpg,train,0
train_3845.jpg,train,0
train_3846.jpg,train,0
train_3847.jpg,train,0
train_3848.jpg,train,0
train_3849.jpg,train,0
train_3850.jpg,train,0
train_3851.jpg,train,0
train_3852.jpg,train,0
train_3853.jpg,train,0
train_3854.jpg,train,0
train_3855.jpg,train,0
train_3856.jpg,train,0
train_3857.jpg,train,0
train_3858.jpg,train,0
train_3859.jpg,train,0
train_3860.jpg,train,0
train_3861.jpg,train,0
train_3862.jpg,train,0
train_3863.jpg,train,0
train_3864.jpg,train,0
train_3865.jpg,train,0
train_3866.jpg,train,0
train_3867.jpg,train,0
train_3868.jpg,train,0
train_3869.jpg,train,0
train_3870.jpg,train,0
train_3871.jpg,train,0
train_3872.jpg,train,0
train_3873.jpg,train,0
train_3874.jpg,train,0
train_3875.jpg,train,0
train_3876.jpg,train,0
train_3877.jpg,train,0
train_3878.jpg,train,0
train_3879.jpg,train,0
train_3880.jpg,train,0
train_3881.jpg,train,0
train_3882.jpg,train,0
train_3883.jpg,train,0
train_3884.jpg,train,0
train_3885.jpg,train,0
train_3886.jpg,train,0
train_3887.jpg,train,0
train_3888.jpg,train,0
train_3889.jpg,train,0
train_3890.jpg,train,0
train_3891.jpg,train,0
train_3892.jpg,train,0
train_3893.jpg,train,0
train_3894.jpg,train,0
train_3895.jpg,train,0
train_3896.jpg,train,0
train_3897.jpg,train,0
train_3898.jpg,train,0
train_3899.jpg,train,0
train_3900.jpg,train,0
train_3901.jpg,train,0
train_3902.jpg,train,0
train_3903.jpg,train,0
train_3904.jpg,train,0
train_3905.jpg,train,0
train_3906.jpg,train,0
train_3907.jpg,train,0
train_3908.jpg,train,0
train_3909.jpg,train,0
train_3910.jpg,train,0
train_3911.jpg,train,0
train_3912.jpg,train,0
train_3913.jpg,train,0
train_3914.jpg,train,0
train_3915.jpg,train,0
train_3916.jpg,train,0
train_3917.jpg,train,0
train_3918.jpg,train,0
train_3919.jpg,train,0
train_3920.jpg,train,0
train_3921.jpg,train,0
train_3922.jpg,train,0
train_3923.jpg,train,0
train_3924.jpg,train,0
train_3925.jpg,train,0
train_3926.jpg,train,0
train_3927.jpg,train,0
train_3928.jpg,train,0
train_3929.jpg,train,0
train_3930.jpg,train,0
train_3931.jpg,train,0
train_3932.jpg,train,0
train_3933.jpg,train,0
train_3934.jpg,train,0
train_3935.jpg,train,0
train_3936.jpg,train,0
train_3937.jpg,train,0
train_3938.jpg,train,0
train_3939.jpg,train,0
train_3940.jpg,train,0
train_3941.jpg,train,0
train_3942.jpg,train,0
train_3943.jpg,train,0
train_3944.jpg,train,0
train_3945.jpg,train,0
train_3946.jpg,train,0
train_3947.jpg,train,0
train_3948.jpg,train,0
train_3949.jpg,train,0
train_3950.jpg,train,0
train_3951.jpg,train,0
train_3952.jpg,train,0
train_3953.jpg,train,0
train_3954.jpg,train,0
train_3955.jpg,train,0
train_3956.jpg,train,0
train_3957.jpg,train,0
train_3958.jpg,train,0
train_3959.jpg,train,0
train_3960.jpg,train,0
train_3961.jpg,train,0
train_3962.jpg,train,0
train_3963.jpg,train,0
train_3964.jpg,train,0
train_3965.jpg,train,0
train_3966.jpg,train,0
train_3967.jpg,train,0
train_3968.jpg,train,0
train_3969.jpg,train,0
train_3970.jpg,train,0
train_3971.jpg,train,0
train_3972.jpg,train,0
train_3973.jpg,train,0
train_3974.jpg,train,0
train_3975.jpg,train,0
train_3976.jpg,train,0
train_3977.jpg,train,0
train_3978.jpg,train,0
train_3979.jpg,train,0
train_3980.jpg,train,0
train_3981.jpg,train,0
train_3982.jpg,train,0
train_3983.jpg,train,0
train_3984.jpg,train,0
train_3985.jpg,train,0
train_3986.jpg,train,0
train_3987.jpg,train,0
train_3988.jpg,train,0
train_3989.jpg,train,0
train_3990.jpg,train,0
train_3991.jpg,train,0
train_3992.jpg,train,0
train_3993.jpg,train,0
train_3994.jpg,train,0
train_3995.jpg,train,0
train_3996.jpg,train,0
train_3997.jpg,train,0
train_3998.jpg,train,0
train_3999.jpg,train,0
train_4000.jpg,train,0
train_4001.jpg,train,0
train_4002.jpg,train,0
train_4003.jpg,train,0
train_4004.jpg,train,0
train_4005.jpg,train,0
train_4006.jpg,train,0
train_4007.jpg,train,0
train_4008.jpg,train,0
train_4009.jpg,train,0
train_4010.jpg,train,0
train_4011.jpg,train,0
train_4012.jpg,train,0
train_4013.jpg,train,0
train_4014.jpg,train,0
train_4015.jpg,train,0
train_4016.jpg,train,0
train_4017.jpg,train,0
train_4018.jpg,train,0
train_4019.jpg,train,0
train_4020.jpg,train,0
train_4021.jpg,train,0
train_4022.jpg,train,0
train_4023.jpg,train,0
train_4024.jpg,train,0
train_4025.jpg,train,0
train_4026.jpg,train,0
train_4027.jpg,train,0
train_4028.jpg,train,0
train_4029.jpg,train,0
train_4030.jpg,train,0
train_4031.jpg,train,0
train_4032.jpg,train,0
train_4033.jpg,train,0
train_4034.jpg,train,0
train_4035.jpg,train,0
train_4036.jpg,train,0
train_4037.jpg,train,0
train_4038.jpg,train,0
train_4039.jpg,train,0
train_4040.jpg,train,0
train_4041.jpg,train,0
train_4042.jpg,train,0
train_4043.jpg,train,0
train_4044.jpg,train,0
train_4045.jpg,train,0
train_4046.jpg,train,0
train_4047.jpg,train,0
train_4048.jpg,train,0
train_4049.jpg,train,0
train_4050.jpg,train,0
train_4051.jpg,train,0
train_4052.jpg,train,0
train_4053.jpg,train,0
train_4054.jpg,train,0
train_4055.jpg,train,0
train_4056.jpg,train,0
train_4057.jpg,train,0
train_4058.jpg,train,0
train_4059.jpg,train,0
train_4060.jpg,train,0
train_4061.jpg,train,0
train_4062.jpg,train,0
train_4063.jpg,train,0
train_4064.jpg,train,0
train_4065.jpg,train,0
train_4066.jpg,train,0
train_4067.jpg,train,0
train_4068.jpg,train,0
train_4069.jpg,train,0
train_4070.jpg,train,0
train_4071.jpg,train,0
train_4072.jpg,train,0
train_4073.jpg,train,0
train_4074.jpg,train,0
train_4075.jpg,train,0
train_4076.jpg,train,0
train_4077.jpg,train,0
train_4078.jpg,train,0
train_4079.jpg,train,0
train_4080.jpg,train,0
train_4081.jpg,train,0
train_4082.jpg,train,0
train_4083.jpg,train,0
train_4084.jpg,train,0
train_4085.jpg,train,0
train_4086.jpg,train,0
train_4087.jpg,train,0
train_4088.jpg,train,0
train_4089.jpg,train,0
train_4090.jpg,train,0
train_4091.jpg,train,0
train_4092.jpg,train,0
train_4093.jpg,train,0
train_4094.jpg,train,0
train_4095.jpg,train,0
train_4096.jpg,train,0
train_4097.jpg,train,0
train_4098.jpg,train,0
train_4099.jpg,train,0
train_4100.jpg,train,0
train_4101.jpg,train,0
train_4102.jpg,train,0
train_4103.jpg,train,0
train_4104.jpg,train,0
train_4105.jpg,train,0
train_4106.jpg,train,0
train_4107.jpg,train,0
train_4108.jpg,train,0
train_4109.jpg,train,0
train_4110.jpg,train,0
train_4111.jpg,train,0
train_4112.jpg,train,0
train_4113.jpg,train,0
train_4114.jpg,train,0
train_4115.jpg,train,0
train_4116.jpg,train,0
train_4117.jpg,train,0
train_4118.jpg,train,0
train_4119.jpg,train,0
train_4120.jpg,train,0
train_4121.jpg,train,0
train_4122.jpg,train,0
train_4123.jpg,train,0
train_4124.jpg,train,0
train_4125.jpg,train,0
train_4126.jpg,train,0
train_4127.jpg,train,0
train_4128.jpg,train,0
train_4129.jpg,train,0
train_4130.jpg,train,0
train_4131.jpg,train,0
train_4132.jpg,train,0
train_4133.jpg,train,0
train_4134.jpg,train,0
train_4135.jpg,train,0
train_4136.jpg,train,0
train_4137.jpg,train,0
train_4138.jpg,train,0
train_4139.jpg,train,0
train_4140.jpg,train,0
train_4141.jpg,train,0
train_4142.jpg,train,0
train_4143.jpg,train,0
train_4144.jpg,train,0
train_4145.jpg,train,0
train_4146.jpg,train,0
train_4147.jpg,train,0
train_4148.jpg,train,0
train_4149.jpg,train,0
train_4150.jpg,train,0
train_4151.jpg,train,0
train_4152.jpg,train,0
train_4153.jpg,train,0
train_4154.jpg,train,0
train_4155.jpg,train,0
train_4156.jpg,train,0
train_4157.jpg,train,0
train_4158.jpg,train,0
train_4159.jpg,train,0
train_4160.jpg,train,0
train_4161.jpg,train,0
train_4162.jpg,train,0
train_4163.jpg,train,0
train_4164.jpg,train,0
train_4165.jpg,train,0
train_4166.jpg,train,0
train_4167.jpg,train,0
train_4168.jpg,train,0
train_4169.jpg,train,0
train_4170.jpg,train,0
train_4171.jpg,train,0
train_4172.jpg,train,0
train_4173.jpg,train,0
train_4174.jpg,train,0
train_4175.jpg,train,0
train_4176.jpg,train,0
train_4177.jpg,train,0
train_4178.jpg,train,0
train_4179.jpg,train,0
train_4180.jpg,train,0
train_4181.jpg,train,0
train_4182.jpg,train,0
train_4183.jpg,train,0
train_4184.jpg,train,0
train_4185.jpg,train,0
train_4186.jpg,train,0
train_4187.jpg,train,0
train_4188.jpg,train,0
train_4189.jpg,train,0
train_4190.jpg,train,0
train_4191.jpg,train,0
train_4192.jpg,train,0
train_4193.jpg,train,0
train_4194.jpg,train,0
train_4195.jpg,train,0
train_4196.jpg,train,0
train_4197.jpg,train,0
train_4198.jpg,train,0
train_4199.jpg,train,0
train_4200.jpg,train,0
train_4201.jpg,train,0
train_4202.jpg,train,0
train_4203.jpg,train,0
train_4204.jpg,train,0
train_4205.jpg,train,0
train_4206.jpg,train,0
train_4207.jpg,train,0
train_4208.jpg,train,0
train_4209.jpg,train,0
train_4210.jpg,train,0
train_4211.jpg,train,0
train_4212.jpg,train,0
train_4213.jpg,train,0
train_4214.jpg,train,0
train_4215.jpg,train,0
train_4216.jpg,train,0
train_4217.jpg,train,0
train_4218.jpg,train,0
train_4219.jpg,train,0
train_4220.jpg,train,0
train_4221.jpg,train,0
train_4222.jpg,train,0
train_4223.jpg,train,0
train_4224.jpg,train,0
train_4225.jpg,train,0
train_4226.jpg,train,0
train_4227.jpg,train,0
train_4228.jpg,train,0
train_4229.jpg,train,0
train_4230.jpg,train,0
train_4231.jpg,train,0
train_4232.jpg,train,0
train_4233.jpg,train,0
train_4234.jpg,train,0
train_4235.jpg,train,0
train_4236.jpg,train,0
train_4237.jpg,train,0
train_4238.jpg,train,0
train_4239.jpg,train,0
train_4240.jpg,train,0
train_4241.jpg,train,0
train_4242.jpg,train,0
train_4243.jpg,train,0
train_4244.jpg,train,0
train_4245.jpg,train,0
train_4246.jpg,train,0
train_4247.jpg,train,0
train_4248.jpg,train,0
train_4249.jpg,train,0
train_4250.jpg,train,0
train_4251.jpg,train,0
train_4252.jpg,train,0
train_4253.jpg,train,0
train_4254.jpg,train,0
train_4255.jpg,train,0
train_4256.jpg,train,0
train_4257.jpg,train,0
train_4258.jpg,train,0
train_4259.jpg,train,0
train_4260.jpg,train,0
train_4261.jpg,train,0
train_4262.jpg,train,0
train_4263.jpg,train,0
train_4264.jpg,train,0
train_4265.jpg,train,0
train_4266.jpg,train,0
train_4267.jpg,train,0
train_4268.jpg,train,0
train_4269.jpg,train,0
train_4270.jpg,train,0
train_4271.jpg,train,0
train_4272.jpg,train,0
train_4273.jpg,train,0
train_4274.jpg,train,0
train_4275.jpg,train,0
train_4276.jpg,train,0
train_4277.jpg,train,0
train_4278.jpg,train,0
train_4279.jpg,train,0
train_4280.jpg,train,0
train_4281.jpg,train,0
train_4282.jpg,train,0
train_4283.jpg,train,0
train_4284.jpg,train,0
train_4285.jpg,train,0
train_4286.jpg,train,0
train_4287.jpg,train,0
train_4288.jpg,train,0
train_4289.jpg,train,0
train_4290.jpg,train,0
train_4291.jpg,train,0
train_4292.jpg,train,0
train_4293.jpg,train,0
train_4294.jpg,train,0
train_4295.jpg,train,0
train_4296.jpg,train,0
train_4297.jpg,train,0
train_4298.jpg,train,0
train_4299.jpg,train,0
train_4300.jpg,train,0
train_4301.jpg,train,0
train_4302.jpg,train,0
train_4303.jpg,train,0
train_4304.jpg,train,0
train_4305.jpg,train,0
train_4306.jpg,train,0
train_4307.jpg,train,0
train_4308.jpg,train,0
train_4309.jpg,train,0
train_4310.jpg,train,0
train_4311.jpg,train,0
train_4312.jpg,train,0
train_4313.jpg,train,0
train_4314.jpg,train,0
train_4315.jpg,train,0
train_4316.jpg,train,0
train_4317.jpg,train,0
train_4318.jpg,train,0
train_4319.jpg,train,0
train_4320.jpg,train,0
train_4321.jpg,train,0
train_4322.jpg,train,0
train_4323.jpg,train,0
train_4324.jpg,train,0
train_4325.jpg,train,0
train_4326.jpg,train,0
train_4327.jpg,train,0
train_4328.jpg,train,0
train_4329.jpg,train,0
train_4330.jpg,train,0
train_4331.jpg,train,0
train_4332.jpg,train,0
train_4333.jpg,train,0
train_4334.jpg,train,0
train_4335.jpg,train,0
train_4336.jpg,train,0
train_4337.jpg,train,0
train_4338.jpg,train,0
train_4339.jpg,train,0
train_4340.jpg,train,0
train_4341.jpg,train,0
train_4342.jpg,train,0
train_4343.jpg,train,0
train_4344.jpg,train,0
train_4345.jpg,train,0
train_4346.jpg,train,0
train_4347.jpg,train,0
train_4348.jpg,train,0
train_4349.jpg,train,0
train_4350.jpg,train,0
train_4351.jpg,train,0
train_4352.jpg,train,0
train_4353.jpg,train,0
train_4354.jpg,train,0
train_4355.jpg,train,0
train_4356.jpg,train,0
train_4357.jpg,train,0
train_4358.jpg,train,0
train_4359.jpg,train,0
train_4360.jpg,train,0
train_4361.jpg,train,0
train_4362.jpg,train,0
train_4363.jpg,train,0
train_4364.jpg,train,0
train_4365.jpg,train,0
train_4366.jpg,train,0
train_4367.jpg,train,0
train_4368.jpg,train,0
train_4369.jpg,train,0
train_4370.jpg,train,0
train_4371.jpg,train,0
train_4372.jpg,train,0
train_4373.jpg,train,0
train_4374.jpg,train,0
train_4375.jpg,train,0
train_4376.jpg,train,0
train_4377.jpg,train,0
train_4378.jpg,train,0
train_4379.jpg,train,0
train_4380.jpg,train,0
train_4381.jpg,train,0
train_4382.jpg,train,0
train_4383.jpg,train,0
train_4384.jpg,train,0
train_4385.jpg,train,0
train_4386.jpg,train,0
train_4387.jpg,train,0
train_4388.jpg,train,0
train_4389.jpg,train,0
train_4390.jpg,train,0
train_4391.jpg,train,0
train_4392.jpg,train,0
train_4393.jpg,train,0
train_4394.jpg,train,0
train_4395.jpg,train,0
train_4396.jpg,train,0
train_4397.jpg,train,0
train_4398.jpg,train,0
train_4399.jpg,train,0
train_4400.jpg,train,0
train_4401.jpg,train,0
train_4402.jpg,train,0
train_4403.jpg,train,0
train_4404.jpg,train,0
train_4405.jpg,train,0
train_4406.jpg,train,0
train_4407.jpg,train,0
train_4408.jpg,train,0
train_4409.jpg,train,0
train_4410.jpg,train,0
train_4411.jpg,train,0
train_4412.jpg,train,0
train_4413.jpg,train,0
train_4414.jpg,train,0
train_4415.jpg,train,0
train_4416.jpg,train,0
train_4417.jpg,train,0
train_4418.jpg,train,0
train_4419.jpg,train,0
train_4420.jpg,train,0
train_4421.jpg,train,0
train_4422.jpg,train,0
train_4423.jpg,train,0
train_4424.jpg,train,0
train_4425.jpg,train,0
train_4426.jpg,train,0
train_4427.jpg,train,0
train_4428.jpg,train,0
train_4429.jpg,train,0
train_4430.jpg,train,0
train_4431.jpg,train,0
train_4432.jpg,train,0
train_4433.jpg,train,0
train_4434.jpg,train,0
train_4435.jpg,train,0
train_4436.jpg,train,0
train_4437.jpg,train,0
train_4438.jpg,train,0
train_4439.jpg,train,0
train_4440.jpg,train,0
train_4441.jpg,train,0
train_4442.jpg,train,0
train_4443.jpg,train,0
train_4444.jpg,train,0
train_4445.jpg,train,0
train_4446.jpg,train,0
train_4447.jpg,train,0
train_4448.jpg,train,0
train_4449.jpg,train,0
train_4450.jpg,train,0
train_4451.jpg,train,0
train_4452.jpg,train,0
train_4453.jpg,train,0
train_4454.jpg,train,0
train_4455.jpg,train,0
train_4456.jpg,train,0
train_4457.jpg,train,0
train_4458.jpg,train,0
train_4459.jpg,train,0
train_4460.jpg,train,0
train_4461.jpg,train,0
train_4462.jpg,train,0
train_4463.jpg,train,0
train_4464.jpg,train,0
train_4465.jpg,train,0
train_4466.jpg,train,0
train_4467.jpg,train,0
train_4468.jpg,train,0
train_4469.jpg,train,0
train_4470.jpg,train,0
train_4471.jpg,train,0
train_4472.jpg,train,0
train_4473.jpg,train,0
train_4474.jpg,train,0
train_4475.jpg,train,0
train_4476.jpg,train,0
train_4477.jpg,train,0
train_4478.jpg,train,0
train_4479.jpg,train,0
train_4480.jpg,train,0
train_4481.jpg,train,0
train_4482.jpg,train,0
train_4483.jpg,train,0
train_4484.jpg,train,0
train_4485.jpg,train,0
train_4486.jpg,train,0
train_4487.jpg,train,0
train_4488.jpg,train,0
train_4489.jpg,train,0
train_4490.jpg,train,0
train_4491.jpg,train,0
train_4492.jpg,train,0
train_4493.jpg,train,0
train_4494.jpg,train,0
train_4495.jpg,train,0
train_4496.jpg,train,0
train_4497.jpg,train,0
train_4498.jpg,train,0
train_4499.jpg,train,0
train_4500.jpg,train,0
train_4501.jpg,train,0
train_4502.jpg,train,0
train_4503.jpg,train,0
train_4504.jpg,train,0
train_4505.jpg,train,0
train_4506.jpg,train,0
train_4507.jpg,train,0
train_4508.jpg,train,0
train_4509.jpg,train,0
train_4510.jpg,train,0
train_4511.jpg,train,0
train_4512.jpg,train,0
train_4513.jpg,train,0
train_4514.jpg,train,0
train_4515.jpg,train,0
train_4516.jpg,train,0
train_4517.jpg,train,0
train_4518.jpg,train,0
train_4519.jpg,train,0
train_4520.jpg,train,0
train_4521.jpg,train,0
train_4522.jpg,train,0
train_4523.jpg,train,0
train_4524.jpg,train,0
train_4525.jpg,train,0
train_4526.jpg,train,0
train_4527.jpg,train,0
train_4528.jpg,train,0
train_4529.jpg,train,0
train_4530.jpg,train,0
train_4531.jpg,train,0
train_4532.jpg,train,0
train_4533.jpg,train,0
train_4534.jpg,train,0
train_4535.jpg,train,0
train_4536.jpg,train,0
train_4537.jpg,train,0
train_4538.jpg,train,0
train_4539.jpg,train,0
train_4540.jpg,train,0
train_4541.jpg,train,0
train_4542.jpg,train,0
train_4543.jpg,train,0
train_4544.jpg,train,0
train_4545.jpg,train,0
train_4546.jpg,train,0
train_4547.jpg,train,0
train_4548.jpg,train,0
train_4549.jpg,train,0
train_4550.jpg,train,0
train_4551.jpg,train,0
train_4552.jpg,train,0
train_4553.jpg,train,0
train_4554.jpg,train,0
train_4555.jpg,train,0
train_4556.jpg,train,0
train_4557.jpg,train,0
train_4558.jpg,train,0
train_4559.jpg,train,0
train_4560.jpg,train,0
train_4561.jpg,train,0
train_4562.jpg,train,0
train_4563.jpg,train,0
train_4564.jpg,train,0
train_4565.jpg,train,0
train_4566.jpg,train,0
train_4567.jpg,train,0
train_4568.jpg,train,0
train_4569.jpg,train,0
train_4570.jpg,train,0
train_4571.jpg,train,0
train_4572.jpg,train,0
train_4573.jpg,train,0
train_4574.jpg,train,0
train_4575.jpg,train,0
train_4576.jpg,train,0
train_4577.jpg,train,0
train_4578.jpg,train,0
train_4579.jpg,train,0
train_4580.jpg,train,0
train_4581.jpg,train,0
train_4582.jpg,train,0
train_4583.jpg,train,0
train_4584.jpg,train,0
train_4585.jpg,train,0
train_4586.jpg,train,0
train_4587.jpg,train,0
train_4588.jpg,train,0
train_4589.jpg,train,0
train_4590.jpg,train,0
train_4591.jpg,train,0
train_4592.jpg,train,0
train_4593.jpg,train,0
train_4594.jpg,train,0
train_4595.jpg,train,0
train_4596.jpg,train,0
train_4597.jpg,train,0
train_4598.jpg,train,0
train_4599.jpg,train,0
train_4600.jpg,train,0
train_4601.jpg,train,0
train_4602.jpg,train,0
train_4603.jpg,train,0
train_4604.jpg,train,0
train_4605.jpg,train,0
train_4606.jpg,train,0
train_4607.jpg,train,0
train_4608.jpg,train,0
train_4609.jpg,train,0
train_4610.jpg,train,0
train_4611.jpg,train,0
train_4612.jpg,train,0
train_4613.jpg,train,0
train_4614.jpg,train,0
train_4615.jpg,train,0
train_4616.jpg,train,0
train_4617.jpg,train,0
train_4618.jpg,train,0
train_4619.jpg,train,0
train_4620.jpg,train,0
train_4621.jpg,train,0
train_4622.jpg,train,0
train_4623.jpg,train,0
train_4624.jpg,train,0
train_4625.jpg,train,0
train_4626.jpg,train,0
train_4627.jpg,train,0
train_4628.jpg,train,0
train_4629.jpg,train,0
train_4630.jpg,train,0
train_4631.jpg,train,0
train_4632.jpg,train,0
train_4633.jpg,train,0
train_4634.jpg,train,0
train_4635.jpg,train,0
train_4636.jpg,train,0
train_4637.jpg,train,0
train_4638.jpg,train,0
train_4639.jpg,train,0
train_4640.jpg,train,0
train_4641.jpg,train,0
train_4642.jpg,train,0
train_4643.jpg,train,0
train_4644.jpg,train,0
train_4645.jpg,train,0
train_4646.jpg,train,0
train_4647.jpg,train,0
train_4648.jpg,train,0
train_4649.jpg,train,0
train_4650.jpg,train,0
train_4651.jpg,train,0
train_4652.jpg,train,0
train_4653.jpg,train,0
train_4654.jpg,train,0
train_4655.jpg,train,0
train_4656.jpg,train,0
train_4657.jpg,train,0
train_4658.jpg,train,0
train_4659.jpg,train,0
train_4660.jpg,train,0
train_4661.jpg,train,0
train_4662.jpg,train,0
train_4663.jpg,train,0
train_4664.jpg,train,0
train_4665.jpg,train,0
train_4666.jpg,train,0
train_4667.jpg,train,0
train_4668.jpg,train,0
train_4669.jpg,train,0
train_4670.jpg,train,0
train_4671.jpg,train,0
train_4672.jpg,train,0
train_4673.jpg,train,0
train_4674.jpg,train,0
train_4675.jpg,train,0
train_4676.jpg,train,0
train_4677.jpg,train,0
train_4678.jpg,train,0
train_4679.jpg,train,0
train_4680.jpg,train,0
train_4681.jpg,train,0
train_4682.jpg,train,0
train_4683.jpg,train,0
train_4684.jpg,train,0
train_4685.jpg,train,0
train_4686.jpg,train,0
train_4687.jpg,train,0
train_4688.jpg,train,0
train_4689.jpg,train,0
train_4690.jpg,train,0
train_4691.jpg,train,0
train_4692.jpg,train,0
train_4693.jpg,train,0
train_4694.jpg,train,0
train_4695.jpg,train,0
train_4696.jpg,train,0
train_4697.jpg,train,0
train_4698.jpg,train,0
train_4699.jpg,train,0
train_4700.jpg,train,0
train_4701.jpg,train,0
train_4702.jpg,train,0
train_4703.jpg,train,0
train_4704.jpg,train,0
train_4705.jpg,train,0
train_4706.jpg,train,0
train_4707.jpg,train,0
train_4708.jpg,train,0
train_4709.jpg,train,0
train_4710.jpg,train,0
train_4711.jpg,train,0
train_4712.jpg,train,0
train_4713.jpg,train,0
train_4714.jpg,train,0
train_4715.jpg,train,0
train_4716.jpg,train,0
train_4717.jpg,train,0
train_4718.jpg,train,0
train_4719.jpg,train,0
train_4720.jpg,train,0
train_4721.jpg,train,0
train_4722.jpg,train,0
train_4723.jpg,train,0
train_4724.jpg,train,0
train_4725.jpg,train,0
train_4726.jpg,train,0
train_4727.jpg,train,0
train_4728.jpg,train,0
train_4729.jpg,train,0
train_4730.jpg,train,0
train_4731.jpg,train,0
train_4732.jpg,train,0
train_4733.jpg,train,0
train_4734.jpg,train,0
train_4735.jpg,train,0
train_4736.jpg,train,0
train_4737.jpg,train,0
train_4738.jpg,train,0
train_4739.jpg,train,0
train_4740.jpg,train,0
train_4741.jpg,train,0
train_4742.jpg,train,0
train_4743.jpg,train,0
train_4744.jpg,train,0
train_4745.jpg,train,0
train_4746.jpg,train,0
train_4747.jpg,train,0
train_4748.jpg,train,0
train_4749.jpg,train,0
train_4750.jpg,train,0
train_4751.jpg,train,0
train_4752.jpg,train,0
train_4753.jpg,train,0
train_4754.jpg,train,0
train_4755.jpg,train,0
train_4756.jpg,train,0
train_4757.jpg,train,0
train_4758.jpg,train,0
train_4759.jpg,train,0
train_4760.jpg,train,0
train_4761.jpg,train,0
train_4762.jpg,train,0
train_4763.jpg,train,0
train_4764.jpg,train,0
train_4765.jpg,train,0
train_4766.jpg,train,0
train_4767.jpg,train,0
train_4768.jpg,train,0
train_4769.jpg,train,0
train_4770.jpg,train,0
train_4771.jpg,train,0
train_4772.jpg,train,0
train_4773.jpg,train,0
train_4774.jpg,train,0
train_4775.jpg,train,0
train_4776.jpg,train,0
train_4777.jpg,train,0
train_4778.jpg,train,0
train_4779.jpg,train,0
train_4780.jpg,train,0
train_4781.jpg,train,0
train_4782.jpg,train,0
train_4783.jpg,train,0
train_4784.jpg,train,0
train_4785.jpg,train,0
train_4786.jpg,train,0
train_4787.jpg,train,0
train_4788.jpg,train,0
train_4789.jpg,train,0
train_4790.jpg,train,0
train_4791.jpg,train,0
train_4792.jpg,train,0
train_4793.jpg,train,0
train_4794.jpg,train,0
train_4795.jpg,train,0
train_4796.jpg,train,0
train_4797.jpg,train,0
train_4798.jpg,train,0
train_4799.jpg,train,0
train_4800.jpg,train,0
train_4801.jpg,train,0
train_4802.jpg,train,0
train_4803.jpg,train,0
train_4804.jpg,train,0
train_4805.jpg,train,0
train_4806.jpg,train,0
train_4807.jpg,train,0
train_4808.jpg,train,0
train_4809.jpg,train,0
train_4810.jpg,train,0
train_4811.jpg,train,0
train_4812.jpg,train,0
train_4813.jpg,train,0
train_4814.jpg,train,0
train_4815.jpg,train,0
train_4816.jpg,train,0
train_4817.jpg,train,0
train_4818.jpg,train,0
train_4819.jpg,train,0
train_4820.jpg,train,0
train_4821.jpg,train,0
train_4822.jpg,train,0
train_4823.jpg,train,0
train_4824.jpg,train,0
train_4825.jpg,train,0
train_4826.jpg,train,0
train_4827.jpg,train,0
train_4828.jpg,train,0
train_4829.jpg,train,0
train_4830.jpg,train,0
train_4831.jpg,train,0
train_4832.jpg,train,0
train_4833.jpg,train,0
train_4834.jpg,train,0
train_4835.jpg,train,0
train_4836.jpg,train,0
train_4837.jpg,train,0
train_4838.jpg,train,0
train_4839.jpg,train,0
train_4840.jpg,train,0
train_4841.jpg,train,0
train_4842.jpg,train,0
train_4843.jpg,train,0
train_4844.jpg,train,0
train_4845.jpg,train,0
train_4846.jpg,train,0
train_4847.jpg,train,0
train_4848.jpg,train,0
train_4849.jpg,train,0
train_4850.jpg,train,0
train_4851.jpg,train,0
train_4852.jpg,train,0
train_4853.jpg,train,0
train_4854.jpg,train,0
train_4855.jpg,train,0
train_4856.jpg,train,0
train_4857.jpg,train,0
train_4858.jpg,train,0
train_4859.jpg,train,0
train_4860.jpg,train,0
train_4861.jpg,train,0
train_4862.jpg,train,0
train_4863.jpg,train,0
train_4864.jpg,train,0
train_4865.jpg,train,0
train_4866.jpg,train,0
train_4867.jpg,train,0
train_4868.jpg,train,0
train_4869.jpg,train,0
train_4870.jpg,train,0
train_4871.jpg,train,0
train_4872.jpg,train,0
train_4873.jpg,train,0
train_4874.jpg,train,0
train_4875.jpg,train,0
train_4876.jpg,train,0
train_4877.jpg,train,0
train_4878.jpg,train,0
train_4879.jpg,train,0
train_4880.jpg,train,0
train_4881.jpg,train,0
train_4882.jpg,train,0
train_4883.jpg,train,0
train_4884.jpg,train,0
train_4885.jpg,train,0
train_4886.jpg,train,0
train_4887.jpg,train,0
train_4888.jpg,train,0
train_4889.jpg,train,0
train_4890.jpg,train,0
train_4891.jpg,train,0
train_4892.jpg,train,0
train_4893.jpg,train,0
train_4894.jpg,train,0
train_4895.jpg,train,0
train_4896.jpg,train,0
train_4897.jpg,train,0
train_4898.jpg,train,0
train_4899.jpg,train,0
train_4900.jpg,train,0
train_4901.jpg,train,0
train_4902.jpg,train,0
train_4903.jpg,train,0
train_4904.jpg,train,0
train_4905.jpg,train,0
train_4906.jpg,train,0
train_4907.jpg,train,0
train_4908.jpg,train,0
train_4909.jpg,train,0
train_4910.jpg,train,0
train_4911.jpg,train,0
train_4912.jpg,train,0
train_4913.jpg,train,0
train_4914.jpg,train,0
train_4915.jpg,train,0
train_4916.jpg,train,0
train_4917.jpg,train,0
train_4918.jpg,train,0
train_4919.jpg,train,0
train_4920.jpg,train,0
train_4921.jpg,train,0
train_4922.jpg,train,0
train_4923.jpg,train,0
train_4924.jpg,train,0
train_4925.jpg,train,0
train_4926.jpg,train,0
train_4927.jpg,train,0
train_4928.jpg,train,0
train_4929.jpg,train,0
train_4930.jpg,train,0
train_4931.jpg,train,0
train_4932.jpg,train,0
train_4933.jpg,train,0
train_4934.jpg,train,0
train_4935.jpg,train,0
train_4936.jpg,train,0
train_4937.jpg,train,0
train_4938.jpg,train,0
train_4939.jpg,train,0
train_4940.jpg,train,0
train_4941.jpg,train,0
train_4942.jpg,train,0
train_4943.jpg,train,0
train_4944.jpg,train,0
train_4945.jpg,train,0
train_4946.jpg,train,0
train_4947.jpg,train,0
train_4948.jpg,train,0
train_4949.jpg,train,0
train_4950.jpg,train,0
train_4951.jpg,train,0
train_4952.jpg,train,0
train_4953.jpg,train,0
train_4954.jpg,train,0
train_4955.jpg,train,0
train_4956.jpg,train,0
train_4957.jpg,train,0
train_4958.jpg,train,0
train_4959.jpg,train,0
train_4960.jpg,train,0
train_4961.jpg,train,0
train_4962.jpg,train,0
train_4963.jpg,train,0
train_4964.jpg,train,0
train_4965.jpg,train,0
train_4966.jpg,train,0
train_4967.jpg,train,0
train_4968.jpg,train,0
train_4969.jpg,train,0
train_4970.jpg,train,0
train_4971.jpg,train,0
train_4972.jpg,train,0
train_4973.jpg,train,0
train_4974.jpg,train,0
train_4975.jpg,train,0
train_4976.jpg,train,0
train_4977.jpg,train,0
train_4978.jpg,train,0
train_4979.jpg,train,0
train_4980.jpg,train,0
train_4981.jpg,train,0
train_4982.jpg,train,0
train_4983.jpg,train,0
train_4984.jpg,train,0
train_4985.jpg,train,0
train_4986.jpg,train,0
train_4987.jpg,train,0
train_4988.jpg,train,0
train_4989.jpg,train,0
train_4990.jpg,train,0
train_4991.jpg,train,0
train_4992.jpg,train,0
train_4993.jpg,train,0
train_4994.jpg,train,0
train_4995.jpg,train,0
train_4996.jpg,train,0
train_4997.jpg,train,0
train_4998.jpg,train,0
train_4999.jpg,train,0
train_5000.jpg,train,0
train_5001.jpg,train,0
train_5002.jpg,train,0
train_5003.jpg,train,0
train_5004.jpg,train,0
train_5005.jpg,train,0
train_5006.jpg,train,0
train_5007.jpg,train,0
train_5008.jpg,train,0
train_5009.jpg,train,0
train_5010.jpg,train,0
train_5011.jpg,train,0
train_5012.jpg,train,0
train_5013.jpg,train,0
train_5014.jpg,train,0
train_5015.jpg,train,0
train_5016.jpg,train,0
train_5017.jpg,train,0
train_5018.jpg,train,0
train_5019.jpg,train,0
train_5020.jpg,train,0
train_5021.jpg,train,0
train_5022.jpg,train,0
train_5023.jpg,train,0
train_5024.jpg,train,0
train_5025.jpg,train,0
train_5026.jpg,train,0
train_5027.jpg,train,0
train_5028.jpg,train,0
train_5029.jpg,train,0
train_5030.jpg,train,0
train_5031.jpg,train,0
train_5032.jpg,train,0
train_5033.jpg,train,0
train_5034.jpg,train,0
train_5035.jpg,train,0
train_5036.jpg,train,0
train_5037.jpg,train,0
train_5038.jpg,train,0
train_5039.jpg,train,0
train_5040.jpg,train,0
train_5041.jpg,train,0
train_5042.jpg,train,0
train_5043.jpg,train,0
train_5044.jpg,train,0
train_5045.jpg,train,0
train_5046.jpg,train,0
train_5047.jpg,train,0
train_5048.jpg,train,0
train_5049.jpg,train,0
train_5050.jpg,train,0
train_5051.jpg,train,0
train_5052.jpg,train,0
train_5053.jpg,train,0
train_5054.jpg,train,0
train_5055.jpg,train,0
train_5056.jpg,train,0
train_5057.jpg,train,0
train_5058.jpg,train,0
train_5059.jpg,train,0
train_5060.jpg,train,0
train_5061.jpg,train,0
train_5062.jpg,train,0
train_5063.jpg,train,0
train_5064.jpg,train,0
train_5065.jpg,train,0
train_5066.jpg,train,0
train_5067.jpg,train,0
train_5068.jpg,train,0
train_5069.jpg,train,0
train_5070.jpg,train,0
train_5071.jpg,train,0
train_5072.jpg,train,0
train_5073.jpg,train,0
train_5074.jpg,train,0
train_5075.jpg,train,0
train_5076.jpg,train,0
train_5077.jpg,train,0
train_5078.jpg,train,0
train_5079.jpg,train,0
train_5080.jpg,train,0
train_5081.jpg,train,0
train_5082.jpg,train,0
train_5083.jpg,train,0
train_5084.jpg,train,0
train_5085.jpg,train,0
train_5086.jpg,train,0
train_5087.jpg,train,0
train_5088.jpg,train,0
train_5089.jpg,train,0
train_5090.jpg,train,0
train_5091.jpg,train,0
train_5092.jpg,train,0
train_5093.jpg,train,0
train_5094.jpg,train,0
train_5095.jpg,train,0
train_5096.jpg,train,0
train_5097.jpg,train,0
train_5098.jpg,train,0
train_5099.jpg,train,0
train_5100.jpg,train,0
train_5101.jpg,train,0
train_5102.jpg,train,0
train_5103.jpg,train,0
train_5104.jpg,train,0
train_5105.jpg,train,0
train_5106.jpg,train,0
train_5107.jpg,train,0
train_5108.jpg,train,0
train_5109.jpg,train,0
train_5110.jpg,train,0
train_5111.jpg,train,0
train_5112.jpg,train,0
train_5113.jpg,train,0
train_5114.jpg,train,0
train_5115.jpg,train,0
train_5116.jpg,train,0
train_5117.jpg,train,0
train_5118.jpg,train,0
train_5119.jpg,train,0
train_5120.jpg,train,0
train_5121.jpg,train,0
train_5122.jpg,train,0
train_5123.jpg,train,0
train_5124.jpg,train,0
train_5125.jpg,train,0
train_5126.jpg,train,0
train_5127.jpg,train,0
train_5128.jpg,train,0
train_5129.jpg,train,0
train_5130.jpg,train,0
train_5131.jpg,train,0
train_5132.jpg,train,0
train_5133.jpg,train,0
train_5134.jpg,train,0
train_5135.jpg,train,0
train_5136.jpg,train,0
train_5137.jpg,train,0
train_5138.jpg,train,0
train_5139.jpg,train,0
train_5140.jpg,train,0
train_5141.jpg,train,0
train_5142.jpg,train,0
train_5143.jpg,train,0
train_5144.jpg,train,0
train_5145.jpg,train,0
train_5146.jpg,train,0
train_5147.jpg,train,0
train_5148.jpg,train,0
train_5149.jpg,train,0
train_5150.jpg,train,0
train_5151.jpg,train,0
train_5152.jpg,train,0
train_5153.jpg,train,0
train_5154.jpg,train,0
train_5155.jpg,train,0
train_5156.jpg,train,0
train_5157.jpg,train,0
train_5158.jpg,train,0
train_5159.jpg,train,0
train_5160.jpg,train,0
train_5161.jpg,train,0
train_5162.jpg,train,0
train_5163.jpg,train,0
train_5164.jpg,train,0
train_5165.jpg,train,0
train_5166.jpg,train,0
train_5167.jpg,train,0
train_5168.jpg,train,0
train_5169.jpg,train,0
train_5170.jpg,train,0
train_5171.jpg,train,0
train_5172.jpg,train,0
train_5173.jpg,train,0
train_5174.jpg,train,0
train_5175.jpg,train,0
train_5176.jpg,train,0
train_5177.jpg,train,0
train_5178.jpg,train,0
train_5179.jpg,train,0
train_5180.jpg,train,0
train_5181.jpg,train,0
train_5182.jpg,train,0
train_5183.jpg,train,0
train_5184.jpg,train,0
train_5185.jpg,train,0
train_5186.jpg,train,0
train_5187.jpg,train,0
train_5188.jpg,train,0
train_5189.jpg,train,0
train_5190.jpg,train,0
train_5191.jpg,train,0
train_5192.jpg,train,0
train_5193.jpg,train,0
train_5194.jpg,train,0
train_5195.jpg,train,0
train_5196.jpg,train,0
train_5197.jpg,train,0
train_5198.jpg,train,0
train_5199.jpg,train,0
train_5200.jpg,train,0
train_5201.jpg,train,0
train_5202.jpg,train,0
train_5203.jpg,train,0
train_5204.jpg,train,0
train_5205.jpg,train,0
train_5206.jpg,train,0
train_5207.jpg,train,0
train_5208.jpg,train,0
train_5209.jpg,train,0
train_5210.jpg,train,0
train_5211.jpg,train,0
train_5212.jpg,train,0
train_5213.jpg,train,0
train_5214.jpg,train,0
train_5215.jpg,train,0
train_5216.jpg,train,0
train_5217.jpg,train,0
train_5218.jpg,train,0
train_5219.jpg,train,0
train_5220.jpg,train,0
train_5221.jpg,train,0
train_5222.jpg,train,0
train_5223.jpg,train,0
train_5224.jpg,train,0
train_5225.jpg,train,0
train_5226.jpg,train,0
train_5227.jpg,train,0
train_5228.jpg,train,0
train_5229.jpg,train,0
train_5230.jpg,train,0
train_5231.jpg,train,0
train_5232.jpg,train,0
train_5233.jpg,train,0
train_5234.jpg,train,0
train_5235.jpg,train,0
train_5236.jpg,train,0
train_5237.jpg,train,0
train_5238.jpg,train,0
train_5239.jpg,train,0
train_5240.jpg,train,0
train_5241.jpg,train,0
train_5242.jpg,train,0
train_5243.jpg,train,0
train_5244.jpg,train,0
train_5245.jpg,train,0
train_5246.jpg,train,0
train_5247.jpg,train,0
train_5248.jpg,train,0
train_5249.jpg,train,0
train_5250.jpg,train,0
train_5251.jpg,train,0
train_5252.jpg,train,0
train_5253.jpg,train,0
train_5254.jpg,train,0
train_5255.jpg,train,0
train_5256.jpg,train,0
train_5257.jpg,train,0
train_5258.jpg,train,0
train_5259.jpg,train,0
train_5260.jpg,train,0
train_5261.jpg,train,0
train_5262.jpg,train,0
train_5263.jpg,train,0
train_5264.jpg,train,0
train_5265.jpg,train,0
train_5266.jpg,train,0
train_5267.jpg,train,0
train_5268.jpg,train,0
train_5269.jpg,train,0
train_5270.jpg,train,0
train_5271.jpg,train,0
train_5272.jpg,train,0
train_5273.jpg,train,0
train_5274.jpg,train,0
train_5275.jpg,train,0
train_5276.jpg,train,0
train_5277.jpg,train,0
train_5278.jpg,train,0
train_5279.jpg,train,0
train_5280.jpg,train,0
train_5281.jpg,train,0
train_5282.jpg,train,0
train_5283.jpg,train,0
train_5284.jpg,train,0
train_5285.jpg,train,0
train_5286.jpg,train,0
train_5287.jpg,train,0
train_5288.jpg,train,0
train_5289.jpg,train,0
train_5290.jpg,train,0
train_5291.jpg,train,0
train_5292.jpg,train,0
train_5293.jpg,train,0
train_5294.jpg,train,0
train_5295.jpg,train,0
train_5296.jpg,train,0
train_5297.jpg,train,0
train_5298.jpg,train,0
train_5299.jpg,train,0
train_5300.jpg,train,0
train_5301.jpg,train,0
train_5302.jpg,train,0
train_5303.jpg,train,0
train_5304.jpg,train,0
train_5305.jpg,train,0
train_5306.jpg,train,0
train_5307.jpg,train,0
train_5308.jpg,train,0
train_5309.jpg,train,0
train_5310.jpg,train,0
train_5311.jpg,train,0
train_5312.jpg,train,0
train_5313.jpg,train,0
train_5314.jpg,train,0
train_5315.jpg,train,0
train_5316.jpg,train,0
train_5317.jpg,train,0
train_5318.jpg,train,0
train_5319.jpg,train,0
train_5320.jpg,train,0
train_5321.jpg,train,0
train_5322.jpg,train,0
train_5323.jpg,train,0
train_5324.jpg,train,0
train_5325.jpg,train,0
train_5326.jpg,train,0
train_5327.jpg,train,0
train_5328.jpg,train,0
train_5329.jpg,train,0
train_5330.jpg,train,0
train_5331.jpg,train,0
train_5332.jpg,train,0
train_5333.jpg,train,0
train_5334.jpg,train,0
train_5335.jpg,train,0
train_5336.jpg,train,0
train_5337.jpg,train,0
train_5338.jpg,train,0
train_5339.jpg,train,0
train_5340.jpg,train,0
train_5341.jpg,train,0
train_5342.jpg,train,0
train_5343.jpg,train,0
train_5344.jpg,train,0
train_5345.jpg,train,0
train_5346.jpg,train,0
train_5347.jpg,train,0
train_5348.jpg,train,0
train_5349.jpg,train,0
train_5350.jpg,train,0
train_5351.jpg,train,0
train_5352.jpg,train,0
train_5353.jpg,train,0
train_5354.jpg,train,0
train_5355.jpg,train,0
train_5356.jpg,train,0
train_5357.jpg,train,0
train_5358.jpg,train,0
train_5359.jpg,train,0
train_5360.jpg,train,0
train_5361.jpg,train,0
train_5362.jpg,train,0
train_5363.jpg,train,0
train_5364.jpg,train,0
train_5365.jpg,train,0
train_5366.jpg,train,0
train_5367.jpg,train,0
train_5368.jpg,train,0
train_5369.jpg,train,0
train_5370.jpg,train,0
train_5371.jpg,train,0
train_5372.jpg,train,0
train_5373.jpg,train,0
train_5374.jpg,train,0
train_5375.jpg,train,0
train_5376.jpg,train,0
train_5377.jpg,train,0
train_5378.jpg,train,0
train_5379.jpg,train,0
train_5380.jpg,train,0
train_5381.jpg,train,0
train_5382.jpg,train,0
train_5383.jpg,train,0
train_5384.jpg,train,0
train_5385.jpg,train,0
train_5386.jpg,train,0
train_5387.jpg,train,0
train_5388.jpg,train,0
train_5389.jpg,train,0
train_5390.jpg,train,0
train_5391.jpg,train,0
train_5392.jpg,train,0
train_5393.jpg,train,0
train_5394.jpg,train,0
train_5395.jpg,train,0
train_5396.jpg,train,0
train_5397.jpg,train,0
train_5398.jpg,train,0
train_5399.jpg,train,0
train_5400.jpg,train,0
train_5401.jpg,train,0
train_5402.jpg,train,0
train_5403.jpg,train,0
train_5404.jpg,train,0
train_5405.jpg,train,0
train_5406.jpg,train,0
train_5407.jpg,train,0
train_5408.jpg,train,0
train_5409.jpg,train,0
train_5410.jpg,train,0
train_5411.jpg,train,0
train_5412.jpg,train,0
train_5413.jpg,train,0
train_5414.jpg,train,0
train_5415.jpg,train,0
train_5416.jpg,train,0
train_5417.jpg,train,0
train_5418.jpg,train,0
train_5419.jpg,train,0
train_5420.jpg,train,0
train_5421.jpg,train,0
train_5422.jpg,train,0
train_5423.jpg,train,0
train_5424.jpg,train,0
train_5425.jpg,train,0
train_5426.jpg,train,0
train_5427.jpg,train,0
train_5428.jpg,train,0
train_5429.jpg,train,0
train_5430.jpg,train,0
train_5431.jpg,train,0
train_5432.jpg,train,0
train_5433.jpg,train,0
train_5434.jpg,train,0
train_5435.jpg,train,0
train_5436.jpg,train,0
train_5437.jpg,train,0
train_5438.jpg,train,0
train_5439.jpg,train,0
train_5440.jpg,train,0
train_5441.jpg,train,0
train_5442.jpg,train,0
train_5443.jpg,train,0
train_5444.jpg,train,0
train_5445.jpg,train,0
train_5446.jpg,train,0
train_5447.jpg,train,0
train_5448.jpg,train,0
train_5449.jpg,train,0
train_5450.jpg,train,0
train_5451.jpg,train,0
train_5452.jpg,train,0
train_5453.jpg,train,0
train_5454.jpg,train,0
train_5455.jpg,train,0
train_5456.jpg,train,0
train_5457.jpg,train,0
train_5458.jpg,train,0
train_5459.jpg,train,0
train_5460.jpg,train,0
train_5461.jpg,train,0
train_5462.jpg,train,0
train_5463.jpg,train,0
train_5464.jpg,train,0
train_5465.jpg,train,0
train_5466.jpg,train,0
train_5467.jpg,train,0
train_5468.jpg,train,0
train_5469.jpg,train,0
train_5470.jpg,train,0
train_5471.jpg,train,0
train_5472.jpg,train,0
train_5473.jpg,train,0
train_5474.jpg,train,0
train_5475.jpg,train,0
train_5476.jpg,train,0
train_5477.jpg,train,0
train_5478.jpg,train,0
train_5479.jpg,train,0
train_5480.jpg,train,0
train_5481.jpg,train,0
train_5482.jpg,train,0
train_5483.jpg,train,0
train_5484.jpg,train,0
train_5485.jpg,train,0
train_5486.jpg,train,0
train_5487.jpg,train,0
train_5488.jpg,train,0
train_5489.jpg,train,0
train_5490.jpg,train,0
train_5491.jpg,train,0
train_5492.jpg,train,0
train_5493.jpg,train,0
train_5494.jpg,train,0
train_5495.jpg,train,0
train_5496.jpg,train,0
train_5497.jpg,train,0
train_5498.jpg,train,0
train_5499.jpg,train,0
train_5500.jpg,train,0
train_5501.jpg,train,0
train_5502.jpg,train,0
train_5503.jpg,train,0
train_5504.jpg,train,0
train_5505.jpg,train,0
train_5506.jpg,train,0
train_5507.jpg,train,0
train_5508.jpg,train,0
train_5509.jpg,train,0
train_5510.jpg,train,0
train_5511.jpg,train,0
train_5512.jpg,train,0
train_5513.jpg,train,0
train_5514.jpg,train,0
train_5515.jpg,train,0
train_5516.jpg,train,0
train_5517.jpg,train,0
train_5518.jpg,train,0
train_5519.jpg,train,0
train_5520.jpg,train,0
train_5521.jpg,train,0
train_5522.jpg,train,0
train_5523.jpg,train,0
train_5524.jpg,train,0
train_5525.jpg,train,0
train_5526.jpg,train,0
train_5527.jpg,train,0
train_5528.jpg,train,0
train_5529.jpg,train,0
train_5530.jpg,train,0
train_5531.jpg,train,0
train_5532.jpg,train,0
train_5533.jpg,train,0
train_5534.jpg,train,0
train_5535.jpg,train,0
train_5536.jpg,train,0
train_5537.jpg,train,0
train_5538.jpg,train,0
train_5539.jpg,train,0
train_5540.jpg,train,0
train_5541.jpg,train,0
train_5542.jpg,train,0
train_5543.jpg,train,0
train_5544.jpg,train,0
train_5545.jpg,train,0
train_5546.jpg,train,0
train_5547.jpg,train,0
train_5548.jpg,train,0
train_5549.jpg,train,0
train_5550.jpg,train,0
train_5551.jpg,train,0
train_5552.jpg,train,0
train_5553.jpg,train,0
train_5554.jpg,train,0
train_5555.jpg,train,0
train_5556.jpg,train,0
train_5557.jpg,train,0
train_5558.jpg,train,0
train_5559.jpg,train,0
train_5560.jpg,train,0
train_5561.jpg,train,0
train_5562.jpg,train,0
train_5563.jpg,train,0
train_5564.jpg,train,0
train_5565.jpg,train,0
train_5566.jpg,train,0
train_5567.jpg,train,0
train_5568.jpg,train,0
train_5569.jpg,train,0
train_5570.jpg,train,0
train_5571.jpg,train,0
train_5572.jpg,train,0
train_5573.jpg,train,0
train_5574.jpg,train,0
train_5575.jpg,train,0
train_5576.jpg,train,0
train_5577.jpg,train,0
train_5578.jpg,train,0
train_5579.jpg,train,0
train_5580.jpg,train,0
train_5581.jpg,train,0
train_5582.jpg,train,0
train_5583.jpg,train,0
train_5584.jpg,train,0
train_5585.jpg,train,0
train_5586.jpg,train,0
train_5587.jpg,train,0
train_5588.jpg,train,0
train_5589.jpg,train,0
train_5590.jpg,train,0
train_5591.jpg,train,0
train_5592.jpg,train,0
train_5593.jpg,train,0
train_5594.jpg,train,0
train_5595.jpg,train,0
train_5596.jpg,train,0
train_5597.jpg,train,0
train_5598.jpg,train,0
train_5599.jpg,train,0
train_5600.jpg,train,0
train_5601.jpg,train,0
train_5602.jpg,train,0
train_5603.jpg,train,0
train_5604.jpg,train,0
train_5605.jpg,train,0
train_5606.jpg,train,0
train_5607.jpg,train,0
train_5608.jpg,train,0
train_5609.jpg,train,0
train_5610.jpg,train,0
train_5611.jpg,train,0
train_5612.jpg,train,0
train_5613.jpg,train,0
train_5614.jpg,train,0
train_5615.jpg,train,0
train_5616.jpg,train,0
train_5617.jpg,train,0
train_5618.jpg,train,0
train_5619.jpg,train,0
train_5620.jpg,train,0
train_5621.jpg,train,0
train_5622.jpg,train,0
train_5623.jpg,train,0
train_5624.jpg,train,0
train_5625.jpg,train,0
train_5626.jpg,train,0
train_5627.jpg,train,0
train_5628.jpg,train,0
train_5629.jpg,train,0
train_5630.jpg,train,0
train_5631.jpg,train,0
train_5632.jpg,train,0
train_5633.jpg,train,0
train_5634.jpg,train,0
train_5635.jpg,train,0
train_5636.jpg,train,0
train_5637.jpg,train,0
train_5638.jpg,train,0
train_5639.jpg,train,0
train_5640.jpg,train,0
train_5641.jpg,train,0
train_5642.jpg,train,0
train_5643.jpg,train,0
train_5644.jpg,train,0
train_5645.jpg,train,0
train_5646.jpg,train,0
train_5647.jpg,train,0
train_5648.jpg,train,0
train_5649.jpg,train,0
train_5650.jpg,train,0
train_5651.jpg,train,0
train_5652.jpg,train,0
train_5653.jpg,train,0
train_5654.jpg,train,0
train_5655.jpg,train,0
train_5656.jpg,train,0
train_5657.jpg,train,0
train_5658.jpg,train,0
train_5659.jpg,train,0
train_5660.jpg,train,0
train_5661.jpg,train,0
train_5662.jpg,train,0
train_5663.jpg,train,0
train_5664.jpg,train,0
train_5665.jpg,train,0
train_5666.jpg,train,0
train_5667.jpg,train,0
train_5668.jpg,train,0
train_5669.jpg,train,0
train_5670.jpg,train,0
train_5671.jpg,train,0
train_5672.jpg,train,0
train_5673.jpg,train,0
train_5674.jpg,train,0
train_5675.jpg,train,0
train_5676.jpg,train,0
train_5677.jpg,train,0
train_5678.jpg,train,0
train_5679.jpg,train,0
train_5680.jpg,train,0
train_5681.jpg,train,0
train_5682.jpg,train,0
train_5683.jpg,train,0
train_5684.jpg,train,0
train_5685.jpg,train,0
train_5686.jpg,train,0
train_5687.jpg,train,0
train_5688.jpg,train,0
train_5689.jpg,train,0
train_5690.jpg,train,0
train_5691.jpg,train,0
train_5692.jpg,train,0
train_5693.jpg,train,0
train_5694.jpg,train,0
train_5695.jpg,train,0
train_5696.jpg,train,0
train_5697.jpg,train,0
train_5698.jpg,train,0
train_5699.jpg,train,0
train_5700.jpg,train,0
train_5701.jpg,train,0
train_5702.jpg,train,0
train_5703.jpg,train,0
train_5704.jpg,train,0
train_5705.jpg,train,0
train_5706.jpg,train,0
train_5707.jpg,train,0
train_5708.jpg,train,0
train_5709.jpg,train,0
train_5710.jpg,train,0
train_5711.jpg,train,0
train_5712.jpg,train,0
train_5713.jpg,train,0
train_5714.jpg,train,0
train_5715.jpg,train,0
train_5716.jpg,train,0
train_5717.jpg,train,0
train_5718.jpg,train,0
train_5719.jpg,train,0
train_5720.jpg,train,0
train_5721.jpg,train,0
train_5722.jpg,train,0
train_5723.jpg,train,0
train_5724.jpg,train,0
train_5725.jpg,train,0
train_5726.jpg,train,0
train_5727.jpg,train,0
train_5728.jpg,train,0
train_5729.jpg,train,0
train_5730.jpg,train,0
train_5731.jpg,train,0
train_5732.jpg,train,0
train_5733.jpg,train,0
train_5734.jpg,train,0
train_5735.jpg,train,0
train_5736.jpg,train,0
train_5737.jpg,train,0
train_5738.jpg,train,0
train_5739.jpg,train,0
train_5740.jpg,train,0
train_5741.jpg,train,0
train_5742.jpg,train,0
train_5743.jpg,train,0
train_5744.jpg,train,0
train_5745.jpg,train,0
train_5746.jpg,train,0
train_5747.jpg,train,0
train_5748.jpg,train,0
train_5749.jpg,train,0
train_5750.jpg,train,0
train_5751.jpg,train,0
train_5752.jpg,train,0
train_5753.jpg,train,0
train_5754.jpg,train,0
train_5755.jpg,train,0
train_5756.jpg,train,0
train_5757.jpg,train,0
train_5758.jpg,train,0
train_5759.jpg,train,0
train_5760.jpg,train,0
train_5761.jpg,train,0
train_5762.jpg,train,0
train_5763.jpg,train,0
train_5764.jpg,train,0
train_5765.jpg,train,0
train_5766.jpg,train,0
train_5767.jpg,train,0
train_5768.jpg,train,0
train_5769.jpg,train,0
train_5770.jpg,train,0
train_5771.jpg,train,0
train_5772.jpg,train,0
train_5773.jpg,train,0
train_5774.jpg,train,0
train_5775.jpg,train,0
train_5776.jpg,train,0
train_5777.jpg,train,0
train_5778.jpg,train,0
train_5779.jpg,train,0
train_5780.jpg,train,0
train_5781.jpg,train,0
train_5782.jpg,train,0
train_5783.jpg,train,0
train_5784.jpg,train,0
train_5785.jpg,train,0
train_5786.jpg,train,0
train_5787.jpg,train,0
train_5788.jpg,train,0
train_5789.jpg,train,0
train_5790.jpg,train,0
train_5791.jpg,train,0
train_5792.jpg,train,0
train_5793.jpg,train,0
train_5794.jpg,train,0
train_5795.jpg,train,0
train_5796.jpg,train,0
train_5797.jpg,train,0
train_5798.jpg,train,0
train_5799.jpg,train,0
train_5800.jpg,train,0
train_5801.jpg,train,0
train_5802.jpg,train,0
train_5803.jpg,train,0
train_5804.jpg,train,0
train_5805.jpg,train,0
train_5806.jpg,train,0
train_5807.jpg,train,0
train_5808.jpg,train,0
train_5809.jpg,train,0
train_5810.jpg,train,0
train_5811.jpg,train,0
train_5812.jpg,train,0
train_5813.jpg,train,0
train_5814.jpg,train,0
train_5815.jpg,train,0
train_5816.jpg,train,0
train_5817.jpg,train,0
train_5818.jpg,train,0
train_5819.jpg,train,0
train_5820.jpg,train,0
train_5821.jpg,train,0
train_5822.jpg,train,0
train_5823.jpg,train,0
train_5824.jpg,train,0
train_5825.jpg,train,0
train_5826.jpg,train,0
train_5827.jpg,train,0
train_5828.jpg,train,0
train_5829.jpg,train,0
train_5830.jpg,train,0
train_5831.jpg,train,0
train_5832.jpg,train,0
train_5833.jpg,train,0
train_5834.jpg,train,0
train_5835.jpg,train,0
train_5836.jpg,train,0
train_5837.jpg,train,0
train_5838.jpg,train,0
train_5839.jpg,train,0
train_5840.jpg,train,0
train_5841.jpg,train,0
train_5842.jpg,train,0
train_5843.jpg,train,0
train_5844.jpg,train,0
train_5845.jpg,train,0
train_5846.jpg,train,0
train_5847.jpg,train,0
train_5848.jpg,train,0
train_5849.jpg,train,0
train_5850.jpg,train,0
train_5851.jpg,train,0
train_5852.jpg,train,0
train_5853.jpg,train,0
train_5854.jpg,train,0
train_5855.jpg,train,0
train_5856.jpg,train,0
train_5857.jpg,train,0
train_5858.jpg,train,0
train_5859.jpg,train,0
train_5860.jpg,train,0
train_5861.jpg,train,0
train_5862.jpg,train,0
train_5863.jpg,train,0
train_5864.jpg,train,0
train_5865.jpg,train,0
train_5866.jpg,train,0
train_5867.jpg,train,0
train_5868.jpg,train,0
train_5869.jpg,train,0
train_5870.jpg,train,0
train_5871.jpg,train,0
train_5872.jpg,train,0
train_5873.jpg,train,0
train_5874.jpg,train,0
train_5875.jpg,train,0
train_5876.jpg,train,0
train_5877.jpg,train,0
train_5878.jpg,train,0
train_5879.jpg,train,0
train_5880.jpg,train,0
train_5881.jpg,train,0
train_5882.jpg,train,0
train_5883.jpg,train,0
train_5884.jpg,train,0
train_5885.jpg,train,0
train_5886.jpg,train,0
train_5887.jpg,train,0
train_5888.jpg,train,0
train_5889.jpg,train,0
train_5890.jpg,train,0
train_5891.jpg,train,0
train_5892.jpg,train,0
train_5893.jpg,train,0
train_5894.jpg,train,0
train_5895.jpg,train,0
train_5896.jpg,train,0
train_5897.jpg,train,0
train_5898.jpg,train,0
train_5899.jpg,train,0
train_5900.jpg,train,0
train_5901.jpg,train,0
train_5902.jpg,train,0
train_5903.jpg,train,0
train_5904.jpg,train,0
train_5905.jpg,train,0
train_5906.jpg,train,0
train_5907.jpg,train,0
train_5908.jpg,train,0
train_5909.jpg,train,0
train_5910.jpg,train,0
train_5911.jpg,train,0
train_5912.jpg,train,0
train_5913.jpg,train,0
train_5914.jpg,train,0
train_5915.jpg,train,0
train_5916.jpg,train,0
train_5917.jpg,train,0
train_5918.jpg,train,0
train_5919.jpg,train,0
train_5920.jpg,train,0
train_5921.jpg,train,0
train_5922.jpg,train,0
train_5923.jpg,train,0
train_5924.jpg,train,0
train_5925.jpg,train,0
train_5926.jpg,train,0
train_5927.jpg,train,0
train_5928.jpg,train,0
train_5929.jpg,train,0
train_5930.jpg,train,0
train_5931.jpg,train,0
train_5932.jpg,train,0
train_5933.jpg,train,0
train_5934.jpg,train,0
train_5935.jpg,train,0
train_5936.jpg,train,0
train_5937.jpg,train,0
train_5938.jpg,train,0
train_5939.jpg,train,0
train_5940.jpg,train,0
train_5941.jpg,train,0
train_5942.jpg,train,0
train_5943.jpg,train,0
train_5944.jpg,train,0
train_5945.jpg,train,0
train_5946.jpg,train,0
train_5947.jpg,train,0
train_5948.jpg,train,0
train_5949.jpg,train,0
train_5950.jpg,train,0
train_5951.jpg,train,0
train_5952.jpg,train,0
train_5953.jpg,train,0
train_5954.jpg,train,0
train_5955.jpg,train,0
train_5956.jpg,train,0
train_5957.jpg,train,0
train_5958.jpg,train,0
train_5959.jpg,train,0
train_5960.jpg,train,0
train_5961.jpg,train,0
train_5962.jpg,train,0
train_5963.jpg,train,0
train_5964.jpg,train,0
train_5965.jpg,train,0
train_5966.jpg,train,0
train_5967.jpg,train,0
train_5968.jpg,train,0
train_5969.jpg,train,0
train_5970.jpg,train,0
train_5971.jpg,train,0
train_5972.jpg,train,0
train_5973.jpg,train,0
train_5974.jpg,train,0
train_5975.jpg,train,0
train_5976.jpg,train,0
train_5977.jpg,train,0
train_5978.jpg,train,0
train_5979.jpg,train,0
train_5980.jpg,train,0
train_5981.jpg,train,0
train_5982.jpg,train,0
train_5983.jpg,train,0
train_5984.jpg,train,0
train_5985.jpg,train,0
train_5986.jpg,train,0
train_5987.jpg,train,0
train_5988.jpg,train,0
train_5989.jpg,train,0
train_5990.jpg,train,0
train_5991.jpg,train,0
train_5992.jpg,train,0
train_5993.jpg,train,0
train_5994.jpg,train,0
train_5995.jpg,train,0
train_5996.jpg,train,0
train_5997.jpg,train,0
train_5998.jpg,train,0
train_5999.jpg,train,0
train_6000.jpg,train,0
train_6001.jpg,train,0
train_6002.jpg,train,0
train_6003.jpg,train,0
train_6004.jpg,train,0
train_6005.jpg,train,0
train_6006.jpg,train,0
train_6007.jpg,train,0
train_6008.jpg,train,0
train_6009.jpg,train,0
train_6010.jpg,train,0
train_6011.jpg,train,0
train_6012.jpg,train,0
train_6013.jpg,train,0
train_6014.jpg,train,0
train_6015.jpg,train,0
train_6016.jpg,train,0
train_6017.jpg,train,0
train_6018.jpg,train,0
train_6019.jpg,train,0
train_6020.jpg,train,0
train_6021.jpg,train,0
train_6022.jpg,train,0
train_6023.jpg,train,0
train_6024.jpg,train,0
train_6025.jpg,train,0
train_6026.jpg,train,0
train_6027.jpg,train,0
train_6028.jpg,train,0
train_6029.jpg,train,0
train_6030.jpg,train,0
train_6031.jpg,train,0
train_6032.jpg,train,0
train_6033.jpg,train,0
train_6034.jpg,train,0
train_6035.jpg,train,0
train_6036.jpg,train,0
train_6037.jpg,train,0
train_6038.jpg,train,0
train_6039.jpg,train,0
train_6040.jpg,train,0
train_6041.jpg,train,0
train_6042.jpg,train,0
train_6043.jpg,train,0
train_6044.jpg,train,0
train_6045.jpg,train,0
train_6046.jpg,train,0
train_6047.jpg,train,0
train_6048.jpg,train,0
train_6049.jpg,train,0
train_6050.jpg,train,0
train_6051.jpg,train,0
train_6052.jpg,train,0
train_6053.jpg,train,0
train_6054.jpg,train,0
train_6055.jpg,train,0
train_6056.jpg,train,0
train_6057.jpg,train,0
train_6058.jpg,train,0
train_6059.jpg,train,0
train_6060.jpg,train,0
train_6061.jpg,train,0
train_6062.jpg,train,0
train_6063.jpg,train,0
train_6064.jpg,train,0
train_6065.jpg,train,0
train_6066.jpg,train,0
train_6067.jpg,train,0
train_6068.jpg,train,0
train_6069.jpg,train,0
train_6070.jpg,train,0
train_6071.jpg,train,0
train_6072.jpg,train,0
train_6073.jpg,train,0
train_6074.jpg,train,0
train_6075.jpg,train,0
train_6076.jpg,train,0
train_6077.jpg,train,0
train_6078.jpg,train,0
train_6079.jpg,train,0
train_6080.jpg,train,0
train_6081.jpg,train,0
train_6082.jpg,train,0
train_6083.jpg,train,0
train_6084.jpg,train,0
train_6085.jpg,train,0
train_6086.jpg,train,0
train_6087.jpg,train,0
train_6088.jpg,train,0
train_6089.jpg,train,0
train_6090.jpg,train,0
train_6091.jpg,train,0
train_6092.jpg,train,0
train_6093.jpg,train,0
train_6094.jpg,train,0
train_6095.jpg,train,0
train_6096.jpg,train,0
train_6097.jpg,train,0
train_6098.jpg,train,0
train_6099.jpg,train,0
train_6100.jpg,train,0
train_6101.jpg,train,0
train_6102.jpg,train,0
train_6103.jpg,train,0
train_6104.jpg,train,0
train_6105.jpg,train,0
train_6106.jpg,train,0
train_6107.jpg,train,0
train_6108.jpg,train,0
train_6109.jpg,train,0
train_6110.jpg,train,0
train_6111.jpg,train,0
train_6112.jpg,train,0
train_6113.jpg,train,0
train_6114.jpg,train,0
train_6115.jpg,train,0
train_6116.jpg,train,0
train_6117.jpg,train,0
train_6118.jpg,train,0
train_6119.jpg,train,0
train_6120.jpg,train,0
train_6121.jpg,train,0
train_6122.jpg,train,0
train_6123.jpg,train,0
train_6124.jpg,train,0
train_6125.jpg,train,0
train_6126.jpg,train,0
train_6127.jpg,train,0
train_6128.jpg,train,0
train_6129.jpg,train,0
train_6130.jpg,train,0
train_6131.jpg,train,0
train_6132.jpg,train,0
train_6133.jpg,train,0
train_6134.jpg,train,0
train_6135.jpg,train,0
train_6136.jpg,train,0
train_6137.jpg,train,0
train_6138.jpg,train,0
train_6139.jpg,train,0
train_6140.jpg,train,0
train_6141.jpg,train,0
train_6142.jpg,train,0
train_6143.jpg,train,0
train_6144.jpg,train,0
train_6145.jpg,train,0
train_6146.jpg,train,0
train_6147.jpg,train,0
train_6148.jpg,train,0
train_6149.jpg,train,0
train_6150.jpg,train,0
train_6151.jpg,train,0
train_6152.jpg,train,0
train_6153.jpg,train,0
train_6154.jpg,train,0
train_6155.jpg,train,0
train_6156.jpg,train,0
train_6157.jpg,train,0
train_6158.jpg,train,0
train_6159.jpg,train,0
train_6160.jpg,train,0
train_6161.jpg,train,0
train_6162.jpg,train,0
train_6163.jpg,train,0
train_6164.jpg,train,0
train_6165.jpg,train,0
train_6166.jpg,train,0
train_6167.jpg,train,0
train_6168.jpg,train,0
train_6169.jpg,train,0
train_6170.jpg,train,0
train_6171.jpg,train,0
train_6172.jpg,train,0
train_6173.jpg,train,0
train_6174.jpg,train,0
train_6175.jpg,train,0
train_6176.jpg,train,0
train_6177.jpg,train,0
train_6178.jpg,train,0
train_6179.jpg,train,0
train_6180.jpg,train,0
train_6181.jpg,train,0
train_6182.jpg,train,0
train_6183.jpg,train,0
train_6184.jpg,train,0
train_6185.jpg,train,0
train_6186.jpg,train,0
train_6187.jpg,train,0
train_6188.jpg,train,0
train_6189.jpg,train,0
train_6190.jpg,train,0
train_6191.jpg,train,0
train_6192.jpg,train,0
train_6193.jpg,train,0
train_6195.jpg,train,0
train_6196.jpg,train,0
train_6197.jpg,train,0
train_6198.jpg,train,0
train_6199.jpg,train,0
train_6200.jpg,train,0
train_6201.jpg,train,0
train_6202.jpg,train,0
train_6203.jpg,train,0
train_6204.jpg,train,0
train_6205.jpg,train,0
train_6206.jpg,train,0
train_6207.jpg,train,0
train_6208.jpg,train,0
train_6209.jpg,train,0
train_6210.jpg,train,0
train_6211.jpg,train,0
train_6212.jpg,train,0
train_6213.jpg,train,0
train_6214.jpg,train,0
train_6215.jpg,train,0
train_6216.jpg,train,0
train_6217.jpg,train,0
train_6218.jpg,train,0
train_6219.jpg,train,0
train_6220.jpg,train,0
train_6221.jpg,train,0
train_6222.jpg,train,0
train_6223.jpg,train,0
train_6224.jpg,train,0
train_6225.jpg,train,0
train_6226.jpg,train,0
train_6227.jpg,train,0
train_6228.jpg,train,0
train_6229.jpg,train,0
train_6230.jpg,train,0
train_6231.jpg,train,0
train_6232.jpg,train,0
train_6233.jpg,train,0
train_6234.jpg,train,0
train_6235.jpg,train,0
train_6236.jpg,train,0
train_6237.jpg,train,0
train_6238.jpg,train,0
train_6239.jpg,train,0
train_6240.jpg,train,0
train_6241.jpg,train,0
train_6242.jpg,train,0
train_6243.jpg,train,0
train_6244.jpg,train,0
train_6245.jpg,train,0
train_6246.jpg,train,0
train_6247.jpg,train,0
train_6248.jpg,train,0
train_6249.jpg,train,0
train_6250.jpg,train,0
train_6251.jpg,train,0
train_6252.jpg,train,0
train_6253.jpg,train,0
train_6254.jpg,train,0
train_6255.jpg,train,0
train_6256.jpg,train,0
train_6257.jpg,train,0
train_6258.jpg,train,0
train_6259.jpg,train,0
train_6260.jpg,train,0
train_6261.jpg,train,0
train_6262.jpg,train,0
train_6263.jpg,train,0
train_6264.jpg,train,0
train_6265.jpg,train,0
train_6266.jpg,train,0
train_6267.jpg,train,0
train_6268.jpg,train,0
train_6269.jpg,train,0
train_6270.jpg,train,0
train_6271.jpg,train,0
train_6272.jpg,train,0
train_6273.jpg,train,0
train_6274.jpg,train,0
train_6275.jpg,train,0
train_6276.jpg,train,0
train_6277.jpg,train,0
train_6278.jpg,train,0
train_6279.jpg,train,0
train_6280.jpg,train,0
train_6281.jpg,train,0
train_6282.jpg,train,0
train_6283.jpg,train,0
train_6284.jpg,train,0
train_6285.jpg,train,0
train_6286.jpg,train,0
train_6287.jpg,train,0
train_6288.jpg,train,0
train_6289.jpg,train,0
train_6290.jpg,train,0
train_6291.jpg,train,0
train_6292.jpg,train,0
train_6293.jpg,train,0
train_6294.jpg,train,0
train_6295.jpg,train,0
train_6296.jpg,train,0
train_6297.jpg,train,0
train_6298.jpg,train,0
train_6299.jpg,train,0
train_6300.jpg,train,0
train_6301.jpg,train,0
train_6302.jpg,train,0
train_6303.jpg,train,0
train_6304.jpg,train,0
train_6305.jpg,train,0
train_6306.jpg,train,0
train_6307.jpg,train,0
train_6308.jpg,train,0
train_6309.jpg,train,0
train_6310.jpg,train,0
train_6311.jpg,train,0
train_6312.jpg,train,0
train_6313.jpg,train,0
train_6314.jpg,train,0
train_6315.jpg,train,0
train_6316.jpg,train,0
train_6317.jpg,train,0
train_6318.jpg,train,0
train_6319.jpg,train,0
train_6320.jpg,train,0
train_6321.jpg,train,0
train_6322.jpg,train,0
train_6323.jpg,train,0
train_6324.jpg,train,0
train_6325.jpg,train,0
train_6326.jpg,train,0
train_6327.jpg,train,0
train_6328.jpg,train,0
train_6329.jpg,train,0
train_6330.jpg,train,0
train_6331.jpg,train,0
train_6332.jpg,train,0
train_6333.jpg,train,0
train_6334.jpg,train,0
train_6335.jpg,train,0
train_6336.jpg,train,0
train_6337.jpg,train,0
train_6338.jpg,train,0
train_6339.jpg,train,0
train_6340.jpg,train,0
train_6341.jpg,train,0
train_6342.jpg,train,0
train_6343.jpg,train,0
train_6344.jpg,train,0
train_6345.jpg,train,0
train_6346.jpg,train,0
train_6347.jpg,train,0
train_6348.jpg,train,0
train_6349.jpg,train,0
train_6350.jpg,train,0
train_6351.jpg,train,0
train_6352.jpg,train,0
train_6353.jpg,train,0
train_6354.jpg,train,0
train_6355.jpg,train,0
train_6356.jpg,train,0
train_6357.jpg,train,0
train_6358.jpg,train,0
train_6359.jpg,train,0
train_6360.jpg,train,0
train_6361.jpg,train,0
train_6362.jpg,train,0
train_6363.jpg,train,0
train_6364.jpg,train,0
train_6365.jpg,train,0
train_6366.jpg,train,0
train_6367.jpg,train,0
train_6368.jpg,train,0
train_6369.jpg,train,0
train_6370.jpg,train,0
train_6371.jpg,train,0
train_6372.jpg,train,0
train_6373.jpg,train,0
train_6374.jpg,train,0
train_6375.jpg,train,0
train_6376.jpg,train,0
train_6377.jpg,train,0
train_6378.jpg,train,0
train_6379.jpg,train,0
train_6380.jpg,train,0
train_6381.jpg,train,0
train_6382.jpg,train,0
train_6383.jpg,train,0
train_6384.jpg,train,0
train_6385.jpg,train,0
train_6386.jpg,train,0
train_6387.jpg,train,0
train_6388.jpg,train,0
train_6389.jpg,train,0
train_6390.jpg,train,0
train_6391.jpg,train,0
train_6392.jpg,train,0
train_6393.jpg,train,0
train_6394.jpg,train,0
train_6395.jpg,train,0
train_6396.jpg,train,0
train_6397.jpg,train,0
train_6398.jpg,train,0
train_6399.jpg,train,0
train_6400.jpg,train,0
train_6401.jpg,train,0
train_6402.jpg,train,0
train_6403.jpg,train,0
train_6404.jpg,train,0
train_6405.jpg,train,0
train_6406.jpg,train,0
train_6407.jpg,train,0
train_6408.jpg,train,0
train_6409.jpg,train,0
train_6410.jpg,train,0
train_6411.jpg,train,0
train_6412.jpg,train,0
train_6413.jpg,train,0
train_6414.jpg,train,0
train_6415.jpg,train,0
train_6416.jpg,train,0
train_6417.jpg,train,0
train_6418.jpg,train,0
train_6419.jpg,train,0
train_6420.jpg,train,0
train_6421.jpg,train,0
train_6422.jpg,train,0
train_6423.jpg,train,0
train_6424.jpg,train,0
train_6425.jpg,train,0
train_6426.jpg,train,0
train_6427.jpg,train,0
train_6428.jpg,train,0
train_6429.jpg,train,0
train_6430.jpg,train,0
train_6431.jpg,train,0
train_6432.jpg,train,0
train_6433.jpg,train,0
train_6434.jpg,train,0
train_6435.jpg,train,0
train_6436.jpg,train,0
train_6437.jpg,train,0
train_6438.jpg,train,0
train_6439.jpg,train,0
train_6440.jpg,train,0
train_6441.jpg,train,0
train_6442.jpg,train,0
train_6443.jpg,train,0
train_6444.jpg,train,0
train_6445.jpg,train,0
train_6446.jpg,train,0
train_6447.jpg,train,0
train_6448.jpg,train,0
train_6449.jpg,train,0
train_6450.jpg,train,0
train_6451.jpg,train,0
train_6452.jpg,train,0
train_6453.jpg,train,0
train_6454.jpg,train,0
train_6455.jpg,train,0
train_6456.jpg,train,0
train_6457.jpg,train,0
train_6458.jpg,train,0
train_6459.jpg,train,0
train_6460.jpg,train,0
train_6461.jpg,train,0
train_6462.jpg,train,0
train_6463.jpg,train,0
train_6464.jpg,train,0
train_6465.jpg,train,0
train_6466.jpg,train,0
train_6467.jpg,train,0
train_6468.jpg,train,0
train_6469.jpg,train,0
train_6470.jpg,train,0
train_6471.jpg,train,0
train_6472.jpg,train,0
train_6473.jpg,train,0
train_6474.jpg,train,0
train_6475.jpg,train,0
train_6476.jpg,train,0
train_6477.jpg,train,0
train_6478.jpg,train,0
train_6479.jpg,train,0
train_6480.jpg,train,0
train_6481.jpg,train,0
train_6482.jpg,train,0
train_6483.jpg,train,0
train_6484.jpg,train,0
train_6485.jpg,train,0
train_6486.jpg,train,0
train_6487.jpg,train,0
train_6488.jpg,train,0
train_6489.jpg,train,0
train_6490.jpg,train,0
train_6491.jpg,train,0
train_6492.jpg,train,0
train_6493.jpg,train,0
train_6494.jpg,train,0
train_6495.jpg,train,0
train_6496.jpg,train,0
train_6497.jpg,train,0
train_6498.jpg,train,0
train_6499.jpg,train,0
train_6500.jpg,train,0
train_6501.jpg,train,0
train_6502.jpg,train,0
train_6503.jpg,train,0
train_6504.jpg,train,0
train_6505.jpg,train,0
train_6506.jpg,train,0
train_6507.jpg,train,0
train_6508.jpg,train,0
train_6509.jpg,train,0
train_6510.jpg,train,0
train_6511.jpg,train,0
train_6512.jpg,train,0
train_6513.jpg,train,0
train_6514.jpg,train,0
train_6515.jpg,train,0
train_6516.jpg,train,0
train_6517.jpg,train,0
train_6518.jpg,train,0
train_6519.jpg,train,0
train_6520.jpg,train,0
train_6521.jpg,train,0
train_6522.jpg,train,0
train_6523.jpg,train,0
train_6524.jpg,train,0
train_6525.jpg,train,0
train_6526.jpg,train,0
train_6527.jpg,train,0
train_6528.jpg,train,0
train_6529.jpg,train,0
train_6530.jpg,train,0
train_6531.jpg,train,0
train_6532.jpg,train,0
train_6533.jpg,train,0
train_6534.jpg,train,0
train_6535.jpg,train,0
train_6536.jpg,train,0
train_6537.jpg,train,0
train_6538.jpg,train,0
train_6539.jpg,train,0
train_6540.jpg,train,0
train_6541.jpg,train,0
train_6542.jpg,train,0
train_6543.jpg,train,0
train_6544.jpg,train,0
train_6545.jpg,train,0
train_6546.jpg,train,0
train_6547.jpg,train,0
train_6548.jpg,train,0
train_6549.jpg,train,0
train_6550.jpg,train,0
train_6551.jpg,train,0
train_6552.jpg,train,0
train_6553.jpg,train,0
train_6554.jpg,train,0
train_6555.jpg,train,0
train_6556.jpg,train,0
train_6557.jpg,train,0
train_6558.jpg,train,0
train_6559.jpg,train,0
train_6560.jpg,train,0
train_6561.jpg,train,0
train_6562.jpg,train,0
train_6563.jpg,train,0
train_6564.jpg,train,0
train_6565.jpg,train,0
train_6566.jpg,train,0
train_6567.jpg,train,0
train_6568.jpg,train,0
train_6569.jpg,train,0
train_6570.jpg,train,0
train_6571.jpg,train,0
train_6572.jpg,train,0
train_6573.jpg,train,0
train_6574.jpg,train,0
train_6575.jpg,train,0
train_6576.jpg,train,0
train_6577.jpg,train,0
train_6578.jpg,train,0
train_6579.jpg,train,0
train_6580.jpg,train,0
train_6581.jpg,train,0
train_6582.jpg,train,0
train_6583.jpg,train,0
train_6584.jpg,train,0
train_6585.jpg,train,0
train_6586.jpg,train,0
train_6587.jpg,train,0
train_6588.jpg,train,0
train_6589.jpg,train,0
train_6590.jpg,train,0
train_6591.jpg,train,0
train_6592.jpg,train,0
train_6593.jpg,train,0
train_6594.jpg,train,0
train_6595.jpg,train,0
train_6596.jpg,train,0
train_6597.jpg,train,0
train_6598.jpg,train,0
train_6599.jpg,train,0
train_6600.jpg,train,0
train_6601.jpg,train,0
train_6602.jpg,train,0
train_6603.jpg,train,0
train_6604.jpg,train,0
train_6605.jpg,train,0
train_6606.jpg,train,0
train_6607.jpg,train,0
train_6608.jpg,train,0
train_6609.jpg,train,0
train_6610.jpg,train,0
train_6611.jpg,train,0
train_6612.jpg,train,0
train_6613.jpg,train,0
train_6614.jpg,train,0
train_6615.jpg,train,0
train_6616.jpg,train,0
train_6617.jpg,train,0
train_6618.jpg,train,0
train_6619.jpg,train,0
train_6620.jpg,train,0
train_6621.jpg,train,0
train_6622.jpg,train,0
train_6623.jpg,train,0
train_6624.jpg,train,0
train_6625.jpg,train,0
train_6626.jpg,train,0
train_6627.jpg,train,0
train_6628.jpg,train,0
train_6629.jpg,train,0
train_6630.jpg,train,0
train_6631.jpg,train,0
train_6632.jpg,train,0
train_6633.jpg,train,0
train_6634.jpg,train,0
train_6635.jpg,train,0
train_6636.jpg,train,0
train_6637.jpg,train,0
train_6638.jpg,train,0
train_6639.jpg,train,0
train_6640.jpg,train,0
train_6641.jpg,train,0
train_6642.jpg,train,0
train_6643.jpg,train,0
train_6644.jpg,train,0
train_6645.jpg,train,0
train_6646.jpg,train,0
train_6647.jpg,train,0
train_6648.jpg,train,0
train_6649.jpg,train,0
train_6650.jpg,train,0
train_6651.jpg,train,0
train_6652.jpg,train,0
train_6653.jpg,train,0
train_6654.jpg,train,0
train_6655.jpg,train,0
train_6656.jpg,train,0
train_6657.jpg,train,0
train_6658.jpg,train,0
train_6659.jpg,train,0
train_6660.jpg,train,0
train_6661.jpg,train,0
train_6662.jpg,train,0
train_6663.jpg,train,0
train_6664.jpg,train,0
train_6665.jpg,train,0
train_6666.jpg,train,0
train_6667.jpg,train,0
train_6668.jpg,train,0
train_6669.jpg,train,0
train_6670.jpg,train,0
train_6671.jpg,train,0
train_6672.jpg,train,0
train_6673.jpg,train,0
train_6674.jpg,train,0
train_6675.jpg,train,0
train_6676.jpg,train,0
train_6677.jpg,train,0
train_6678.jpg,train,0
train_6679.jpg,train,0
train_6680.jpg,train,0
train_6681.jpg,train,0
train_6682.jpg,train,0
train_6683.jpg,train,0
train_6684.jpg,train,0
train_6685.jpg,train,0
train_6686.jpg,train,0
train_6687.jpg,train,0
train_6688.jpg,train,0
train_6689.jpg,train,0
train_6690.jpg,train,0
train_6691.jpg,train,0
train_6692.jpg,train,0
train_6693.jpg,train,0
train_6694.jpg,train,0
train_6695.jpg,train,0
train_6696.jpg,train,0
train_6697.jpg,train,0
train_6698.jpg,train,0
train_6699.jpg,train,0
train_6700.jpg,train,0
train_6701.jpg,train,0
train_6702.jpg,train,0
train_6703.jpg,train,0
train_6704.jpg,train,0
train_6705.jpg,train,0
train_6706.jpg,train,0
train_6707.jpg,train,0
train_6708.jpg,train,0
train_6709.jpg,train,0
train_6710.jpg,train,0
train_6711.jpg,train,0
train_6712.jpg,train,0
train_6713.jpg,train,0
train_6714.jpg,train,0
train_6715.jpg,train,0
train_6716.jpg,train,0
train_6717.jpg,train,0
train_6718.jpg,train,0
train_6719.jpg,train,0
train_6720.jpg,train,0
train_6721.jpg,train,0
train_6722.jpg,train,0
train_6723.jpg,train,0
train_6724.jpg,train,0
train_6725.jpg,train,0
train_6726.jpg,train,0
train_6727.jpg,train,0
train_6728.jpg,train,0
train_6729.jpg,train,0
train_6730.jpg,train,0
train_6731.jpg,train,0
train_6732.jpg,train,0
train_6733.jpg,train,0
train_6734.jpg,train,0
train_6735.jpg,train,0
train_6736.jpg,train,0
train_6737.jpg,train,0
train_6738.jpg,train,0
train_6739.jpg,train,0
train_6740.jpg,train,0
train_6741.jpg,train,0
train_6742.jpg,train,0
train_6743.jpg,train,0
train_6744.jpg,train,0
train_6745.jpg,train,0
train_6746.jpg,train,0
train_6747.jpg,train,0
train_6748.jpg,train,0
train_6749.jpg,train,0
train_6750.jpg,train,0
train_6751.jpg,train,0
train_6752.jpg,train,0
train_6753.jpg,train,0
train_6754.jpg,train,0
train_6755.jpg,train,0
train_6756.jpg,train,0
train_6757.jpg,train,0
train_6758.jpg,train,0
train_6759.jpg,train,0
train_6760.jpg,train,0
train_6761.jpg,train,0
train_6762.jpg,train,0
train_6763.jpg,train,0
train_6764.jpg,train,0
train_6765.jpg,train,0
train_6766.jpg,train,0
train_6767.jpg,train,0
train_6768.jpg,train,0
train_6769.jpg,train,0
train_6770.jpg,train,0
train_6771.jpg,train,0
train_6772.jpg,train,0
train_6773.jpg,train,0
train_6774.jpg,train,0
train_6775.jpg,train,0
train_6776.jpg,train,0
train_6777.jpg,train,0
train_6778.jpg,train,0
train_6779.jpg,train,0
train_6780.jpg,train,0
train_6781.jpg,train,0
train_6782.jpg,train,0
train_6783.jpg,train,0
train_6784.jpg,train,0
train_6785.jpg,train,0
train_6786.jpg,train,0
train_6787.jpg,train,0
train_6788.jpg,train,0
train_6789.jpg,train,0
train_6790.jpg,train,0
train_6791.jpg,train,0
train_6792.jpg,train,0
train_6793.jpg,train,0
train_6794.jpg,train,0
train_6795.jpg,train,0
train_6796.jpg,train,0
train_6797.jpg,train,0
train_6798.jpg,train,0
train_6799.jpg,train,0
train_6800.jpg,train,0
train_6801.jpg,train,0
train_6802.jpg,train,0
train_6803.jpg,train,0
train_6804.jpg,train,0
train_6805.jpg,train,0
train_6806.jpg,train,0
train_6807.jpg,train,0
train_6808.jpg,train,0
train_6809.jpg,train,0
train_6810.jpg,train,0
train_6811.jpg,train,0
train_6812.jpg,train,0
train_6813.jpg,train,0
train_6814.jpg,train,0
train_6815.jpg,train,0
train_6816.jpg,train,0
train_6817.jpg,train,0
train_6818.jpg,train,0
train_6819.jpg,train,0
train_6820.jpg,train,0
train_6821.jpg,train,0
train_6822.jpg,train,0
train_6823.jpg,train,0
train_6824.jpg,train,0
train_6825.jpg,train,0
train_6826.jpg,train,0
train_6827.jpg,train,0
train_6828.jpg,train,0
train_6829.jpg,train,0
train_6830.jpg,train,0
train_6831.jpg,train,0
train_6832.jpg,train,0
train_6833.jpg,train,0
train_6834.jpg,train,0
train_6835.jpg,train,0
train_6836.jpg,train,0
train_6837.jpg,train,0
train_6838.jpg,train,0
train_6839.jpg,train,0
train_6840.jpg,train,0
train_6841.jpg,train,0
train_6842.jpg,train,0
train_6843.jpg,train,0
train_6844.jpg,train,0
train_6845.jpg,train,0
train_6846.jpg,train,0
train_6847.jpg,train,0
train_6848.jpg,train,0
train_6849.jpg,train,0
train_6850.jpg,train,0
train_6851.jpg,train,0
train_6852.jpg,train,0
train_6853.jpg,train,0
train_6854.jpg,train,0
train_6855.jpg,train,0
train_6856.jpg,train,0
train_6857.jpg,train,0
train_6858.jpg,train,0
train_6859.jpg,train,0
train_6860.jpg,train,0
train_6861.jpg,train,0
train_6862.jpg,train,0
train_6863.jpg,train,0
train_6864.jpg,train,0
train_6865.jpg,train,0
train_6866.jpg,train,0
train_6867.jpg,train,0
train_6868.jpg,train,0
train_6869.jpg,train,0
train_6870.jpg,train,0
train_6871.jpg,train,0
train_6872.jpg,train,0
train_6873.jpg,train,0
train_6874.jpg,train,0
train_6875.jpg,train,0
train_6876.jpg,train,0
train_6877.jpg,train,0
train_6878.jpg,train,0
train_6879.jpg,train,0
train_6880.jpg,train,0
train_6881.jpg,train,0
train_6882.jpg,train,0
train_6883.jpg,train,0
train_6884.jpg,train,0
train_6885.jpg,train,0
train_6886.jpg,train,0
train_6887.jpg,train,0
train_6888.jpg,train,0
train_6889.jpg,train,0
train_6890.jpg,train,0
train_6891.jpg,train,0
train_6892.jpg,train,0
train_6893.jpg,train,0
train_6894.jpg,train,0
train_6895.jpg,train,0
train_6896.jpg,train,0
train_6897.jpg,train,0
train_6898.jpg,train,0
train_6899.jpg,train,0
train_6900.jpg,train,0
train_6901.jpg,train,0
train_6902.jpg,train,0
train_6903.jpg,train,0
train_6904.jpg,train,0
train_6905.jpg,train,0
train_6906.jpg,train,0
train_6907.jpg,train,0
train_6908.jpg,train,0
train_6909.jpg,train,0
train_6910.jpg,train,0
train_6911.jpg,train,0
train_6912.jpg,train,0
train_6913.jpg,train,0
train_6914.jpg,train,0
train_6915.jpg,train,0
train_6916.jpg,train,0
train_6917.jpg,train,0
train_6918.jpg,train,0
train_6919.jpg,train,0
train_6920.jpg,train,0
train_6921.jpg,train,0
train_6922.jpg,train,0
train_6923.jpg,train,0
train_6924.jpg,train,0
train_6925.jpg,train,0
train_6926.jpg,train,0
train_6927.jpg,train,0
train_6928.jpg,train,0
train_6929.jpg,train,0
train_6930.jpg,train,0
train_6931.jpg,train,0
train_6932.jpg,train,0
train_6933.jpg,train,0
train_6934.jpg,train,0
train_6935.jpg,train,0
train_6936.jpg,train,0
train_6937.jpg,train,0
train_6938.jpg,train,0
train_6939.jpg,train,0
train_6940.jpg,train,0
train_6941.jpg,train,0
train_6942.jpg,train,0
train_6943.jpg,train,0
train_6944.jpg,train,0
train_6945.jpg,train,0
train_6946.jpg,train,0
train_6947.jpg,train,0
train_6948.jpg,train,0
train_6949.jpg,train,0
train_6950.jpg,train,0
train_6951.jpg,train,0
train_6952.jpg,train,0
train_6953.jpg,train,0
train_6954.jpg,train,0
train_6955.jpg,train,0
train_6956.jpg,train,0
train_6957.jpg,train,0
train_6958.jpg,train,0
train_6959.jpg,train,0
train_6960.jpg,train,0
train_6961.jpg,train,0
train_6962.jpg,train,0
train_6963.jpg,train,0
train_6964.jpg,train,0
train_6965.jpg,train,0
train_6966.jpg,train,0
train_6967.jpg,train,0
train_6968.jpg,train,0
train_6969.jpg,train,0
train_6970.jpg,train,0
train_6971.jpg,train,0
train_6972.jpg,train,0
train_6973.jpg,train,0
train_6974.jpg,train,0
train_6975.jpg,train,0
train_6976.jpg,train,0
train_6977.jpg,train,0
train_6978.jpg,train,0
train_6979.jpg,train,0
train_6980.jpg,train,0
train_6981.jpg,train,0
train_6982.jpg,train,0
train_6983.jpg,train,0
train_6984.jpg,train,0
train_6985.jpg,train,0
train_6986.jpg,train,0
train_6987.jpg,train,0
train_6988.jpg,train,0
train_6989.jpg,train,0
train_6990.jpg,train,0
train_6991.jpg,train,0
train_6992.jpg,train,0
train_6993.jpg,train,0
train_6994.jpg,train,0
train_6995.jpg,train,0
train_6996.jpg,train,0
train_6997.jpg,train,0
train_6998.jpg,train,0
train_6999.jpg,train,0
train_7000.jpg,train,0
train_7001.jpg,train,0
train_7002.jpg,train,0
train_7003.jpg,train,0
train_7004.jpg,train,0
train_7005.jpg,train,0
train_7006.jpg,train,0
train_7007.jpg,train,0
train_7008.jpg,train,0
train_7009.jpg,train,0
train_7010.jpg,train,0
train_7011.jpg,train,0
train_7012.jpg,train,0
train_7013.jpg,train,0
train_7014.jpg,train,0
train_7015.jpg,train,0
train_7016.jpg,train,0
train_7017.jpg,train,0
train_7018.jpg,train,0
train_7019.jpg,train,0
train_7020.jpg,train,0
train_7021.jpg,train,0
train_7022.jpg,train,0
train_7023.jpg,train,0
train_7024.jpg,train,0
train_7025.jpg,train,0
train_7026.jpg,train,0
train_7027.jpg,train,0
train_7028.jpg,train,0
train_7029.jpg,train,0
train_7030.jpg,train,0
train_7031.jpg,train,0
train_7032.jpg,train,0
train_7033.jpg,train,0
train_7034.jpg,train,0
train_7035.jpg,train,0
train_7036.jpg,train,0
train_7037.jpg,train,0
train_7038.jpg,train,0
train_7039.jpg,train,0
train_7040.jpg,train,0
train_7041.jpg,train,0
train_7042.jpg,train,0
train_7043.jpg,train,0
train_7044.jpg,train,0
train_7045.jpg,train,0
train_7046.jpg,train,0
train_7047.jpg,train,0
train_7048.jpg,train,0
train_7049.jpg,train,0
train_7050.jpg,train,0
train_7051.jpg,train,0
train_7052.jpg,train,0
train_7053.jpg,train,0
train_7054.jpg,train,0
train_7055.jpg,train,0
train_7056.jpg,train,0
train_7057.jpg,train,0
train_7058.jpg,train,0
train_7059.jpg,train,0
train_7060.jpg,train,0
train_7061.jpg,train,0
train_7062.jpg,train,0
train_7063.jpg,train,0
train_7064.jpg,train,0
train_7065.jpg,train,0
train_7066.jpg,train,0
train_7067.jpg,train,0
train_7068.jpg,train,0
train_7069.jpg,train,0
train_7070.jpg,train,0
train_7071.jpg,train,0
train_7072.jpg,train,0
train_7073.jpg,train,0
train_7074.jpg,train,0
train_7075.jpg,train,0
train_7076.jpg,train,0
train_7077.jpg,train,0
train_7078.jpg,train,0
train_7079.jpg,train,0
train_7080.jpg,train,0
train_7081.jpg,train,0
train_7082.jpg,train,0
train_7083.jpg,train,0
train_7084.jpg,train,0
train_7085.jpg,train,0
train_7086.jpg,train,0
train_7087.jpg,train,0
train_7088.jpg,train,0
train_7089.jpg,train,0
train_7090.jpg,train,0
train_7091.jpg,train,0
train_7092.jpg,train,0
train_7093.jpg,train,0
train_7094.jpg,train,0
train_7095.jpg,train,0
train_7096.jpg,train,0
train_7097.jpg,train,0
train_7098.jpg,train,0
train_7099.jpg,train,0
train_7100.jpg,train,0
train_7101.jpg,train,0
train_7102.jpg,train,0
train_7103.jpg,train,0
train_7104.jpg,train,0
train_7105.jpg,train,0
train_7106.jpg,train,0
train_7107.jpg,train,0
train_7108.jpg,train,0
train_7109.jpg,train,0
train_7110.jpg,train,0
train_7111.jpg,train,0
train_7112.jpg,train,0
train_7113.jpg,train,0
train_7114.jpg,train,0
train_7115.jpg,train,0
train_7116.jpg,train,0
train_7117.jpg,train,0
train_7118.jpg,train,0
train_7119.jpg,train,0
train_7120.jpg,train,0
train_7121.jpg,train,0
train_7122.jpg,train,0
train_7123.jpg,train,0
train_7124.jpg,train,0
train_7125.jpg,train,0
train_7126.jpg,train,0
train_7127.jpg,train,0
train_7128.jpg,train,0
train_7129.jpg,train,0
train_7130.jpg,train,0
train_7131.jpg,train,0
train_7132.jpg,train,0
train_7133.jpg,train,0
train_7134.jpg,train,0
train_7135.jpg,train,0
train_7136.jpg,train,0
train_7137.jpg,train,0
train_7138.jpg,train,0
train_7139.jpg,train,0
train_7140.jpg,train,0
train_7141.jpg,train,0
train_7142.jpg,train,0
train_7143.jpg,train,0
train_7144.jpg,train,0
train_7145.jpg,train,0
train_7146.jpg,train,0
train_7147.jpg,train,0
train_7148.jpg,train,0
train_7149.jpg,train,0
train_7150.jpg,train,0
train_7151.jpg,train,0
train_7152.jpg,train,0
train_7153.jpg,train,0
train_7154.jpg,train,0
train_7155.jpg,train,0
train_7156.jpg,train,0
train_7157.jpg,train,0
train_7158.jpg,train,0
train_7159.jpg,train,0
train_7160.jpg,train,0
train_7161.jpg,train,0
train_7162.jpg,train,0
train_7163.jpg,train,0
train_7164.jpg,train,0
train_7165.jpg,train,0
train_7166.jpg,train,0
train_7167.jpg,train,0
train_7168.jpg,train,0
train_7169.jpg,train,0
train_7170.jpg,train,0
train_7171.jpg,train,0
train_7172.jpg,train,0
train_7173.jpg,train,0
train_7174.jpg,train,0
train_7175.jpg,train,0
train_7176.jpg,train,0
train_7177.jpg,train,0
train_7178.jpg,train,0
train_7179.jpg,train,0
train_7180.jpg,train,0
train_7181.jpg,train,0
train_7182.jpg,train,0
train_7183.jpg,train,0
train_7184.jpg,train,0
train_7185.jpg,train,0
train_7186.jpg,train,0
train_7187.jpg,train,0
train_7188.jpg,train,0
train_7189.jpg,train,0
train_7190.jpg,train,0
train_7191.jpg,train,0
train_7192.jpg,train,0
train_7193.jpg,train,0
train_7194.jpg,train,0
train_7195.jpg,train,0
train_7196.jpg,train,0
train_7197.jpg,train,0
train_7198.jpg,train,0
train_7199.jpg,train,0
train_7200.jpg,train,0
train_7201.jpg,train,0
train_7202.jpg,train,0
train_7203.jpg,train,0
train_7204.jpg,train,0
train_7205.jpg,train,0
train_7206.jpg,train,0
train_7207.jpg,train,0
train_7208.jpg,train,0
train_7209.jpg,train,0
train_7210.jpg,train,0
train_7211.jpg,train,0
train_7212.jpg,train,0
train_7213.jpg,train,0
train_7214.jpg,train,0
train_7215.jpg,train,0
train_7216.jpg,train,0
train_7217.jpg,train,0
train_7218.jpg,train,0
train_7219.jpg,train,0
train_7220.jpg,train,0
train_7221.jpg,train,0
train_7222.jpg,train,0
train_7223.jpg,train,0
train_7224.jpg,train,0
train_7225.jpg,train,0
train_7226.jpg,train,0
train_7227.jpg,train,0
train_7228.jpg,train,0
train_7229.jpg,train,0
train_7230.jpg,train,0
train_7231.jpg,train,0
train_7232.jpg,train,0
train_7233.jpg,train,0
train_7234.jpg,train,0
train_7235.jpg,train,0
train_7236.jpg,train,0
train_7237.jpg,train,0
train_7238.jpg,train,0
train_7239.jpg,train,0
train_7240.jpg,train,0
train_7241.jpg,train,0
train_7242.jpg,train,0
train_7243.jpg,train,0
train_7244.jpg,train,0
train_7245.jpg,train,0
train_7246.jpg,train,0
train_7247.jpg,train,0
train_7248.jpg,train,0
train_7249.jpg,train,0
train_7250.jpg,train,0
train_7251.jpg,train,0
train_7252.jpg,train,0
train_7253.jpg,train,0
train_7254.jpg,train,0
train_7255.jpg,train,0
train_7256.jpg,train,0
train_7257.jpg,train,0
train_7258.jpg,train,0
train_7259.jpg,train,0
train_7260.jpg,train,0
train_7261.jpg,train,0
train_7262.jpg,train,0
train_7263.jpg,train,0
train_7264.jpg,train,0
train_7265.jpg,train,0
train_7266.jpg,train,0
train_7267.jpg,train,0
train_7268.jpg,train,0
train_7269.jpg,train,0
train_7270.jpg,train,0
train_7271.jpg,train,0
train_7272.jpg,train,0
train_7273.jpg,train,0
train_7274.jpg,train,0
train_7275.jpg,train,0
train_7276.jpg,train,0
train_7277.jpg,train,0
train_7278.jpg,train,0
train_7279.jpg,train,0
train_7280.jpg,train,0
train_7281.jpg,train,0
train_7282.jpg,train,0
train_7283.jpg,train,0
train_7284.jpg,train,0
train_7285.jpg,train,0
train_7286.jpg,train,0
train_7287.jpg,train,0
train_7288.jpg,train,0
train_7289.jpg,train,0
train_7290.jpg,train,0
train_7291.jpg,train,0
train_7292.jpg,train,0
train_7293.jpg,train,0
train_7294.jpg,train,0
train_7295.jpg,train,0
train_7296.jpg,train,0
train_7297.jpg,train,0
train_7298.jpg,train,0
train_7299.jpg,train,0
train_7300.jpg,train,0
train_7301.jpg,train,0
train_7302.jpg,train,0
train_7303.jpg,train,0
train_7304.jpg,train,0
train_7305.jpg,train,0
train_7306.jpg,train,0
train_7307.jpg,train,0
train_7308.jpg,train,0
train_7309.jpg,train,0
train_7310.jpg,train,0
train_7311.jpg,train,0
train_7312.jpg,train,0
train_7313.jpg,train,0
train_7314.jpg,train,0
train_7315.jpg,train,0
train_7316.jpg,train,0
train_7317.jpg,train,0
train_7318.jpg,train,0
train_7319.jpg,train,0
train_7320.jpg,train,0
train_7321.jpg,train,0
train_7322.jpg,train,0
train_7323.jpg,train,0
train_7324.jpg,train,0
train_7325.jpg,train,0
train_7326.jpg,train,0
train_7327.jpg,train,0
train_7328.jpg,train,0
train_7329.jpg,train,0
train_7330.jpg,train,0
train_7331.jpg,train,0
train_7332.jpg,train,0
train_7333.jpg,train,0
train_7334.jpg,train,0
train_7335.jpg,train,0
train_7336.jpg,train,0
train_7337.jpg,train,0
train_7338.jpg,train,0
train_7339.jpg,train,0
train_7340.jpg,train,0
train_7341.jpg,train,0
train_7342.jpg,train,0
train_7343.jpg,train,0
train_7344.jpg,train,0
train_7345.jpg,train,0
train_7346.jpg,train,0
train_7347.jpg,train,0
train_7348.jpg,train,0
train_7349.jpg,train,0
train_7350.jpg,train,0
train_7351.jpg,train,0
train_7352.jpg,train,0
train_7353.jpg,train,0
train_7354.jpg,train,0
train_7355.jpg,train,0
train_7356.jpg,train,0
train_7357.jpg,train,0
train_7358.jpg,train,0
train_7359.jpg,train,0
train_7360.jpg,train,0
train_7361.jpg,train,0
train_7362.jpg,train,0
train_7363.jpg,train,0
train_7364.jpg,train,0
train_7365.jpg,train,0
train_7366.jpg,train,0
train_7367.jpg,train,0
train_7368.jpg,train,0
train_7369.jpg,train,0
train_7370.jpg,train,0
train_7371.jpg,train,0
train_7372.jpg,train,0
train_7373.jpg,train,0
train_7374.jpg,train,0
train_7375.jpg,train,0
train_7376.jpg,train,0
train_7377.jpg,train,0
train_7378.jpg,train,0
train_7379.jpg,train,0
train_7380.jpg,train,0
train_7381.jpg,train,0
train_7382.jpg,train,0
train_7383.jpg,train,0
train_7384.jpg,train,0
train_7385.jpg,train,0
train_7386.jpg,train,0
train_7387.jpg,train,0
train_7388.jpg,train,0
train_7389.jpg,train,0
train_7390.jpg,train,0
train_7391.jpg,train,0
train_7392.jpg,train,0
train_7393.jpg,train,0
train_7394.jpg,train,0
train_7395.jpg,train,0
train_7396.jpg,train,0
train_7397.jpg,train,0
train_7398.jpg,train,0
train_7399.jpg,train,0
train_7400.jpg,train,0
train_7401.jpg,train,0
train_7402.jpg,train,0
train_7403.jpg,train,0
train_7404.jpg,train,0
train_7405.jpg,train,0
train_7406.jpg,train,0
train_7407.jpg,train,0
train_7408.jpg,train,0
train_7409.jpg,train,0
train_7410.jpg,train,0
train_7411.jpg,train,0
train_7412.jpg,train,0
train_7413.jpg,train,0
train_7414.jpg,train,0
train_7415.jpg,train,0
train_7416.jpg,train,0
train_7417.jpg,train,0
train_7418.jpg,train,0
train_7419.jpg,train,0
train_7420.jpg,train,0
train_7421.jpg,train,0
train_7422.jpg,train,0
train_7423.jpg,train,0
train_7424.jpg,train,0
train_7425.jpg,train,0
train_7426.jpg,train,0
train_7427.jpg,train,0
train_7428.jpg,train,0
train_7429.jpg,train,0
train_7430.jpg,train,0
train_7431.jpg,train,0
train_7432.jpg,train,0
train_7433.jpg,train,0
train_7434.jpg,train,0
train_7435.jpg,train,0
train_7436.jpg,train,0
train_7437.jpg,train,0
train_7438.jpg,train,0
train_7439.jpg,train,0
train_7440.jpg,train,0
train_7441.jpg,train,0
train_7442.jpg,train,0
train_7443.jpg,train,0
train_7444.jpg,train,0
train_7445.jpg,train,0
train_7446.jpg,train,0
train_7447.jpg,train,0
train_7448.jpg,train,0
train_7449.jpg,train,0
train_7450.jpg,train,0
train_7451.jpg,train,0
train_7452.jpg,train,0
train_7453.jpg,train,0
train_7454.jpg,train,0
train_7455.jpg,train,0
train_7456.jpg,train,0
train_7457.jpg,train,0
train_7458.jpg,train,0
train_7459.jpg,train,0
train_7460.jpg,train,0
train_7461.jpg,train,0
train_7462.jpg,train,0
train_7463.jpg,train,0
train_7464.jpg,train,0
train_7465.jpg,train,0
train_7466.jpg,train,0
train_7467.jpg,train,0
train_7468.jpg,train,0
train_7469.jpg,train,0
train_7470.jpg,train,0
train_7471.jpg,train,0
train_7472.jpg,train,0
train_7473.jpg,train,0
train_7474.jpg,train,0
train_7475.jpg,train,0
train_7476.jpg,train,0
train_7477.jpg,train,0
train_7478.jpg,train,0
train_7479.jpg,train,0
train_7480.jpg,train,0
train_7481.jpg,train,0
train_7482.jpg,train,0
train_7483.jpg,train,0
train_7484.jpg,train,0
train_7485.jpg,train,0
train_7486.jpg,train,0
train_7487.jpg,train,0
train_7488.jpg,train,0
train_7489.jpg,train,0
train_7490.jpg,train,0
train_7491.jpg,train,0
train_7492.jpg,train,0
train_7493.jpg,train,0
train_7494.jpg,train,0
train_7495.jpg,train,0
train_7496.jpg,train,0
train_7497.jpg,train,0
train_7498.jpg,train,0
train_7499.jpg,train,0
train_7500.jpg,train,0
train_7501.jpg,train,0
train_7502.jpg,train,0
train_7503.jpg,train,0
train_7504.jpg,train,0
train_7505.jpg,train,0
train_7506.jpg,train,0
train_7507.jpg,train,0
train_7508.jpg,train,0
train_7509.jpg,train,0
train_7510.jpg,train,0
train_7511.jpg,train,0
train_7512.jpg,train,0
train_7513.jpg,train,0
train_7514.jpg,train,0
train_7515.jpg,train,0
train_7516.jpg,train,0
train_7517.jpg,train,0
train_7518.jpg,train,0
train_7519.jpg,train,0
train_7520.jpg,train,0
train_7521.jpg,train,0
train_7522.jpg,train,0
train_7523.jpg,train,0
train_7524.jpg,train,0
train_7525.jpg,train,0
train_7526.jpg,train,0
train_7527.jpg,train,0
train_7528.jpg,train,0
train_7529.jpg,train,0
train_7530.jpg,train,0
train_7531.jpg,train,0
train_7532.jpg,train,0
train_7533.jpg,train,0
train_7534.jpg,train,0
train_7535.jpg,train,0
train_7536.jpg,train,0
train_7537.jpg,train,0
train_7538.jpg,train,0
train_7539.jpg,train,0
train_7540.jpg,train,0
train_7541.jpg,train,0
train_7542.jpg,train,0
train_7543.jpg,train,0
train_7544.jpg,train,0
train_7545.jpg,train,0
train_7546.jpg,train,0
train_7547.jpg,train,0
train_7548.jpg,train,0
train_7549.jpg,train,0
train_7550.jpg,train,0
train_7551.jpg,train,0
train_7552.jpg,train,0
train_7553.jpg,train,0
train_7554.jpg,train,0
train_7555.jpg,train,0
train_7556.jpg,train,0
train_7557.jpg,train,0
train_7558.jpg,train,0
train_7559.jpg,train,0
train_7560.jpg,train,0
train_7561.jpg,train,0
train_7562.jpg,train,0
train_7563.jpg,train,0
train_7564.jpg,train,0
train_7565.jpg,train,0
train_7566.jpg,train,0
train_7567.jpg,train,0
train_7568.jpg,train,0
train_7569.jpg,train,0
train_7570.jpg,train,0
train_7571.jpg,train,0
train_7572.jpg,train,0
train_7573.jpg,train,0
train_7574.jpg,train,0
train_7575.jpg,train,0
train_7576.jpg,train,0
train_7577.jpg,train,0
train_7578.jpg,train,0
train_7579.jpg,train,0
train_7580.jpg,train,0
train_7581.jpg,train,0
train_7582.jpg,train,0
train_7583.jpg,train,0
train_7584.jpg,train,0
train_7585.jpg,train,0
train_7586.jpg,train,0
train_7587.jpg,train,0
train_7588.jpg,train,0
train_7589.jpg,train,0
train_7590.jpg,train,0
train_7591.jpg,train,0
train_7592.jpg,train,0
train_7593.jpg,train,0
train_7594.jpg,train,0
train_7595.jpg,train,0
train_7596.jpg,train,0
train_7597.jpg,train,0
train_7598.jpg,train,0
train_7599.jpg,train,0
train_7600.jpg,train,0
train_7601.jpg,train,0
train_7602.jpg,train,0
train_7603.jpg,train,0
train_7604.jpg,train,0
train_7605.jpg,train,0
train_7606.jpg,train,0
train_7607.jpg,train,0
train_7608.jpg,train,0
train_7609.jpg,train,0
train_7610.jpg,train,0
train_7611.jpg,train,0
train_7612.jpg,train,0
train_7613.jpg,train,0
train_7614.jpg,train,0
train_7615.jpg,train,0
train_7616.jpg,train,0
train_7617.jpg,train,0
train_7618.jpg,train,0
train_7619.jpg,train,0
train_7620.jpg,train,0
train_7621.jpg,train,0
train_7622.jpg,train,0
train_7623.jpg,train,0
train_7624.jpg,train,0
train_7625.jpg,train,0
train_7626.jpg,train,0
train_7627.jpg,train,0
train_7628.jpg,train,0
train_7629.jpg,train,0
train_7630.jpg,train,0
train_7631.jpg,train,0
train_7632.jpg,train,0
train_7633.jpg,train,0
train_7634.jpg,train,0
train_7635.jpg,train,0
train_7636.jpg,train,0
train_7637.jpg,train,0
train_7638.jpg,train,0
train_7639.jpg,train,0
train_7640.jpg,train,0
train_7641.jpg,train,0
train_7642.jpg,train,0
train_7643.jpg,train,0
train_7644.jpg,train,0
train_7645.jpg,train,0
train_7646.jpg,train,0
train_7647.jpg,train,0
train_7648.jpg,train,0
train_7649.jpg,train,0
train_7650.jpg,train,0
train_7651.jpg,train,0
train_7652.jpg,train,0
train_7653.jpg,train,0
train_7654.jpg,train,0
train_7655.jpg,train,0
train_7656.jpg,train,0
train_7657.jpg,train,0
train_7658.jpg,train,0
train_7659.jpg,train,0
train_7660.jpg,train,0
train_7661.jpg,train,0
train_7662.jpg,train,0
train_7663.jpg,train,0
train_7664.jpg,train,0
train_7665.jpg,train,0
train_7666.jpg,train,0
train_7667.jpg,train,0
train_7668.jpg,train,0
train_7669.jpg,train,0
train_7670.jpg,train,0
train_7671.jpg,train,0
train_7672.jpg,train,0
train_7673.jpg,train,0
train_7674.jpg,train,0
train_7675.jpg,train,0
train_7676.jpg,train,0
train_7677.jpg,train,0
train_7678.jpg,train,0
train_7679.jpg,train,0
train_7680.jpg,train,0
train_7681.jpg,train,0
train_7682.jpg,train,0
train_7683.jpg,train,0
train_7684.jpg,train,0
train_7685.jpg,train,0
train_7686.jpg,train,0
train_7687.jpg,train,0
train_7688.jpg,train,0
train_7689.jpg,train,0
train_7690.jpg,train,0
train_7691.jpg,train,0
train_7692.jpg,train,0
train_7693.jpg,train,0
train_7694.jpg,train,0
train_7695.jpg,train,0
train_7696.jpg,train,0
train_7697.jpg,train,0
train_7698.jpg,train,0
train_7699.jpg,train,0
train_7700.jpg,train,0
train_7701.jpg,train,0
train_7702.jpg,train,0
train_7703.jpg,train,0
train_7704.jpg,train,0
train_7705.jpg,train,0
train_7706.jpg,train,0
train_7707.jpg,train,0
train_7708.jpg,train,0
train_7709.jpg,train,0
train_7710.jpg,train,0
train_7711.jpg,train,0
train_7712.jpg,train,0
train_7713.jpg,train,0
train_7714.jpg,train,0
train_7715.jpg,train,0
train_7716.jpg,train,0
train_7717.jpg,train,0
train_7718.jpg,train,0
train_7719.jpg,train,0
train_7720.jpg,train,0
train_7721.jpg,train,0
train_7722.jpg,train,0
train_7723.jpg,train,0
train_7724.jpg,train,0
train_7725.jpg,train,0
train_7726.jpg,train,0
train_7727.jpg,train,0
train_7728.jpg,train,0
train_7729.jpg,train,0
train_7730.jpg,train,0
train_7731.jpg,train,0
train_7732.jpg,train,0
train_7733.jpg,train,0
train_7734.jpg,train,0
train_7735.jpg,train,0
train_7736.jpg,train,0
train_7737.jpg,train,0
train_7738.jpg,train,0
train_7739.jpg,train,0
train_7740.jpg,train,0
train_7741.jpg,train,0
train_7742.jpg,train,0
train_7743.jpg,train,0
train_7744.jpg,train,0
train_7745.jpg,train,0
train_7746.jpg,train,0
train_7747.jpg,train,0
train_7748.jpg,train,0
train_7749.jpg,train,0
train_7750.jpg,train,0
train_7751.jpg,train,0
train_7752.jpg,train,0
train_7753.jpg,train,0
train_7754.jpg,train,0
train_7755.jpg,train,0
train_7756.jpg,train,0
train_7757.jpg,train,0
train_7758.jpg,train,0
train_7759.jpg,train,0
train_7760.jpg,train,0
train_7761.jpg,train,0
train_7762.jpg,train,0
train_7763.jpg,train,0
train_7764.jpg,train,0
train_7765.jpg,train,0
train_7766.jpg,train,0
train_7767.jpg,train,0
train_7768.jpg,train,0
train_7769.jpg,train,0
train_7770.jpg,train,0
train_7771.jpg,train,0
train_7772.jpg,train,0
train_7773.jpg,train,0
train_7774.jpg,train,0
train_7775.jpg,train,0
train_7776.jpg,train,0
train_7777.jpg,train,0
train_7778.jpg,train,0
train_7779.jpg,train,0
train_7780.jpg,train,0
train_7781.jpg,train,0
train_7782.jpg,train,0
train_7783.jpg,train,0
train_7784.jpg,train,0
train_7785.jpg,train,0
train_7786.jpg,train,0
train_7787.jpg,train,0
train_7788.jpg,train,0
train_7789.jpg,train,0
train_7790.jpg,train,0
train_7791.jpg,train,0
train_7792.jpg,train,0
train_7793.jpg,train,0
train_7794.jpg,train,0
train_7795.jpg,train,0
train_7796.jpg,train,0
train_7797.jpg,train,0
train_7798.jpg,train,0
train_7799.jpg,train,0
train_7800.jpg,train,0
train_7801.jpg,train,0
train_7802.jpg,train,0
train_7803.jpg,train,0
train_7804.jpg,train,0
train_7805.jpg,train,0
train_7806.jpg,train,0
train_7807.jpg,train,0
train_7808.jpg,train,0
train_7809.jpg,train,0
train_7810.jpg,train,0
train_7811.jpg,train,0
train_7812.jpg,train,0
train_7813.jpg,train,0
train_7814.jpg,train,0
train_7815.jpg,train,0
train_7816.jpg,train,0
train_7817.jpg,train,0
train_7818.jpg,train,0
train_7819.jpg,train,0
train_7820.jpg,train,0
train_7821.jpg,train,0
train_7822.jpg,train,0
train_7823.jpg,train,0
train_7824.jpg,train,0
train_7825.jpg,train,0
train_7826.jpg,train,0
train_7827.jpg,train,0
train_7828.jpg,train,0
train_7829.jpg,train,0
train_7830.jpg,train,0
train_7831.jpg,train,0
train_7832.jpg,train,0
train_7833.jpg,train,0
train_7834.jpg,train,0
train_7835.jpg,train,0
train_7836.jpg,train,0
train_7837.jpg,train,0
train_7838.jpg,train,0
train_7839.jpg,train,0
train_7840.jpg,train,0
train_7841.jpg,train,0
train_7842.jpg,train,0
train_7843.jpg,train,0
train_7844.jpg,train,0
train_7845.jpg,train,0
train_7846.jpg,train,0
train_7847.jpg,train,0
train_7848.jpg,train,0
train_7849.jpg,train,0
train_7850.jpg,train,0
train_7851.jpg,train,0
train_7852.jpg,train,0
train_7853.jpg,train,0
train_7854.jpg,train,0
train_7855.jpg,train,0
train_7856.jpg,train,0
train_7857.jpg,train,0
train_7858.jpg,train,0
train_7859.jpg,train,0
train_7860.jpg,train,0
train_7861.jpg,train,0
train_7862.jpg,train,0
train_7863.jpg,train,0
train_7864.jpg,train,0
train_7865.jpg,train,0
train_7866.jpg,train,0
train_7867.jpg,train,0
train_7868.jpg,train,0
train_7869.jpg,train,0
train_7870.jpg,train,0
train_7871.jpg,train,0
train_7872.jpg,train,0
train_7873.jpg,train,0
train_7874.jpg,train,0
train_7875.jpg,train,0
train_7876.jpg,train,0
train_7877.jpg,train,0
train_7878.jpg,train,0
train_7879.jpg,train,0
train_7880.jpg,train,0
train_7881.jpg,train,0
train_7882.jpg,train,0
train_7883.jpg,train,0
train_7884.jpg,train,0
train_7885.jpg,train,0
train_7886.jpg,train,0
train_7887.jpg,train,0
train_7888.jpg,train,0
train_7889.jpg,train,0
train_7890.jpg,train,0
train_7891.jpg,train,0
train_7892.jpg,train,0
train_7893.jpg,train,0
train_7894.jpg,train,0
train_7895.jpg,train,0
train_7896.jpg,train,0
train_7897.jpg,train,0
train_7898.jpg,train,0
train_7899.jpg,train,0
train_7900.jpg,train,0
train_7901.jpg,train,0
train_7902.jpg,train,0
train_7903.jpg,train,0
train_7904.jpg,train,0
train_7905.jpg,train,0
train_7906.jpg,train,0
train_7907.jpg,train,0
train_7908.jpg,train,0
train_7909.jpg,train,0
train_7910.jpg,train,0
train_7911.jpg,train,0
train_7912.jpg,train,0
train_7913.jpg,train,0
train_7914.jpg,train,0
train_7915.jpg,train,0
train_7916.jpg,train,0
train_7917.jpg,train,0
train_7918.jpg,train,0
train_7919.jpg,train,0
train_7920.jpg,train,0
train_7921.jpg,train,0
train_7922.jpg,train,0
train_7923.jpg,train,0
train_7924.jpg,train,0
train_7925.jpg,train,0
train_7926.jpg,train,0
train_7927.jpg,train,0
train_7928.jpg,train,0
train_7929.jpg,train,0
train_7930.jpg,train,0
train_7931.jpg,train,0
train_7932.jpg,train,0
train_7933.jpg,train,0
train_7934.jpg,train,0
train_7935.jpg,train,0
train_7936.jpg,train,0
train_7937.jpg,train,0
train_7938.jpg,train,0
train_7939.jpg,train,0
train_7940.jpg,train,0
train_7941.jpg,train,0
train_7942.jpg,train,0
train_7943.jpg,train,0
train_7944.jpg,train,0
train_7945.jpg,train,0
train_7946.jpg,train,0
train_7947.jpg,train,0
train_7948.jpg,train,0
train_7949.jpg,train,0
train_7950.jpg,train,0
train_7951.jpg,train,0
train_7952.jpg,train,0
train_7953.jpg,train,0
train_7954.jpg,train,0
train_7955.jpg,train,0
train_7956.jpg,train,0
train_7957.jpg,train,0
train_7958.jpg,train,0
train_7959.jpg,train,0
train_7960.jpg,train,0
train_7961.jpg,train,0
train_7962.jpg,train,0
train_7963.jpg,train,0
train_7964.jpg,train,0
train_7965.jpg,train,0
train_7966.jpg,train,0
train_7967.jpg,train,0
train_7968.jpg,train,0
train_7969.jpg,train,0
train_7970.jpg,train,0
train_7971.jpg,train,0
train_7972.jpg,train,0
train_7973.jpg,train,0
train_7974.jpg,train,0
train_7975.jpg,train,0
train_7976.jpg,train,0
train_7977.jpg,train,0
train_7978.jpg,train,0
train_7979.jpg,train,0
train_7980.jpg,train,0
train_7981.jpg,train,0
train_7982.jpg,train,0
train_7983.jpg,train,0
train_7984.jpg,train,0
train_7985.jpg,train,0
train_7986.jpg,train,0
train_7987.jpg,train,0
train_7988.jpg,train,0
train_7989.jpg,train,0
train_7990.jpg,train,0
train_7991.jpg,train,0
train_7992.jpg,train,0
train_7993.jpg,train,0
train_7994.jpg,train,0
train_7995.jpg,train,0
train_7996.jpg,train,0
train_7997.jpg,train,0
train_7998.jpg,train,0
train_7999.jpg,train,0
train_8000.jpg,train,0
train_8001.jpg,train,0
train_8002.jpg,train,0
train_8003.jpg,train,0
train_8004.jpg,train,0
train_8005.jpg,train,0
train_8006.jpg,train,0
train_8007.jpg,train,0
train_8008.jpg,train,0
train_8009.jpg,train,0
train_8010.jpg,train,0
train_8011.jpg,train,0
train_8012.jpg,train,0
train_8013.jpg,train,0
train_8014.jpg,train,0
train_8015.jpg,train,0
train_8016.jpg,train,0
train_8017.jpg,train,0
train_8018.jpg,train,0
train_8019.jpg,train,0
train_8020.jpg,train,0
train_8021.jpg,train,0
train_8022.jpg,train,0
train_8023.jpg,train,0
train_8024.jpg,train,0
train_8025.jpg,train,0
train_8026.jpg,train,0
train_8027.jpg,train,0
train_8028.jpg,train,0
train_8029.jpg,train,0
train_8030.jpg,train,0
train_8031.jpg,train,0
train_8032.jpg,train,0
train_8033.jpg,train,0
train_8034.jpg,train,0
train_8035.jpg,train,0
train_8036.jpg,train,0
train_8037.jpg,train,0
train_8038.jpg,train,0
train_8039.jpg,train,0
train_8040.jpg,train,0
train_8041.jpg,train,0
train_8042.jpg,train,0
train_8043.jpg,train,0
train_8044.jpg,train,0
train_8045.jpg,train,0
train_8046.jpg,train,0
train_8047.jpg,train,0
train_8048.jpg,train,0
train_8049.jpg,train,0
train_8050.jpg,train,0
train_8051.jpg,train,0
train_8052.jpg,train,0
train_8053.jpg,train,0
train_8054.jpg,train,0
train_8055.jpg,train,0
train_8056.jpg,train,0
train_8057.jpg,train,0
train_8058.jpg,train,0
train_8059.jpg,train,0
train_8060.jpg,train,0
train_8061.jpg,train,0
train_8062.jpg,train,0
train_8063.jpg,train,0
train_8064.jpg,train,0
train_8065.jpg,train,0
train_8066.jpg,train,0
train_8067.jpg,train,0
train_8068.jpg,train,0
train_8069.jpg,train,0
train_8070.jpg,train,0
train_8071.jpg,train,0
train_8072.jpg,train,0
train_8073.jpg,train,0
train_8074.jpg,train,0
train_8075.jpg,train,0
train_8076.jpg,train,0
train_8077.jpg,train,0
train_8078.jpg,train,0
train_8079.jpg,train,0
train_8080.jpg,train,0
train_8081.jpg,train,0
train_8082.jpg,train,0
train_8083.jpg,train,0
train_8084.jpg,train,0
train_8085.jpg,train,0
train_8086.jpg,train,0
train_8087.jpg,train,0
train_8088.jpg,train,0
train_8089.jpg,train,0
train_8090.jpg,train,0
train_8091.jpg,train,0
train_8092.jpg,train,0
train_8093.jpg,train,0
train_8094.jpg,train,0
train_8095.jpg,train,0
train_8096.jpg,train,0
train_8097.jpg,train,0
train_8098.jpg,train,0
train_8099.jpg,train,0
train_8100.jpg,train,0
train_8101.jpg,train,0
train_8102.jpg,train,0
train_8103.jpg,train,0
train_8104.jpg,train,0
train_8105.jpg,train,0
train_8106.jpg,train,0
train_8107.jpg,train,0
train_8108.jpg,train,0
train_8109.jpg,train,0
train_8110.jpg,train,0
train_8111.jpg,train,0
train_8112.jpg,train,0
train_8113.jpg,train,0
train_8114.jpg,train,0
train_8115.jpg,train,0
train_8116.jpg,train,0
train_8117.jpg,train,0
train_8118.jpg,train,0
train_8119.jpg,train,0
train_8120.jpg,train,0
train_8121.jpg,train,0
train_8122.jpg,train,0
train_8123.jpg,train,0
train_8124.jpg,train,0
train_8125.jpg,train,0
train_8126.jpg,train,0
train_8127.jpg,train,0
train_8128.jpg,train,0
train_8129.jpg,train,0
train_8130.jpg,train,0
train_8131.jpg,train,0
train_8132.jpg,train,0
train_8133.jpg,train,0
train_8134.jpg,train,0
train_8135.jpg,train,0
train_8136.jpg,train,0
train_8137.jpg,train,0
train_8138.jpg,train,0
train_8139.jpg,train,0
train_8140.jpg,train,0
train_8141.jpg,train,0
train_8142.jpg,train,0
train_8143.jpg,train,0
train_8144.jpg,train,0
train_8145.jpg,train,0
train_8146.jpg,train,0
train_8147.jpg,train,0
train_8148.jpg,train,0
train_8149.jpg,train,0
train_8150.jpg,train,0
train_8151.jpg,train,0
train_8152.jpg,train,0
train_8153.jpg,train,0
train_8154.jpg,train,0
train_8155.jpg,train,0
train_8156.jpg,train,0
train_8157.jpg,train,0
train_8158.jpg,train,0
train_8159.jpg,train,0
train_8160.jpg,train,0
train_8161.jpg,train,0
train_8162.jpg,train,0
train_8163.jpg,train,0
train_8164.jpg,train,0
train_8165.jpg,train,0
train_8166.jpg,train,0
train_8167.jpg,train,0
train_8168.jpg,train,0
train_8169.jpg,train,0
train_8170.jpg,train,0
train_8171.jpg,train,0
train_8172.jpg,train,0
train_8173.jpg,train,0
train_8174.jpg,train,0
train_8175.jpg,train,0
train_8176.jpg,train,0
train_8177.jpg,train,0
train_8178.jpg,train,0
train_8179.jpg,train,0
train_8180.jpg,train,0
train_8181.jpg,train,0
train_8182.jpg,train,0
train_8183.jpg,train,0
train_8184.jpg,train,0
train_8185.jpg,train,0
train_8186.jpg,train,0
train_8187.jpg,train,0
train_8188.jpg,train,0
train_8189.jpg,train,0
train_8190.jpg,train,0
train_8191.jpg,train,0
train_8192.jpg,train,0
train_8193.jpg,train,0
train_8194.jpg,train,0
train_8195.jpg,train,0
train_8196.jpg,train,0
train_8197.jpg,train,0
train_8198.jpg,train,0
train_8199.jpg,train,0
train_8200.jpg,train,0
train_8201.jpg,train,0
train_8202.jpg,train,0
train_8203.jpg,train,0
train_8204.jpg,train,0
train_8205.jpg,train,0
train_8206.jpg,train,0
train_8207.jpg,train,0
train_8208.jpg,train,0
train_8209.jpg,train,0
train_8210.jpg,train,0
train_8211.jpg,train,0
train_8212.jpg,train,0
train_8213.jpg,train,0
train_8214.jpg,train,0
train_8215.jpg,train,0
train_8216.jpg,train,0
train_8217.jpg,train,0
train_8218.jpg,train,0
train_8219.jpg,train,0
train_8220.jpg,train,0
train_8221.jpg,train,0
train_8222.jpg,train,0
train_8223.jpg,train,0
train_8224.jpg,train,0
train_8225.jpg,train,0
train_8226.jpg,train,0
train_8227.jpg,train,0
train_8228.jpg,train,0
train_8229.jpg,train,0
train_8230.jpg,train,0
train_8231.jpg,train,0
train_8232.jpg,train,0
train_8233.jpg,train,0
train_8234.jpg,train,0
train_8235.jpg,train,0
train_8236.jpg,train,0
train_8237.jpg,train,0
train_8238.jpg,train,0
train_8239.jpg,train,0
train_8240.jpg,train,0
train_8241.jpg,train,0
train_8242.jpg,train,0
train_8243.jpg,train,0
train_8244.jpg,train,0
train_8245.jpg,train,0
train_8246.jpg,train,0
train_8247.jpg,train,0
train_8248.jpg,train,0
train_8249.jpg,train,0
train_8250.jpg,train,0
train_8251.jpg,train,0
train_8252.jpg,train,0
train_8253.jpg,train,0
train_8254.jpg,train,0
train_8255.jpg,train,0
train_8256.jpg,train,0
train_8257.jpg,train,0
train_8258.jpg,train,0
train_8259.jpg,train,0
train_8260.jpg,train,0
train_8261.jpg,train,0
train_8262.jpg,train,0
train_8263.jpg,train,0
train_8264.jpg,train,0
train_8265.jpg,train,0
train_8266.jpg,train,0
train_8267.jpg,train,0
train_8268.jpg,train,0
train_8269.jpg,train,0
train_8270.jpg,train,0
train_8271.jpg,train,0
train_8272.jpg,train,0
train_8273.jpg,train,0
train_8274.jpg,train,0
train_8275.jpg,train,0
train_8276.jpg,train,0
train_8277.jpg,train,0
train_8278.jpg,train,0
train_8279.jpg,train,0
train_8280.jpg,train,0
train_8281.jpg,train,0
train_8282.jpg,train,0
train_8283.jpg,train,0
train_8284.jpg,train,0
train_8285.jpg,train,0
train_8286.jpg,train,0
train_8287.jpg,train,0
train_8288.jpg,train,0
train_8289.jpg,train,0
train_8290.jpg,train,0
train_8291.jpg,train,0
train_8292.jpg,train,0
train_8293.jpg,train,0
train_8294.jpg,train,0
train_8295.jpg,train,0
train_8296.jpg,train,0
train_8297.jpg,train,0
train_8298.jpg,train,0
train_8299.jpg,train,0
train_8300.jpg,train,0
train_8301.jpg,train,0
train_8302.jpg,train,0
train_8303.jpg,train,0
train_8304.jpg,train,0
train_8305.jpg,train,0
train_8306.jpg,train,0
train_8307.jpg,train,0
train_8308.jpg,train,0
train_8309.jpg,train,0
train_8310.jpg,train,0
train_8311.jpg,train,0
train_8312.jpg,train,0
train_8313.jpg,train,0
train_8314.jpg,train,0
train_8315.jpg,train,0
train_8316.jpg,train,0
train_8317.jpg,train,0
train_8318.jpg,train,0
train_8319.jpg,train,0
train_8320.jpg,train,0
train_8321.jpg,train,0
train_8322.jpg,train,0
train_8323.jpg,train,0
train_8324.jpg,train,0
train_8325.jpg,train,0
train_8326.jpg,train,0
train_8327.jpg,train,0
train_8328.jpg,train,0
train_8329.jpg,train,0
train_8330.jpg,train,0
train_8331.jpg,train,0
train_8332.jpg,train,0
train_8333.jpg,train,0
train_8334.jpg,train,0
train_8335.jpg,train,0
train_8336.jpg,train,0
train_8337.jpg,train,0
train_8338.jpg,train,0
train_8339.jpg,train,0
train_8340.jpg,train,0
train_8341.jpg,train,0
train_8342.jpg,train,0
train_8343.jpg,train,0
train_8344.jpg,train,0
train_8345.jpg,train,0
train_8346.jpg,train,0
train_8347.jpg,train,0
train_8348.jpg,train,0
train_8349.jpg,train,0
train_8350.jpg,train,0
train_8351.jpg,train,0
train_8352.jpg,train,0
train_8353.jpg,train,0
train_8354.jpg,train,0
train_8355.jpg,train,0
train_8356.jpg,train,0
train_8357.jpg,train,0
train_8358.jpg,train,0
train_8359.jpg,train,0
train_8360.jpg,train,0
train_8361.jpg,train,0
train_8362.jpg,train,0
train_8363.jpg,train,0
train_8364.jpg,train,0
train_8365.jpg,train,0
train_8366.jpg,train,0
train_8367.jpg,train,0
train_8368.jpg,train,0
train_8369.jpg,train,0
train_8370.jpg,train,0
train_8371.jpg,train,0
train_8372.jpg,train,0
train_8373.jpg,train,0
train_8374.jpg,train,0
train_8375.jpg,train,0
train_8376.jpg,train,0
train_8377.jpg,train,0
train_8378.jpg,train,0
train_8379.jpg,train,0
train_8380.jpg,train,0
train_8381.jpg,train,0
train_8382.jpg,train,0
train_8383.jpg,train,0
train_8384.jpg,train,0
train_8385.jpg,train,0
train_8386.jpg,train,0
train_8387.jpg,train,0
train_8388.jpg,train,0
train_8389.jpg,train,0
train_8390.jpg,train,0
train_8391.jpg,train,0
train_8392.jpg,train,0
train_8393.jpg,train,0
train_8394.jpg,train,0
train_8395.jpg,train,0
train_8396.jpg,train,0
train_8397.jpg,train,0
train_8398.jpg,train,0
train_8399.jpg,train,0
train_8400.jpg,train,0
train_8401.jpg,train,0
train_8402.jpg,train,0
train_8403.jpg,train,0
train_8404.jpg,train,0
train_8405.jpg,train,0
train_8406.jpg,train,0
train_8407.jpg,train,0
train_8408.jpg,train,0
train_8409.jpg,train,0
train_8410.jpg,train,0
train_8411.jpg,train,0
train_8412.jpg,train,0
train_8413.jpg,train,0
train_8414.jpg,train,0
train_8415.jpg,train,0
train_8416.jpg,train,0
train_8417.jpg,train,0
train_8418.jpg,train,0
train_8419.jpg,train,0
train_8420.jpg,train,0
train_8421.jpg,train,0
train_8422.jpg,train,0
train_8423.jpg,train,0
train_8424.jpg,train,0
train_8425.jpg,train,0
train_8426.jpg,train,0
train_8427.jpg,train,0
train_8428.jpg,train,0
train_8429.jpg,train,0
train_8430.jpg,train,0
train_8431.jpg,train,0
train_8432.jpg,train,0
train_8433.jpg,train,0
train_8434.jpg,train,0
train_8435.jpg,train,0
train_8436.jpg,train,0
train_8437.jpg,train,0
train_8438.jpg,train,0
train_8439.jpg,train,0
train_8440.jpg,train,0
train_8441.jpg,train,0
train_8442.jpg,train,0
train_8443.jpg,train,0
train_8444.jpg,train,0
train_8445.jpg,train,0
train_8446.jpg,train,0
train_8447.jpg,train,0
train_8448.jpg,train,0
train_8449.jpg,train,0
train_8450.jpg,train,0
train_8451.jpg,train,0
train_8452.jpg,train,0
train_8453.jpg,train,0
train_8454.jpg,train,0
train_8455.jpg,train,0
train_8456.jpg,train,0
train_8457.jpg,train,0
train_8458.jpg,train,0
train_8459.jpg,train,0
train_8460.jpg,train,0
train_8461.jpg,train,0
train_8462.jpg,train,0
train_8463.jpg,train,0
train_8464.jpg,train,0
train_8465.jpg,train,0
train_8466.jpg,train,0
train_8467.jpg,train,0
train_8468.jpg,train,0
train_8469.jpg,train,0
train_8470.jpg,train,0
train_8471.jpg,train,0
train_8472.jpg,train,0
train_8473.jpg,train,0
train_8474.jpg,train,0
train_8475.jpg,train,0
train_8476.jpg,train,0
train_8477.jpg,train,0
train_8478.jpg,train,0
train_8479.jpg,train,0
train_8480.jpg,train,0
train_8481.jpg,train,0
train_8482.jpg,train,0
train_8483.jpg,train,0
train_8484.jpg,train,0
train_8485.jpg,train,0
train_8486.jpg,train,0
train_8487.jpg,train,0
train_8488.jpg,train,0
train_8489.jpg,train,0
train_8490.jpg,train,0
train_8491.jpg,train,0
train_8492.jpg,train,0
train_8493.jpg,train,0
train_8494.jpg,train,0
train_8495.jpg,train,0
train_8496.jpg,train,0
train_8497.jpg,train,0
train_8498.jpg,train,0
train_8499.jpg,train,0
train_8500.jpg,train,0
train_8501.jpg,train,0
train_8502.jpg,train,0
train_8503.jpg,train,0
train_8504.jpg,train,0
train_8505.jpg,train,0
train_8506.jpg,train,0
train_8507.jpg,train,0
train_8508.jpg,train,0
train_8509.jpg,train,0
train_8510.jpg,train,0
train_8511.jpg,train,0
train_8512.jpg,train,0
train_8513.jpg,train,0
train_8514.jpg,train,0
train_8515.jpg,train,0
train_8516.jpg,train,0
train_8517.jpg,train,0
train_8518.jpg,train,0
train_8519.jpg,train,0
train_8520.jpg,train,0
train_8521.jpg,train,0
train_8522.jpg,train,0
train_8523.jpg,train,0
train_8524.jpg,train,0
train_8525.jpg,train,0
train_8526.jpg,train,0
train_8527.jpg,train,0
train_8528.jpg,train,0
train_8529.jpg,train,0
train_8530.jpg,train,0
train_8531.jpg,train,0
train_8532.jpg,train,0
train_8533.jpg,train,0
train_8534.jpg,train,0
train_8535.jpg,train,0
train_8536.jpg,train,0
train_8537.jpg,train,0
train_8538.jpg,train,0
train_8539.jpg,train,0
train_8540.jpg,train,0
train_8541.jpg,train,0
train_8542.jpg,train,0
train_8543.jpg,train,0
train_8544.jpg,train,0
train_8545.jpg,train,0
train_8546.jpg,train,0
train_8547.jpg,train,0
train_8548.jpg,train,0
train_8549.jpg,train,0
train_8550.jpg,train,0
train_8551.jpg,train,0
train_8552.jpg,train,0
train_8553.jpg,train,0
train_8554.jpg,train,0
train_8555.jpg,train,0
train_8556.jpg,train,0
train_8557.jpg,train,0
train_8558.jpg,train,0
train_8559.jpg,train,0
train_8560.jpg,train,0
train_8561.jpg,train,0
train_8562.jpg,train,0
train_8563.jpg,train,0
train_8564.jpg,train,0
train_8565.jpg,train,0
train_8566.jpg,train,0
train_8567.jpg,train,0
train_8568.jpg,train,0
train_8569.jpg,train,0
train_8570.jpg,train,0
train_8571.jpg,train,0
train_8572.jpg,train,0
train_8573.jpg,train,0
train_8574.jpg,train,0
train_8575.jpg,train,0
train_8576.jpg,train,0
train_8577.jpg,train,0
train_8578.jpg,train,0
train_8579.jpg,train,0
train_8580.jpg,train,0
train_8581.jpg,train,0
train_8582.jpg,train,0
train_8583.jpg,train,0
train_8584.jpg,train,0
train_8585.jpg,train,0
train_8586.jpg,train,0
train_8587.jpg,train,0
train_8588.jpg,train,0
train_8589.jpg,train,0
train_8590.jpg,train,0
train_8591.jpg,train,0
train_8592.jpg,train,0
train_8593.jpg,train,0
train_8594.jpg,train,0
train_8595.jpg,train,0
train_8596.jpg,train,0
train_8597.jpg,train,0
train_8598.jpg,train,0
train_8599.jpg,train,0
train_8600.jpg,train,0
train_8601.jpg,train,0
train_8602.jpg,train,0
train_8603.jpg,train,0
train_8604.jpg,train,0
train_8605.jpg,train,0
train_8606.jpg,train,0
train_8607.jpg,train,0
train_8608.jpg,train,0
train_8609.jpg,train,0
train_8610.jpg,train,0
train_8611.jpg,train,0
train_8612.jpg,train,0
train_8613.jpg,train,0
train_8614.jpg,train,0
train_8615.jpg,train,0
train_8616.jpg,train,0
train_8617.jpg,train,0
train_8618.jpg,train,0
train_8619.jpg,train,0
train_8620.jpg,train,0
train_8621.jpg,train,0
train_8622.jpg,train,0
train_8623.jpg,train,0
train_8624.jpg,train,0
train_8625.jpg,train,0
train_8626.jpg,train,0
train_8627.jpg,train,0
train_8628.jpg,train,0
train_8629.jpg,train,0
train_8630.jpg,train,0
train_8631.jpg,train,0
train_8632.jpg,train,0
train_8633.jpg,train,0
train_8634.jpg,train,0
train_8635.jpg,train,0
train_8636.jpg,train,0
train_8637.jpg,train,0
train_8638.jpg,train,0
train_8639.jpg,train,0
train_8640.jpg,train,0
train_8641.jpg,train,0
train_8642.jpg,train,0
train_8643.jpg,train,0
train_8644.jpg,train,0
train_8645.jpg,train,0
train_8646.jpg,train,0
train_8647.jpg,train,0
train_8648.jpg,train,0
train_8649.jpg,train,0
train_8650.jpg,train,0
train_8651.jpg,train,0
train_8652.jpg,train,0
train_8653.jpg,train,0
train_8654.jpg,train,0
train_8655.jpg,train,0
train_8656.jpg,train,0
train_8657.jpg,train,0
train_8658.jpg,train,0
train_8659.jpg,train,0
train_8660.jpg,train,0
train_8661.jpg,train,0
train_8662.jpg,train,0
train_8663.jpg,train,0
train_8664.jpg,train,0
train_8665.jpg,train,0
train_8666.jpg,train,0
train_8667.jpg,train,0
train_8668.jpg,train,0
train_8669.jpg,train,0
train_8670.jpg,train,0
train_8671.jpg,train,0
train_8672.jpg,train,0
train_8673.jpg,train,0
train_8674.jpg,train,0
train_8675.jpg,train,0
train_8676.jpg,train,0
train_8677.jpg,train,0
train_8678.jpg,train,0
train_8679.jpg,train,0
train_8680.jpg,train,0
train_8681.jpg,train,0
train_8682.jpg,train,0
train_8683.jpg,train,0
train_8684.jpg,train,0
train_8685.jpg,train,0
train_8686.jpg,train,0
train_8687.jpg,train,0
train_8688.jpg,train,0
train_8689.jpg,train,0
train_8690.jpg,train,0
train_8691.jpg,train,0
train_8692.jpg,train,0
train_8693.jpg,train,0
train_8694.jpg,train,0
train_8695.jpg,train,0
train_8696.jpg,train,0
train_8697.jpg,train,0
train_8698.jpg,train,0
train_8699.jpg,train,0
train_8700.jpg,train,0
train_8701.jpg,train,0
train_8702.jpg,train,0
train_8703.jpg,train,0
train_8704.jpg,train,0
train_8705.jpg,train,0
train_8706.jpg,train,0
train_8707.jpg,train,0
train_8708.jpg,train,0
train_8709.jpg,train,0
train_8710.jpg,train,0
train_8711.jpg,train,0
train_8712.jpg,train,0
train_8713.jpg,train,0
train_8714.jpg,train,0
train_8715.jpg,train,0
train_8716.jpg,train,0
train_8717.jpg,train,0
train_8718.jpg,train,0
train_8719.jpg,train,0
train_8720.jpg,train,0
train_8721.jpg,train,0
train_8722.jpg,train,0
train_8723.jpg,train,0
train_8724.jpg,train,0
train_8725.jpg,train,0
train_8726.jpg,train,0
train_8727.jpg,train,0
train_8728.jpg,train,0
train_8729.jpg,train,0
train_8730.jpg,train,0
train_8731.jpg,train,0
train_8732.jpg,train,0
train_8733.jpg,train,0
train_8734.jpg,train,0
train_8735.jpg,train,0
train_8736.jpg,train,0
train_8737.jpg,train,0
train_8738.jpg,train,0
train_8739.jpg,train,0
train_8740.jpg,train,0
train_8741.jpg,train,0
train_8742.jpg,train,0
train_8743.jpg,train,0
train_8744.jpg,train,0
train_8745.jpg,train,0
train_8746.jpg,train,0
train_8747.jpg,train,0
train_8748.jpg,train,0
train_8749.jpg,train,0
train_8750.jpg,train,0
train_8751.jpg,train,0
train_8752.jpg,train,0
train_8753.jpg,train,0
train_8754.jpg,train,0
train_8755.jpg,train,0
train_8756.jpg,train,0
train_8757.jpg,train,0
train_8758.jpg,train,0
train_8759.jpg,train,0
train_8760.jpg,train,0
train_8761.jpg,train,0
train_8762.jpg,train,0
train_8763.jpg,train,0
train_8764.jpg,train,0
train_8765.jpg,train,0
train_8766.jpg,train,0
train_8767.jpg,train,0
train_8768.jpg,train,0
train_8769.jpg,train,0
train_8770.jpg,train,0
train_8771.jpg,train,0
train_8772.jpg,train,0
train_8773.jpg,train,0
train_8774.jpg,train,0
train_8775.jpg,train,0
train_8776.jpg,train,0
train_8777.jpg,train,0
train_8778.jpg,train,0
train_8779.jpg,train,0
train_8780.jpg,train,0
train_8781.jpg,train,0
train_8782.jpg,train,0
train_8783.jpg,train,0
train_8784.jpg,train,0
train_8785.jpg,train,0
train_8786.jpg,train,0
train_8787.jpg,train,0
train_8788.jpg,train,0
train_8789.jpg,train,0
train_8790.jpg,train,0
train_8791.jpg,train,0
train_8792.jpg,train,0
train_8793.jpg,train,0
train_8794.jpg,train,0
train_8795.jpg,train,0
train_8796.jpg,train,0
train_8797.jpg,train,0
train_8798.jpg,train,0
train_8799.jpg,train,0
train_8800.jpg,train,0
train_8801.jpg,train,0
train_8802.jpg,train,0
train_8803.jpg,train,0
train_8804.jpg,train,0
train_8805.jpg,train,0
train_8806.jpg,train,0
train_8807.jpg,train,0
train_8808.jpg,train,0
train_8809.jpg,train,0
train_8810.jpg,train,0
train_8811.jpg,train,0
train_8812.jpg,train,0
train_8813.jpg,train,0
train_8814.jpg,train,0
train_8815.jpg,train,0
train_8816.jpg,train,0
train_8817.jpg,train,0
train_8818.jpg,train,0
train_8819.jpg,train,0
train_8820.jpg,train,0
train_8821.jpg,train,0
train_8822.jpg,train,0
train_8823.jpg,train,0
train_8824.jpg,train,0
train_8825.jpg,train,0
train_8826.jpg,train,0
train_8827.jpg,train,0
train_8828.jpg,train,0
train_8829.jpg,train,0
train_8830.jpg,train,0
train_8831.jpg,train,0
train_8832.jpg,train,0
train_8833.jpg,train,0
train_8834.jpg,train,0
train_8835.jpg,train,0
train_8836.jpg,train,0
train_8837.jpg,train,0
train_8838.jpg,train,0
train_8839.jpg,train,0
train_8840.jpg,train,0
train_8841.jpg,train,0
train_8842.jpg,train,0
train_8843.jpg,train,0
train_8844.jpg,train,0
train_8845.jpg,train,0
train_8846.jpg,train,0
train_8847.jpg,train,0
train_8848.jpg,train,0
train_8849.jpg,train,0
train_8850.jpg,train,0
train_8851.jpg,train,0
train_8852.jpg,train,0
train_8853.jpg,train,0
train_8854.jpg,train,0
train_8855.jpg,train,0
train_8856.jpg,train,0
train_8857.jpg,train,0
train_8858.jpg,train,0
train_8859.jpg,train,0
train_8860.jpg,train,0
train_8861.jpg,train,0
train_8862.jpg,train,0
train_8863.jpg,train,0
train_8864.jpg,train,0
train_8865.jpg,train,0
train_8866.jpg,train,0
train_8867.jpg,train,0
train_8868.jpg,train,0
train_8869.jpg,train,0
train_8870.jpg,train,0
train_8871.jpg,train,0
train_8872.jpg,train,0
train_8873.jpg,train,0
train_8874.jpg,train,0
train_8875.jpg,train,0
train_8876.jpg,train,0
train_8877.jpg,train,0
train_8878.jpg,train,0
train_8879.jpg,train,0
train_8880.jpg,train,0
train_8881.jpg,train,0
train_8882.jpg,train,0
train_8883.jpg,train,0
train_8884.jpg,train,0
train_8885.jpg,train,0
train_8886.jpg,train,0
train_8887.jpg,train,0
train_8888.jpg,train,0
train_8889.jpg,train,0
train_8890.jpg,train,0
train_8891.jpg,train,0
train_8892.jpg,train,0
train_8893.jpg,train,0
train_8894.jpg,train,0
train_8895.jpg,train,0
train_8896.jpg,train,0
train_8897.jpg,train,0
train_8898.jpg,train,0
train_8899.jpg,train,0
train_8900.jpg,train,0
train_8901.jpg,train,0
train_8902.jpg,train,0
train_8903.jpg,train,0
train_8904.jpg,train,0
train_8905.jpg,train,0
train_8906.jpg,train,0
train_8907.jpg,train,0
train_8908.jpg,train,0
train_8909.jpg,train,0
train_8910.jpg,train,0
train_8911.jpg,train,0
train_8912.jpg,train,0
train_8913.jpg,train,0
train_8914.jpg,train,0
train_8915.jpg,train,0
train_8916.jpg,train,0
train_8917.jpg,train,0
train_8918.jpg,train,0
train_8919.jpg,train,0
train_8920.jpg,train,0
train_8921.jpg,train,0
train_8922.jpg,train,0
train_8923.jpg,train,0
train_8924.jpg,train,0
train_8925.jpg,train,0
train_8926.jpg,train,0
train_8927.jpg,train,0
train_8928.jpg,train,0
train_8929.jpg,train,0
train_8930.jpg,train,0
train_8931.jpg,train,0
train_8932.jpg,train,0
train_8933.jpg,train,0
train_8934.jpg,train,0
train_8935.jpg,train,0
train_8936.jpg,train,0
train_8937.jpg,train,0
train_8938.jpg,train,0
train_8939.jpg,train,0
train_8940.jpg,train,0
train_8941.jpg,train,0
train_8942.jpg,train,0
train_8943.jpg,train,0
train_8944.jpg,train,0
train_8945.jpg,train,0
train_8946.jpg,train,0
train_8947.jpg,train,0
train_8948.jpg,train,0
train_8949.jpg,train,0
train_8950.jpg,train,0
train_8951.jpg,train,0
train_8952.jpg,train,0
train_8953.jpg,train,0
train_8954.jpg,train,0
train_8955.jpg,train,0
train_8956.jpg,train,0
train_8957.jpg,train,0
train_8958.jpg,train,0
train_8959.jpg,train,0
train_8960.jpg,train,0
train_8961.jpg,train,0
train_8962.jpg,train,0
train_8963.jpg,train,0
train_8964.jpg,train,0
train_8965.jpg,train,0
train_8966.jpg,train,0
train_8967.jpg,train,0
train_8968.jpg,train,0
train_8969.jpg,train,0
train_8970.jpg,train,0
train_8971.jpg,train,0
train_8972.jpg,train,0
train_8973.jpg,train,0
train_8974.jpg,train,0
train_8975.jpg,train,0
train_8976.jpg,train,0
train_8977.jpg,train,0
train_8978.jpg,train,0
train_8979.jpg,train,0
train_8980.jpg,train,0
train_8981.jpg,train,0
train_8982.jpg,train,0
train_8983.jpg,train,0
train_8984.jpg,train,0
train_8985.jpg,train,0
train_8986.jpg,train,0
train_8987.jpg,train,0
train_8988.jpg,train,0
train_8989.jpg,train,0
train_8990.jpg,train,0
train_8991.jpg,train,0
train_8992.jpg,train,0
train_8993.jpg,train,0
train_8994.jpg,train,0
train_8995.jpg,train,0
train_8996.jpg,train,0
train_8997.jpg,train,0
train_8998.jpg,train,0
train_8999.jpg,train,0
train_9000.jpg,train,0
train_9001.jpg,train,0
train_9002.jpg,train,0
train_9003.jpg,train,0
train_9004.jpg,train,0
train_9005.jpg,train,0
train_9006.jpg,train,0
train_9007.jpg,train,0
train_9008.jpg,train,0
train_9009.jpg,train,0
train_9010.jpg,train,0
train_9011.jpg,train,0
train_9012.jpg,train,0
train_9013.jpg,train,0
train_9014.jpg,train,0
train_9015.jpg,train,0
train_9016.jpg,train,0
train_9017.jpg,train,0
train_9018.jpg,train,0
train_9019.jpg,train,0
train_9020.jpg,train,0
train_9021.jpg,train,0
train_9022.jpg,train,0
train_9023.jpg,train,0
train_9024.jpg,train,0
train_9025.jpg,train,0
train_9026.jpg,train,0
train_9027.jpg,train,0
train_9028.jpg,train,0
train_9029.jpg,train,0
train_9030.jpg,train,0
train_9031.jpg,train,0
train_9032.jpg,train,0
train_9033.jpg,train,0
train_9034.jpg,train,0
train_9035.jpg,train,0
train_9036.jpg,train,0
train_9037.jpg,train,0
train_9038.jpg,train,0
train_9039.jpg,train,0
train_9040.jpg,train,0
train_9041.jpg,train,0
train_9042.jpg,train,0
train_9043.jpg,train,0
train_9044.jpg,train,0
train_9045.jpg,train,0
train_9046.jpg,train,0
train_9047.jpg,train,0
train_9048.jpg,train,0
train_9049.jpg,train,0
train_9050.jpg,train,0
train_9051.jpg,train,0
train_9052.jpg,train,0
train_9053.jpg,train,0
train_9054.jpg,train,0
train_9055.jpg,train,0
train_9056.jpg,train,0
train_9057.jpg,train,0
train_9058.jpg,train,0
train_9059.jpg,train,0
train_9060.jpg,train,0
train_9061.jpg,train,0
train_9062.jpg,train,0
train_9063.jpg,train,0
train_9064.jpg,train,0
train_9065.jpg,train,0
train_9066.jpg,train,0
train_9067.jpg,train,0
train_9068.jpg,train,0
train_9069.jpg,train,0
train_9070.jpg,train,0
train_9071.jpg,train,0
train_9072.jpg,train,0
train_9073.jpg,train,0
train_9074.jpg,train,0
train_9075.jpg,train,0
train_9076.jpg,train,0
train_9077.jpg,train,0
train_9078.jpg,train,0
train_9079.jpg,train,0
train_9080.jpg,train,0
train_9081.jpg,train,0
train_9082.jpg,train,0
train_9083.jpg,train,0
train_9084.jpg,train,0
train_9085.jpg,train,0
train_9086.jpg,train,0
train_9087.jpg,train,0
train_9088.jpg,train,0
train_9089.jpg,train,0
train_9090.jpg,train,0
train_9091.jpg,train,0
train_9092.jpg,train,0
train_9093.jpg,train,0
train_9094.jpg,train,0
train_9095.jpg,train,0
train_9096.jpg,train,0
train_9097.jpg,train,0
train_9098.jpg,train,0
train_9099.jpg,train,0
train_9100.jpg,train,0
train_9101.jpg,train,0
train_9102.jpg,train,0
train_9103.jpg,train,0
train_9104.jpg,train,0
train_9105.jpg,train,0
train_9106.jpg,train,0
train_9107.jpg,train,0
train_9108.jpg,train,0
train_9109.jpg,train,0
train_9110.jpg,train,0
train_9111.jpg,train,0
train_9112.jpg,train,0
train_9113.jpg,train,0
train_9114.jpg,train,0
train_9115.jpg,train,0
train_9116.jpg,train,0
train_9117.jpg,train,0
train_9118.jpg,train,0
train_9119.jpg,train,0
train_9120.jpg,train,0
train_9121.jpg,train,0
train_9122.jpg,train,0
train_9123.jpg,train,0
train_9124.jpg,train,0
train_9125.jpg,train,0
train_9126.jpg,train,0
train_9127.jpg,train,0
train_9128.jpg,train,0
train_9129.jpg,train,0
train_9130.jpg,train,0
train_9131.jpg,train,0
train_9132.jpg,train,0
train_9133.jpg,train,0
train_9134.jpg,train,0
train_9135.jpg,train,0
train_9136.jpg,train,0
train_9137.jpg,train,0
train_9138.jpg,train,0
train_9139.jpg,train,0
train_9140.jpg,train,0
train_9141.jpg,train,0
train_9142.jpg,train,0
train_9143.jpg,train,0
train_9144.jpg,train,0
train_9145.jpg,train,0
train_9146.jpg,train,0
train_9147.jpg,train,0
train_9148.jpg,train,0
train_9149.jpg,train,0
train_9150.jpg,train,0
train_9151.jpg,train,0
train_9152.jpg,train,0
train_9153.jpg,train,0
train_9154.jpg,train,0
train_9155.jpg,train,0
train_9156.jpg,train,0
train_9157.jpg,train,0
train_9158.jpg,train,0
train_9159.jpg,train,0
train_9160.jpg,train,0
train_9161.jpg,train,0
train_9162.jpg,train,0
train_9163.jpg,train,0
train_9164.jpg,train,0
train_9165.jpg,train,0
train_9166.jpg,train,0
train_9167.jpg,train,0
train_9168.jpg,train,0
train_9169.jpg,train,0
train_9170.jpg,train,0
train_9171.jpg,train,0
train_9172.jpg,train,0
train_9173.jpg,train,0
train_9174.jpg,train,0
train_9175.jpg,train,0
train_9176.jpg,train,0
train_9177.jpg,train,0
train_9178.jpg,train,0
train_9179.jpg,train,0
train_9180.jpg,train,0
train_9181.jpg,train,0
train_9182.jpg,train,0
train_9183.jpg,train,0
train_9184.jpg,train,0
train_9185.jpg,train,0
train_9186.jpg,train,0
train_9187.jpg,train,0
train_9188.jpg,train,0
train_9189.jpg,train,0
train_9190.jpg,train,0
train_9191.jpg,train,0
train_9192.jpg,train,0
train_9193.jpg,train,0
train_9194.jpg,train,0
train_9195.jpg,train,0
train_9196.jpg,train,0
train_9197.jpg,train,0
train_9198.jpg,train,0
train_9199.jpg,train,0
train_9200.jpg,train,0
train_9201.jpg,train,0
train_9202.jpg,train,0
train_9203.jpg,train,0
train_9204.jpg,train,0
train_9205.jpg,train,0
train_9206.jpg,train,0
train_9207.jpg,train,0
train_9208.jpg,train,0
train_9209.jpg,train,0
train_9210.jpg,train,0
train_9211.jpg,train,0
train_9212.jpg,train,0
train_9213.jpg,train,0
train_9214.jpg,train,0
train_9215.jpg,train,0
train_9216.jpg,train,0
train_9217.jpg,train,0
train_9218.jpg,train,0
train_9219.jpg,train,0
train_9220.jpg,train,0
train_9221.jpg,train,0
train_9222.jpg,train,0
train_9223.jpg,train,0
train_9224.jpg,train,0
train_9225.jpg,train,0
train_9226.jpg,train,0
train_9227.jpg,train,0
train_9228.jpg,train,0
train_9229.jpg,train,0
train_9230.jpg,train,0
train_9231.jpg,train,0
train_9232.jpg,train,0
train_9233.jpg,train,0
train_9234.jpg,train,0
train_9235.jpg,train,0
train_9236.jpg,train,0
train_9237.jpg,train,0
train_9238.jpg,train,0
train_9239.jpg,train,0
train_9240.jpg,train,0
train_9241.jpg,train,0
train_9242.jpg,train,0
train_9243.jpg,train,0
train_9244.jpg,train,0
train_9245.jpg,train,0
train_9246.jpg,train,0
train_9247.jpg,train,0
train_9248.jpg,train,0
train_9249.jpg,train,0
train_9250.jpg,train,0
train_9251.jpg,train,0
train_9252.jpg,train,0
train_9253.jpg,train,0
train_9254.jpg,train,0
train_9255.jpg,train,0
train_9256.jpg,train,0
train_9257.jpg,train,0
train_9258.jpg,train,0
train_9259.jpg,train,0
train_9260.jpg,train,0
train_9261.jpg,train,0
train_9262.jpg,train,0
train_9263.jpg,train,0
train_9264.jpg,train,0
train_9265.jpg,train,0
train_9266.jpg,train,0
train_9267.jpg,train,0
train_9268.jpg,train,0
train_9269.jpg,train,0
train_9270.jpg,train,0
train_9271.jpg,train,0
train_9272.jpg,train,0
train_9273.jpg,train,0
train_9274.jpg,train,0
train_9275.jpg,train,0
train_9276.jpg,train,0
train_9277.jpg,train,0
train_9278.jpg,train,0
train_9279.jpg,train,0
train_9280.jpg,train,0
train_9281.jpg,train,0
train_9282.jpg,train,0
train_9283.jpg,train,0
train_9284.jpg,train,0
train_9285.jpg,train,0
train_9286.jpg,train,0
train_9287.jpg,train,0
train_9288.jpg,train,0
train_9289.jpg,train,0
train_9290.jpg,train,0
train_9291.jpg,train,0
train_9292.jpg,train,0
train_9293.jpg,train,0
train_9294.jpg,train,0
train_9295.jpg,train,0
train_9296.jpg,train,0
train_9297.jpg,train,0
train_9298.jpg,train,0
train_9299.jpg,train,0
train_9300.jpg,train,0
train_9301.jpg,train,0
train_9302.jpg,train,0
train_9303.jpg,train,0
train_9304.jpg,train,0
train_9305.jpg,train,0
train_9306.jpg,train,0
train_9307.jpg,train,0
train_9308.jpg,train,0
train_9309.jpg,train,0
train_9310.jpg,train,0
train_9311.jpg,train,0
train_9312.jpg,train,0
train_9313.jpg,train,0
train_9314.jpg,train,0
train_9315.jpg,train,0
train_9316.jpg,train,0
train_9317.jpg,train,0
train_9318.jpg,train,0
train_9319.jpg,train,0
train_9320.jpg,train,0
train_9321.jpg,train,0
train_9322.jpg,train,0
train_9323.jpg,train,0
train_9324.jpg,train,0
train_9325.jpg,train,0
train_9326.jpg,train,0
train_9327.jpg,train,0
train_9328.jpg,train,0
train_9329.jpg,train,0
train_9330.jpg,train,0
train_9331.jpg,train,0
train_9332.jpg,train,0
train_9333.jpg,train,0
train_9334.jpg,train,0
train_9335.jpg,train,0
train_9336.jpg,train,0
train_9337.jpg,train,0
train_9338.jpg,train,0
train_9339.jpg,train,0
train_9340.jpg,train,0
train_9341.jpg,train,0
train_9342.jpg,train,0
train_9343.jpg,train,0
train_9344.jpg,train,0
train_9345.jpg,train,0
train_9346.jpg,train,0
train_9347.jpg,train,0
train_9348.jpg,train,0
train_9349.jpg,train,0
train_9350.jpg,train,0
train_9351.jpg,train,0
train_9352.jpg,train,0
train_9353.jpg,train,0
train_9354.jpg,train,0
train_9355.jpg,train,0
train_9356.jpg,train,0
train_9357.jpg,train,0
train_9358.jpg,train,0
train_9359.jpg,train,0
train_9360.jpg,train,0
train_9361.jpg,train,0
train_9362.jpg,train,0
train_9363.jpg,train,0
train_9364.jpg,train,0
train_9365.jpg,train,0
train_9366.jpg,train,0
train_9367.jpg,train,0
train_9368.jpg,train,0
train_9369.jpg,train,0
train_9370.jpg,train,0
train_9371.jpg,train,0
train_9372.jpg,train,0
train_9373.jpg,train,0
train_9374.jpg,train,0
train_9375.jpg,train,0
train_9376.jpg,train,0
train_9377.jpg,train,0
train_9378.jpg,train,0
train_9379.jpg,train,0
train_9380.jpg,train,0
train_9381.jpg,train,0
train_9382.jpg,train,0
train_9383.jpg,train,0
train_9384.jpg,train,0
train_9385.jpg,train,0
train_9386.jpg,train,0
train_9387.jpg,train,0
train_9388.jpg,train,0
train_9389.jpg,train,0
train_9390.jpg,train,0
train_9391.jpg,train,0
train_9392.jpg,train,0
train_9393.jpg,train,0
train_9394.jpg,train,0
train_9395.jpg,train,0
train_9396.jpg,train,0
train_9397.jpg,train,0
train_9398.jpg,train,0
train_9399.jpg,train,0
train_9400.jpg,train,0
train_9401.jpg,train,0
train_9402.jpg,train,0
train_9403.jpg,train,0
train_9404.jpg,train,0
train_9405.jpg,train,0
train_9406.jpg,train,0
train_9407.jpg,train,0
train_9408.jpg,train,0
train_9409.jpg,train,0
train_9410.jpg,train,0
train_9411.jpg,train,0
train_9412.jpg,train,0
train_9413.jpg,train,0
train_9414.jpg,train,0
train_9415.jpg,train,0
train_9416.jpg,train,0
train_9417.jpg,train,0
train_9418.jpg,train,0
train_9419.jpg,train,0
train_9420.jpg,train,0
train_9421.jpg,train,0
train_9422.jpg,train,0
train_9423.jpg,train,0
train_9424.jpg,train,0
train_9425.jpg,train,0
train_9426.jpg,train,0
train_9427.jpg,train,0
train_9428.jpg,train,0
train_9429.jpg,train,0
train_9430.jpg,train,0
train_9431.jpg,train,0
train_9432.jpg,train,0
train_9433.jpg,train,0
train_9434.jpg,train,0
train_9435.jpg,train,0
train_9436.jpg,train,0
train_9437.jpg,train,0
train_9438.jpg,train,0
train_9439.jpg,train,0
train_9440.jpg,train,0
train_9441.jpg,train,0
train_9442.jpg,train,0
train_9443.jpg,train,0
train_9444.jpg,train,0
train_9445.jpg,train,0
train_9446.jpg,train,0
train_9447.jpg,train,0
train_9448.jpg,train,0
train_9449.jpg,train,0
train_9450.jpg,train,0
train_9451.jpg,train,0
train_9452.jpg,train,0
train_9453.jpg,train,0
train_9454.jpg,train,0
train_9455.jpg,train,0
train_9456.jpg,train,0
train_9457.jpg,train,0
train_9458.jpg,train,0
train_9459.jpg,train,0
train_9460.jpg,train,0
train_9461.jpg,train,0
train_9462.jpg,train,0
train_9463.jpg,train,0
train_9464.jpg,train,0
train_9465.jpg,train,0
train_9466.jpg,train,0
train_9467.jpg,train,0
train_9468.jpg,train,0
train_9469.jpg,train,0
train_9470.jpg,train,0
train_9471.jpg,train,0
train_9472.jpg,train,0
train_9473.jpg,train,0
train_9474.jpg,train,0
train_9475.jpg,train,0
train_9476.jpg,train,0
train_9477.jpg,train,0
train_9478.jpg,train,0
train_9479.jpg,train,0
train_9480.jpg,train,0
train_9481.jpg,train,0
train_9482.jpg,train,0
train_9483.jpg,train,0
train_9484.jpg,train,0
train_9485.jpg,train,0
train_9486.jpg,train,0
train_9487.jpg,train,0
train_9488.jpg,train,0
train_9489.jpg,train,0
train_9490.jpg,train,0
train_9491.jpg,train,0
train_9492.jpg,train,0
train_9493.jpg,train,0
train_9494.jpg,train,0
train_9495.jpg,train,0
train_9496.jpg,train,0
train_9497.jpg,train,0
train_9498.jpg,train,0
train_9499.jpg,train,0
train_9500.jpg,train,0
train_9501.jpg,train,0
train_9502.jpg,train,0
train_9503.jpg,train,0
train_9504.jpg,train,0
train_9505.jpg,train,0
train_9506.jpg,train,0
train_9507.jpg,train,0
train_9508.jpg,train,0
train_9509.jpg,train,0
train_9510.jpg,train,0
train_9511.jpg,train,0
train_9512.jpg,train,0
train_9513.jpg,train,0
train_9514.jpg,train,0
train_9515.jpg,train,0
train_9516.jpg,train,0
train_9517.jpg,train,0
train_9518.jpg,train,0
train_9519.jpg,train,0
train_9520.jpg,train,0
train_9521.jpg,train,0
train_9522.jpg,train,0
train_9523.jpg,train,0
train_9524.jpg,train,0
train_9525.jpg,train,0
train_9526.jpg,train,0
train_9527.jpg,train,0
train_9528.jpg,train,0
train_9529.jpg,train,0
train_9530.jpg,train,0
train_9531.jpg,train,0
train_9532.jpg,train,0
train_9533.jpg,train,0
train_9534.jpg,train,0
train_9535.jpg,train,0
train_9536.jpg,train,0
train_9537.jpg,train,0
train_9538.jpg,train,0
train_9539.jpg,train,0
train_9540.jpg,train,0
train_9541.jpg,train,0
train_9542.jpg,train,0
train_9543.jpg,train,0
train_9544.jpg,train,0
train_9545.jpg,train,0
train_9546.jpg,train,0
train_9547.jpg,train,0
train_9548.jpg,train,0
train_9549.jpg,train,0
train_9550.jpg,train,0
train_9551.jpg,train,0
train_9552.jpg,train,0
train_9553.jpg,train,0
train_9554.jpg,train,0
train_9555.jpg,train,0
train_9556.jpg,train,0
train_9557.jpg,train,0
train_9558.jpg,train,0
train_9559.jpg,train,0
train_9560.jpg,train,0
train_9561.jpg,train,0
train_9562.jpg,train,0
train_9563.jpg,train,0
train_9564.jpg,train,0
train_9565.jpg,train,0
train_9566.jpg,train,0
train_9567.jpg,train,0
train_9568.jpg,train,0
train_9569.jpg,train,0
train_9570.jpg,train,0
train_9571.jpg,train,0
train_9572.jpg,train,0
train_9573.jpg,train,0
train_9574.jpg,train,0
train_9575.jpg,train,0
train_9576.jpg,train,0
train_9577.jpg,train,0
train_9578.jpg,train,0
train_9579.jpg,train,0
train_9580.jpg,train,0
train_9581.jpg,train,0
train_9582.jpg,train,0
train_9583.jpg,train,0
train_9584.jpg,train,0
train_9585.jpg,train,0
train_9586.jpg,train,0
train_9587.jpg,train,0
train_9588.jpg,train,0
train_9589.jpg,train,0
train_9590.jpg,train,0
train_9591.jpg,train,0
train_9592.jpg,train,0
train_9593.jpg,train,0
train_9594.jpg,train,0
train_9595.jpg,train,0
train_9596.jpg,train,0
train_9597.jpg,train,0
train_9598.jpg,train,0
train_9599.jpg,train,0
train_9600.jpg,train,0
train_9601.jpg,train,0
train_9602.jpg,train,0
train_9603.jpg,train,0
train_9604.jpg,train,0
train_9605.jpg,train,0
train_9606.jpg,train,0
train_9607.jpg,train,0
train_9608.jpg,train,0
train_9609.jpg,train,0
train_9610.jpg,train,0
train_9611.jpg,train,0
train_9612.jpg,train,0
train_9613.jpg,train,0
train_9614.jpg,train,0
train_9615.jpg,train,0
train_9616.jpg,train,0
train_9617.jpg,train,0
train_9618.jpg,train,0
train_9619.jpg,train,0
train_9620.jpg,train,0
train_9621.jpg,train,0
train_9622.jpg,train,0
train_9623.jpg,train,0
train_9624.jpg,train,0
train_9625.jpg,train,0
train_9626.jpg,train,0
train_9627.jpg,train,0
train_9628.jpg,train,0
train_9629.jpg,train,0
train_9630.jpg,train,0
train_9631.jpg,train,0
train_9632.jpg,train,0
train_9633.jpg,train,0
train_9634.jpg,train,0
train_9635.jpg,train,0
train_9636.jpg,train,0
train_9637.jpg,train,0
train_9638.jpg,train,0
train_9639.jpg,train,0
train_9640.jpg,train,0
train_9641.jpg,train,0
train_9642.jpg,train,0
train_9643.jpg,train,0
train_9644.jpg,train,0
train_9645.jpg,train,0
train_9646.jpg,train,0
train_9647.jpg,train,0
train_9648.jpg,train,0
train_9649.jpg,train,0
train_9650.jpg,train,0
train_9651.jpg,train,0
train_9652.jpg,train,0
train_9653.jpg,train,0
train_9654.jpg,train,0
train_9655.jpg,train,0
train_9656.jpg,train,0
train_9657.jpg,train,0
train_9658.jpg,train,0
train_9659.jpg,train,0
train_9660.jpg,train,0
train_9661.jpg,train,0
train_9662.jpg,train,0
train_9663.jpg,train,0
train_9664.jpg,train,0
train_9665.jpg,train,0
train_9666.jpg,train,0
train_9667.jpg,train,0
train_9668.jpg,train,0
train_9669.jpg,train,0
train_9670.jpg,train,0
train_9671.jpg,train,0
train_9672.jpg,train,0
train_9673.jpg,train,0
train_9674.jpg,train,0
train_9675.jpg,train,0
train_9676.jpg,train,0
train_9677.jpg,train,0
train_9678.jpg,train,0
train_9679.jpg,train,0
train_9680.jpg,train,0
train_9681.jpg,train,0
train_9682.jpg,train,0
train_9683.jpg,train,0
train_9684.jpg,train,0
train_9685.jpg,train,0
train_9686.jpg,train,0
train_9687.jpg,train,0
train_9688.jpg,train,0
train_9689.jpg,train,0
train_9690.jpg,train,0
train_9691.jpg,train,0
train_9692.jpg,train,0
train_9693.jpg,train,0
train_9694.jpg,train,0
train_9695.jpg,train,0
train_9696.jpg,train,0
train_9697.jpg,train,0
train_9698.jpg,train,0
train_9699.jpg,train,0
train_9700.jpg,train,0
train_9701.jpg,train,0
train_9702.jpg,train,0
train_9703.jpg,train,0
train_9704.jpg,train,0
train_9705.jpg,train,0
train_9706.jpg,train,0
train_9707.jpg,train,0
train_9708.jpg,train,0
train_9709.jpg,train,0
train_9710.jpg,train,0
train_9711.jpg,train,0
train_9712.jpg,train,0
train_9713.jpg,train,0
train_9714.jpg,train,0
train_9715.jpg,train,0
train_9716.jpg,train,0
train_9717.jpg,train,0
train_9718.jpg,train,0
train_9719.jpg,train,0
train_9720.jpg,train,0
train_9721.jpg,train,0
train_9722.jpg,train,0
train_9723.jpg,train,0
train_9724.jpg,train,0
train_9725.jpg,train,0
train_9726.jpg,train,0
train_9727.jpg,train,0
train_9728.jpg,train,0
train_9729.jpg,train,0
train_9730.jpg,train,0
train_9731.jpg,train,0
train_9732.jpg,train,0
train_9733.jpg,train,0
train_9734.jpg,train,0
train_9735.jpg,train,0
train_9736.jpg,train,0
train_9737.jpg,train,0
train_9738.jpg,train,0
train_9739.jpg,train,0
train_9740.jpg,train,0
train_9741.jpg,train,0
train_9742.jpg,train,0
train_9743.jpg,train,0
train_9744.jpg,train,0
train_9745.jpg,train,0
train_9746.jpg,train,0
train_9747.jpg,train,0
train_9748.jpg,train,0
train_9749.jpg,train,0
train_9750.jpg,train,0
train_9751.jpg,train,0
train_9752.jpg,train,0
train_9753.jpg,train,0
train_9754.jpg,train,0
train_9755.jpg,train,0
train_9756.jpg,train,0
train_9757.jpg,train,0
train_9758.jpg,train,0
train_9759.jpg,train,0
train_9760.jpg,train,0
train_9761.jpg,train,0
train_9762.jpg,train,0
train_9763.jpg,train,0
train_9764.jpg,train,0
train_9765.jpg,train,0
train_9766.jpg,train,0
train_9767.jpg,train,0
train_9768.jpg,train,0
train_9769.jpg,train,0
train_9770.jpg,train,0
train_9771.jpg,train,0
train_9772.jpg,train,0
train_9773.jpg,train,0
train_9774.jpg,train,0
train_9775.jpg,train,0
train_9776.jpg,train,0
train_9777.jpg,train,0
train_9778.jpg,train,0
train_9779.jpg,train,0
train_9780.jpg,train,0
train_9781.jpg,train,0
train_9782.jpg,train,0
train_9783.jpg,train,0
train_9784.jpg,train,0
train_9785.jpg,train,0
train_9786.jpg,train,0
train_9787.jpg,train,0
train_9788.jpg,train,0
train_9789.jpg,train,0
train_9790.jpg,train,0
train_9791.jpg,train,0
train_9792.jpg,train,0
train_9793.jpg,train,0
train_9794.jpg,train,0
train_9795.jpg,train,0
train_9796.jpg,train,0
train_9797.jpg,train,0
train_9798.jpg,train,0
train_9799.jpg,train,0
train_9800.jpg,train,0
train_9801.jpg,train,0
train_9802.jpg,train,0
train_9803.jpg,train,0
train_9804.jpg,train,0
train_9805.jpg,train,0
train_9806.jpg,train,0
train_9807.jpg,train,0
train_9808.jpg,train,0
train_9809.jpg,train,0
train_9810.jpg,train,0
train_9811.jpg,train,0
train_9812.jpg,train,0
train_9813.jpg,train,0
train_9814.jpg,train,0
train_9815.jpg,train,0
train_9816.jpg,train,0
train_9817.jpg,train,0
train_9818.jpg,train,0
train_9819.jpg,train,0
train_9820.jpg,train,0
train_9821.jpg,train,0
train_9822.jpg,train,0
train_9823.jpg,train,0
train_9824.jpg,train,0
train_9825.jpg,train,0
train_9826.jpg,train,0
train_9827.jpg,train,0
train_9828.jpg,train,0
train_9829.jpg,train,0
train_9830.jpg,train,0
train_9831.jpg,train,0
train_9832.jpg,train,0
train_9833.jpg,train,0
train_9834.jpg,train,0
train_9835.jpg,train,0
train_9836.jpg,train,0
train_9837.jpg,train,0
train_9838.jpg,train,0
train_9839.jpg,train,0
train_9840.jpg,train,0
train_9841.jpg,train,0
train_9842.jpg,train,0
train_9843.jpg,train,0
train_9844.jpg,train,0
train_9845.jpg,train,0
train_9846.jpg,train,0
train_9847.jpg,train,0
train_9848.jpg,train,0
train_9849.jpg,train,0
train_9850.jpg,train,0
train_9851.jpg,train,0
train_9852.jpg,train,0
train_9853.jpg,train,0
train_9854.jpg,train,0
train_9855.jpg,train,0
train_9856.jpg,train,0
train_9857.jpg,train,0
train_9858.jpg,train,0
train_9859.jpg,train,0
train_9860.jpg,train,0
train_9861.jpg,train,0
train_9862.jpg,train,0
train_9863.jpg,train,0
train_9864.jpg,train,0
train_9865.jpg,train,0
train_9866.jpg,train,0
train_9867.jpg,train,0
train_9868.jpg,train,0
train_9869.jpg,train,0
train_9870.jpg,train,0
train_9871.jpg,train,0
train_9872.jpg,train,0
train_9873.jpg,train,0
train_9874.jpg,train,0
train_9875.jpg,train,0
train_9876.jpg,train,0
train_9877.jpg,train,0
train_9878.jpg,train,0
train_9879.jpg,train,0
train_9880.jpg,train,0
train_9881.jpg,train,0
train_9882.jpg,train,0
train_9883.jpg,train,0
train_9884.jpg,train,0
train_9885.jpg,train,0
train_9886.jpg,train,0
train_9887.jpg,train,0
train_9888.jpg,train,0
train_9889.jpg,train,0
train_9890.jpg,train,0
train_9891.jpg,train,0
train_9892.jpg,train,0
train_9893.jpg,train,0
train_9894.jpg,train,0
train_9895.jpg,train,0
train_9896.jpg,train,0
train_9897.jpg,train,0
train_9898.jpg,train,0
train_9899.jpg,train,0
train_9900.jpg,train,0
train_9901.jpg,train,0
train_9902.jpg,train,0
train_9903.jpg,train,0
train_9904.jpg,train,0
train_9905.jpg,train,0
train_9906.jpg,train,0
train_9907.jpg,train,0
train_9908.jpg,train,0
train_9909.jpg,train,0
train_9910.jpg,train,0
train_9911.jpg,train,0
train_9912.jpg,train,0
train_9913.jpg,train,0
train_9914.jpg,train,0
train_9915.jpg,train,0
train_9916.jpg,train,0
train_9917.jpg,train,0
train_9918.jpg,train,0
train_9919.jpg,train,0
train_9920.jpg,train,0
train_9921.jpg,train,0
train_9922.jpg,train,0
train_9923.jpg,train,0
train_9924.jpg,train,0
train_9925.jpg,train,0
train_9926.jpg,train,0
train_9927.jpg,train,0
train_9928.jpg,train,0
train_9929.jpg,train,0
train_9930.jpg,train,0
train_9931.jpg,train,0
train_9932.jpg,train,0
train_9933.jpg,train,0
train_9934.jpg,train,0
train_9935.jpg,train,0
train_9936.jpg,train,0
train_9937.jpg,train,0
train_9938.jpg,train,0
train_9939.jpg,train,0
train_9940.jpg,train,0
train_9941.jpg,train,0
train_9942.jpg,train,0
train_9943.jpg,train,0
train_9944.jpg,train,0
train_9945.jpg,train,0
train_9946.jpg,train,0
train_9947.jpg,train,0
train_9948.jpg,train,0
train_9949.jpg,train,0
train_9950.jpg,train,0
train_9951.jpg,train,0
train_9952.jpg,train,0
train_9953.jpg,train,0
train_9954.jpg,train,0
train_9955.jpg,train,0
train_9956.jpg,train,0
train_9957.jpg,train,0
train_9958.jpg,train,0
train_9959.jpg,train,0
train_9960.jpg,train,0
train_9961.jpg,train,0
train_9962.jpg,train,0
train_9963.jpg,train,0
train_9964.jpg,train,0
train_9965.jpg,train,0
train_9966.jpg,train,0
train_9967.jpg,train,0
train_9968.jpg,train,0
train_9969.jpg,train,0
train_9970.jpg,train,0
train_9971.jpg,train,0
train_9972.jpg,train,0
train_9973.jpg,train,0
train_9974.jpg,train,0
train_9975.jpg,train,0
train_9976.jpg,train,0
train_9977.jpg,train,0
train_9978.jpg,train,0
train_9979.jpg,train,0
train_9980.jpg,train,0
train_9981.jpg,train,0
train_9982.jpg,train,0
train_9983.jpg,train,0
train_9984.jpg,train,0
train_9985.jpg,train,0
train_9986.jpg,train,0
train_9987.jpg,train,0
train_9988.jpg,train,0
train_9989.jpg,train,0
train_9990.jpg,train,0
train_9991.jpg,train,0
train_9992.jpg,train,0
train_9993.jpg,train,0
train_9994.jpg,train,0
train_9995.jpg,train,0
train_9996.jpg,train,0
train_9997.jpg,train,0
train_9998.jpg,train,0
train_9999.jpg,train,0
train_10000.jpg,train,0
train_10001.jpg,train,0
train_10002.jpg,train,0
train_10003.jpg,train,0
train_10004.jpg,train,0
train_10005.jpg,train,0
train_10006.jpg,train,0
train_10007.jpg,train,0
train_10008.jpg,train,0
train_10009.jpg,train,0
train_10010.jpg,train,0
train_10011.jpg,train,0
train_10012.jpg,train,0
train_10013.jpg,train,0
train_10014.jpg,train,0
train_10015.jpg,train,0
train_10016.jpg,train,0
train_10017.jpg,train,0
train_10018.jpg,train,0
train_10019.jpg,train,0
train_10020.jpg,train,0
train_10021.jpg,train,0
train_10022.jpg,train,0
train_10023.jpg,train,0
train_10024.jpg,train,0
train_10025.jpg,train,0
train_10026.jpg,train,0
train_10027.jpg,train,0
train_10028.jpg,train,0
train_10029.jpg,train,0
train_10030.jpg,train,0
train_10031.jpg,train,0
train_10032.jpg,train,0
train_10033.jpg,train,0
train_10034.jpg,train,0
train_10035.jpg,train,0
train_10036.jpg,train,0
train_10037.jpg,train,0
train_10038.jpg,train,0
train_10039.jpg,train,0
train_10040.jpg,train,0
train_10041.jpg,train,0
train_10042.jpg,train,0
train_10043.jpg,train,0
train_10044.jpg,train,0
train_10045.jpg,train,0
train_10046.jpg,train,0
train_10047.jpg,train,0
train_10048.jpg,train,0
train_10049.jpg,train,0
train_10050.jpg,train,0
train_10051.jpg,train,0
train_10052.jpg,train,0
train_10053.jpg,train,0
train_10054.jpg,train,0
train_10055.jpg,train,0
train_10056.jpg,train,0
train_10057.jpg,train,0
train_10058.jpg,train,0
train_10059.jpg,train,0
train_10060.jpg,train,0
train_10061.jpg,train,0
train_10062.jpg,train,0
train_10063.jpg,train,0
train_10064.jpg,train,0
train_10065.jpg,train,0
train_10066.jpg,train,0
train_10067.jpg,train,0
train_10068.jpg,train,0
train_10069.jpg,train,0
train_10070.jpg,train,0
train_10071.jpg,train,0
train_10072.jpg,train,0
train_10073.jpg,train,0
train_10074.jpg,train,0
train_10075.jpg,train,0
train_10076.jpg,train,0
train_10077.jpg,train,0
train_10078.jpg,train,0
train_10079.jpg,train,0
train_10080.jpg,train,0
train_10081.jpg,train,0
train_10082.jpg,train,0
train_10083.jpg,train,0
train_10084.jpg,train,0
train_10085.jpg,train,0
train_10086.jpg,train,0
train_10087.jpg,train,0
train_10088.jpg,train,0
train_10089.jpg,train,0
train_10090.jpg,train,0
train_10091.jpg,train,0
train_10092.jpg,train,0
train_10093.jpg,train,0
train_10094.jpg,train,0
train_10095.jpg,train,0
train_10096.jpg,train,0
train_10097.jpg,train,0
train_10098.jpg,train,0
train_10099.jpg,train,0
train_10100.jpg,train,0
train_10101.jpg,train,0
train_10102.jpg,train,0
train_10103.jpg,train,0
train_10104.jpg,train,0
train_10105.jpg,train,0
train_10106.jpg,train,0
train_10107.jpg,train,0
train_10108.jpg,train,0
train_10109.jpg,train,0
train_10110.jpg,train,0
train_10111.jpg,train,0
train_10112.jpg,train,0
train_10113.jpg,train,0
train_10114.jpg,train,0
train_10115.jpg,train,0
train_10116.jpg,train,0
train_10117.jpg,train,0
train_10118.jpg,train,0
train_10119.jpg,train,0
train_10120.jpg,train,0
train_10121.jpg,train,0
train_10122.jpg,train,0
train_10123.jpg,train,0
train_10124.jpg,train,0
train_10125.jpg,train,0
train_10126.jpg,train,0
train_10127.jpg,train,0
train_10128.jpg,train,0
train_10129.jpg,train,0
train_10130.jpg,train,0
train_10131.jpg,train,0
train_10132.jpg,train,0
train_10133.jpg,train,0
train_10134.jpg,train,0
train_10135.jpg,train,0
train_10136.jpg,train,0
train_10137.jpg,train,0
train_10138.jpg,train,0
train_10139.jpg,train,0
train_10140.jpg,train,0
train_10141.jpg,train,0
train_10142.jpg,train,0
train_10143.jpg,train,0
train_10144.jpg,train,0
train_10145.jpg,train,0
train_10146.jpg,train,0
train_10147.jpg,train,0
train_10148.jpg,train,0
train_10149.jpg,train,0
train_10150.jpg,train,0
train_10151.jpg,train,0
train_10152.jpg,train,0
train_10153.jpg,train,0
train_10154.jpg,train,0
train_10155.jpg,train,0
train_10156.jpg,train,0
train_10157.jpg,train,0
train_10158.jpg,train,0
train_10159.jpg,train,0
train_10160.jpg,train,0
train_10161.jpg,train,0
train_10162.jpg,train,0
train_10163.jpg,train,0
train_10164.jpg,train,0
train_10165.jpg,train,0
train_10166.jpg,train,0
train_10167.jpg,train,0
train_10168.jpg,train,0
train_10169.jpg,train,0
train_10170.jpg,train,0
train_10171.jpg,train,0
train_10172.jpg,train,0
train_10173.jpg,train,0
train_10174.jpg,train,0
train_10175.jpg,train,0
train_10176.jpg,train,0
train_10177.jpg,train,0
train_10178.jpg,train,0
train_10179.jpg,train,0
train_10180.jpg,train,0
train_10181.jpg,train,0
train_10182.jpg,train,0
train_10183.jpg,train,0
train_10184.jpg,train,0
train_10185.jpg,train,0
train_10186.jpg,train,0
train_10187.jpg,train,0
train_10188.jpg,train,0
train_10189.jpg,train,0
train_10190.jpg,train,0
train_10191.jpg,train,0
train_10192.jpg,train,0
train_10193.jpg,train,0
train_10194.jpg,train,0
train_10195.jpg,train,0
train_10196.jpg,train,0
train_10197.jpg,train,0
train_10198.jpg,train,0
train_10199.jpg,train,0
train_10200.jpg,train,0
train_10201.jpg,train,0
train_10202.jpg,train,0
train_10203.jpg,train,0
train_10204.jpg,train,0
train_10205.jpg,train,0
train_10206.jpg,train,0
train_10207.jpg,train,0
train_10208.jpg,train,0
train_10209.jpg,train,0
train_10210.jpg,train,0
train_10211.jpg,train,0
train_10212.jpg,train,0
train_10213.jpg,train,0
train_10214.jpg,train,0
train_10215.jpg,train,0
train_10216.jpg,train,0
train_10217.jpg,train,0
train_10218.jpg,train,0
train_10219.jpg,train,0
train_10220.jpg,train,0
train_10221.jpg,train,0
train_10222.jpg,train,0
train_10223.jpg,train,0
train_10224.jpg,train,0
train_10225.jpg,train,0
train_10226.jpg,train,0
train_10227.jpg,train,0
train_10228.jpg,train,0
train_10229.jpg,train,0
train_10230.jpg,train,0
train_10231.jpg,train,0
train_10232.jpg,train,0
train_10233.jpg,train,0
train_10234.jpg,train,0
train_10235.jpg,train,0
train_10236.jpg,train,0
train_10237.jpg,train,0
train_10238.jpg,train,0
train_10239.jpg,train,0
train_10240.jpg,train,0
train_10241.jpg,train,0
train_10242.jpg,train,0
train_10243.jpg,train,0
train_10244.jpg,train,0
train_10245.jpg,train,0
train_10246.jpg,train,0
train_10247.jpg,train,0
train_10248.jpg,train,0
train_10249.jpg,train,0
train_10250.jpg,train,0
train_10251.jpg,train,0
train_10252.jpg,train,0
train_10253.jpg,train,0
train_10254.jpg,train,0
train_10255.jpg,train,0
train_10256.jpg,train,0
train_10257.jpg,train,0
train_10258.jpg,train,0
train_10259.jpg,train,0
train_10260.jpg,train,0
train_10261.jpg,train,0
train_10262.jpg,train,0
train_10263.jpg,train,0
train_10264.jpg,train,0
train_10265.jpg,train,0
train_10266.jpg,train,0
train_10267.jpg,train,0
train_10268.jpg,train,0
train_10269.jpg,train,0
train_10270.jpg,train,0
train_10271.jpg,train,0
train_10272.jpg,train,0
train_10273.jpg,train,0
train_10274.jpg,train,0
train_10275.jpg,train,0
train_10276.jpg,train,0
train_10277.jpg,train,0
train_10278.jpg,train,0
train_10279.jpg,train,0
train_10280.jpg,train,0
train_10281.jpg,train,0
train_10282.jpg,train,0
train_10283.jpg,train,0
train_10284.jpg,train,0
train_10285.jpg,train,0
train_10286.jpg,train,0
train_10287.jpg,train,0
train_10288.jpg,train,0
train_10289.jpg,train,0
train_10290.jpg,train,0
train_10291.jpg,train,0
train_10292.jpg,train,0
train_10293.jpg,train,0
train_10294.jpg,train,0
train_10295.jpg,train,0
train_10296.jpg,train,0
train_10297.jpg,train,0
train_10298.jpg,train,0
train_10299.jpg,train,0
train_10300.jpg,train,0
train_10301.jpg,train,0
train_10302.jpg,train,0
train_10303.jpg,train,0
train_10304.jpg,train,0
train_10305.jpg,train,0
train_10306.jpg,train,0
train_10307.jpg,train,0
train_10308.jpg,train,0
train_10309.jpg,train,0
train_10310.jpg,train,0
train_10311.jpg,train,0
train_10312.jpg,train,0
train_10313.jpg,train,0
train_10314.jpg,train,0
train_10315.jpg,train,0
train_10316.jpg,train,0
train_10317.jpg,train,0
train_10318.jpg,train,0
train_10319.jpg,train,0
train_10320.jpg,train,0
train_10321.jpg,train,0
train_10322.jpg,train,0
train_10323.jpg,train,0
train_10324.jpg,train,0
train_10325.jpg,train,0
train_10326.jpg,train,0
train_10327.jpg,train,0
train_10328.jpg,train,0
train_10329.jpg,train,0
train_10330.jpg,train,0
train_10331.jpg,train,0
train_10332.jpg,train,0
train_10333.jpg,train,0
train_10334.jpg,train,0
train_10335.jpg,train,0
train_10336.jpg,train,0
train_10337.jpg,train,0
train_10338.jpg,train,0
train_10339.jpg,train,0
train_10340.jpg,train,0
train_10341.jpg,train,0
train_10342.jpg,train,0
train_10343.jpg,train,0
train_10344.jpg,train,0
train_10345.jpg,train,0
train_10346.jpg,train,0
train_10347.jpg,train,0
train_10348.jpg,train,0
train_10349.jpg,train,0
train_10350.jpg,train,0
train_10351.jpg,train,0
train_10352.jpg,train,0
train_10353.jpg,train,0
train_10354.jpg,train,0
train_10355.jpg,train,0
train_10356.jpg,train,0
train_10357.jpg,train,0
train_10358.jpg,train,0
train_10359.jpg,train,0
train_10360.jpg,train,0
train_10361.jpg,train,0
train_10362.jpg,train,0
train_10363.jpg,train,0
train_10364.jpg,train,0
train_10365.jpg,train,0
train_10366.jpg,train,0
train_10367.jpg,train,0
train_10368.jpg,train,0
train_10369.jpg,train,0
train_10370.jpg,train,0
train_10371.jpg,train,0
train_10372.jpg,train,0
train_10373.jpg,train,0
train_10374.jpg,train,0
train_10375.jpg,train,0
train_10376.jpg,train,0
train_10377.jpg,train,0
train_10378.jpg,train,0
train_10379.jpg,train,0
train_10380.jpg,train,0
train_10381.jpg,train,0
train_10382.jpg,train,0
train_10383.jpg,train,0
train_10384.jpg,train,0
train_10385.jpg,train,0
train_10386.jpg,train,0
train_10387.jpg,train,0
train_10388.jpg,train,0
train_10389.jpg,train,0
train_10390.jpg,train,0
train_10391.jpg,train,0
train_10392.jpg,train,0
train_10393.jpg,train,0
train_10394.jpg,train,0
train_10395.jpg,train,0
train_10396.jpg,train,0
train_10397.jpg,train,0
train_10398.jpg,train,0
train_10399.jpg,train,0
train_10400.jpg,train,0
train_10401.jpg,train,0
train_10402.jpg,train,0
train_10403.jpg,train,0
train_10404.jpg,train,0
train_10405.jpg,train,0
train_10406.jpg,train,0
train_10407.jpg,train,0
train_10408.jpg,train,0
train_10409.jpg,train,0
train_10410.jpg,train,0
train_10411.jpg,train,0
train_10412.jpg,train,0
train_10413.jpg,train,0
train_10414.jpg,train,0
train_10415.jpg,train,0
train_10416.jpg,train,0
train_10417.jpg,train,0
train_10418.jpg,train,0
train_10419.jpg,train,0
train_10420.jpg,train,0
train_10421.jpg,train,0
train_10422.jpg,train,0
train_10423.jpg,train,0
train_10424.jpg,train,0
train_10425.jpg,train,0
train_10426.jpg,train,0
train_10427.jpg,train,0
train_10428.jpg,train,0
train_10429.jpg,train,0
train_10430.jpg,train,0
train_10431.jpg,train,0
train_10432.jpg,train,0
train_10433.jpg,train,0
train_10434.jpg,train,0
train_10435.jpg,train,0
train_10436.jpg,train,0
train_10437.jpg,train,0
train_10438.jpg,train,0
train_10439.jpg,train,0
train_10440.jpg,train,0
train_10441.jpg,train,0
train_10442.jpg,train,0
train_10443.jpg,train,0
train_10444.jpg,train,0
train_10445.jpg,train,0
train_10446.jpg,train,0
train_10447.jpg,train,0
train_10448.jpg,train,0
train_10449.jpg,train,0
train_10450.jpg,train,0
train_10451.jpg,train,0
train_10452.jpg,train,0
train_10453.jpg,train,0
train_10454.jpg,train,0
train_10455.jpg,train,0
train_10456.jpg,train,0
train_10457.jpg,train,0
train_10458.jpg,train,0
train_10459.jpg,train,0
train_10460.jpg,train,0
train_10461.jpg,train,0
train_10462.jpg,train,0
train_10463.jpg,train,0
train_10464.jpg,train,0
train_10465.jpg,train,0
train_10466.jpg,train,0
train_10467.jpg,train,0
train_10468.jpg,train,0
train_10469.jpg,train,0
train_10470.jpg,train,0
train_10471.jpg,train,0
train_10472.jpg,train,0
train_10473.jpg,train,0
train_10474.jpg,train,0
train_10475.jpg,train,0
train_10476.jpg,train,0
train_10477.jpg,train,0
train_10478.jpg,train,0
train_10479.jpg,train,0
train_10480.jpg,train,0
train_10481.jpg,train,0
train_10482.jpg,train,0
train_10483.jpg,train,0
train_10484.jpg,train,0
train_10485.jpg,train,0
train_10486.jpg,train,0
train_10487.jpg,train,0
train_10488.jpg,train,0
train_10489.jpg,train,0
train_10490.jpg,train,0
train_10491.jpg,train,0
train_10492.jpg,train,0
train_10493.jpg,train,0
train_10494.jpg,train,0
train_10495.jpg,train,0
train_10496.jpg,train,0
train_10497.jpg,train,0
train_10498.jpg,train,0
train_10499.jpg,train,0
train_10500.jpg,train,0
train_10501.jpg,train,0
train_10502.jpg,train,0
train_10503.jpg,train,0
train_10504.jpg,train,0
train_10505.jpg,train,0
train_10506.jpg,train,0
train_10507.jpg,train,0
train_10508.jpg,train,0
train_10509.jpg,train,0
train_10510.jpg,train,0
train_10511.jpg,train,0
train_10512.jpg,train,0
train_10513.jpg,train,0
train_10514.jpg,train,0
train_10515.jpg,train,0
train_10516.jpg,train,0
train_10517.jpg,train,0
train_10518.jpg,train,0
train_10519.jpg,train,0
train_10520.jpg,train,0
train_10521.jpg,train,0
train_10522.jpg,train,0
train_10523.jpg,train,0
train_10524.jpg,train,0
train_10525.jpg,train,0
train_10526.jpg,train,0
train_10527.jpg,train,0
train_10528.jpg,train,0
train_10529.jpg,train,0
train_10530.jpg,train,0
train_10531.jpg,train,0
train_10532.jpg,train,0
train_10533.jpg,train,0
train_10534.jpg,train,0
train_10535.jpg,train,0
train_10536.jpg,train,0
train_10537.jpg,train,0
train_10538.jpg,train,0
train_10539.jpg,train,0
train_10540.jpg,train,0
train_10541.jpg,train,0
train_10542.jpg,train,0
train_10543.jpg,train,0
train_10544.jpg,train,0
train_10545.jpg,train,0
train_10546.jpg,train,0
train_10547.jpg,train,0
train_10548.jpg,train,0
train_10549.jpg,train,0
train_10550.jpg,train,0
train_10551.jpg,train,0
train_10552.jpg,train,0
train_10553.jpg,train,0
train_10554.jpg,train,0
train_10555.jpg,train,0
train_10556.jpg,train,0
train_10557.jpg,train,0
train_10558.jpg,train,0
train_10559.jpg,train,0
train_10560.jpg,train,0
train_10561.jpg,train,0
train_10562.jpg,train,0
train_10563.jpg,train,0
train_10564.jpg,train,0
train_10565.jpg,train,0
train_10566.jpg,train,0
train_10567.jpg,train,0
train_10568.jpg,train,0
train_10569.jpg,train,0
train_10570.jpg,train,0
train_10571.jpg,train,0
train_10572.jpg,train,0
train_10573.jpg,train,0
train_10574.jpg,train,0
train_10575.jpg,train,0
train_10576.jpg,train,0
train_10577.jpg,train,0
train_10578.jpg,train,0
train_10579.jpg,train,0
train_10580.jpg,train,0
train_10581.jpg,train,0
train_10582.jpg,train,0
train_10583.jpg,train,0
train_10584.jpg,train,0
train_10585.jpg,train,0
train_10586.jpg,train,0
train_10587.jpg,train,0
train_10588.jpg,train,0
train_10589.jpg,train,0
train_10590.jpg,train,0
train_10591.jpg,train,0
train_10592.jpg,train,0
train_10593.jpg,train,0
train_10594.jpg,train,0
train_10595.jpg,train,0
train_10596.jpg,train,0
train_10597.jpg,train,0
train_10598.jpg,train,0
train_10599.jpg,train,0
train_10600.jpg,train,0
train_10601.jpg,train,0
train_10602.jpg,train,0
train_10603.jpg,train,0
train_10604.jpg,train,0
train_10605.jpg,train,0
train_10606.jpg,train,0
train_10607.jpg,train,0
train_10608.jpg,train,0
train_10609.jpg,train,0
train_10610.jpg,train,0
train_10611.jpg,train,0
train_10612.jpg,train,0
train_10613.jpg,train,0
train_10614.jpg,train,0
train_10615.jpg,train,0
train_10616.jpg,train,0
train_10617.jpg,train,0
train_10618.jpg,train,0
train_10619.jpg,train,0
train_10620.jpg,train,0
train_10621.jpg,train,0
train_10622.jpg,train,0
train_10623.jpg,train,0
train_10624.jpg,train,0
train_10625.jpg,train,0
train_10626.jpg,train,0
train_10627.jpg,train,0
train_10628.jpg,train,0
train_10629.jpg,train,0
train_10630.jpg,train,0
train_10631.jpg,train,0
train_10632.jpg,train,0
train_10633.jpg,train,0
train_10634.jpg,train,0
train_10635.jpg,train,0
train_10636.jpg,train,0
train_10637.jpg,train,0
train_10638.jpg,train,0
train_10639.jpg,train,0
train_10640.jpg,train,0
train_10641.jpg,train,0
train_10642.jpg,train,0
train_10643.jpg,train,0
train_10644.jpg,train,0
train_10645.jpg,train,0
train_10646.jpg,train,0
train_10647.jpg,train,0
train_10648.jpg,train,0
train_10649.jpg,train,0
train_10650.jpg,train,0
train_10651.jpg,train,0
train_10652.jpg,train,0
train_10653.jpg,train,0
train_10654.jpg,train,0
train_10655.jpg,train,0
train_10656.jpg,train,0
train_10657.jpg,train,0
train_10658.jpg,train,0
train_10659.jpg,train,0
train_10660.jpg,train,0
train_10661.jpg,train,0
train_10662.jpg,train,0
train_10663.jpg,train,0
train_10664.jpg,train,0
train_10665.jpg,train,0
train_10666.jpg,train,0
train_10667.jpg,train,0
train_10668.jpg,train,0
train_10669.jpg,train,0
train_10670.jpg,train,0
train_10671.jpg,train,0
train_10672.jpg,train,0
train_10673.jpg,train,0
train_10674.jpg,train,0
train_10675.jpg,train,0
train_10676.jpg,train,0
train_10677.jpg,train,0
train_10678.jpg,train,0
train_10679.jpg,train,0
train_10680.jpg,train,0
train_10681.jpg,train,0
train_10682.jpg,train,0
train_10683.jpg,train,0
train_10684.jpg,train,0
train_10685.jpg,train,0
train_10686.jpg,train,0
train_10687.jpg,train,0
train_10688.jpg,train,0
train_10689.jpg,train,0
train_10690.jpg,train,0
train_10691.jpg,train,0
train_10692.jpg,train,0
train_10693.jpg,train,0
train_10694.jpg,train,0
train_10695.jpg,train,0
train_10696.jpg,train,0
train_10697.jpg,train,0
train_10698.jpg,train,0
train_10699.jpg,train,0
train_10700.jpg,train,0
train_10701.jpg,train,0
train_10702.jpg,train,0
train_10703.jpg,train,0
train_10704.jpg,train,0
train_10705.jpg,train,0
train_10706.jpg,train,0
train_10707.jpg,train,0
train_10708.jpg,train,0
train_10709.jpg,train,0
train_10710.jpg,train,0
train_10711.jpg,train,0
train_10712.jpg,train,0
train_10713.jpg,train,0
train_10714.jpg,train,0
train_10715.jpg,train,0
train_10716.jpg,train,0
train_10717.jpg,train,0
train_10718.jpg,train,0
train_10719.jpg,train,0
train_10720.jpg,train,0
train_10721.jpg,train,0
train_10722.jpg,train,0
train_10723.jpg,train,0
train_10724.jpg,train,0
train_10725.jpg,train,0
train_10726.jpg,train,0
train_10727.jpg,train,0
train_10728.jpg,train,0
train_10729.jpg,train,0
train_10730.jpg,train,0
train_10731.jpg,train,0
train_10732.jpg,train,0
train_10733.jpg,train,0
train_10734.jpg,train,0
train_10735.jpg,train,0
train_10736.jpg,train,0
train_10737.jpg,train,0
train_10738.jpg,train,0
train_10739.jpg,train,0
train_10740.jpg,train,0
train_10741.jpg,train,0
train_10742.jpg,train,0
train_10743.jpg,train,0
train_10744.jpg,train,0
train_10745.jpg,train,0
train_10746.jpg,train,0
train_10747.jpg,train,0
train_10748.jpg,train,0
train_10749.jpg,train,0
train_10750.jpg,train,0
train_10751.jpg,train,0
train_10752.jpg,train,0
train_10753.jpg,train,0
train_10754.jpg,train,0
train_10755.jpg,train,0
train_10756.jpg,train,0
train_10757.jpg,train,0
train_10758.jpg,train,0
train_10759.jpg,train,0
train_10760.jpg,train,0
train_10761.jpg,train,0
train_10762.jpg,train,0
train_10763.jpg,train,0
train_10764.jpg,train,0
train_10765.jpg,train,0
train_10766.jpg,train,0
train_10767.jpg,train,0
train_10768.jpg,train,0
train_10769.jpg,train,0
train_10770.jpg,train,0
train_10771.jpg,train,0
train_10772.jpg,train,0
train_10773.jpg,train,0
train_10774.jpg,train,0
train_10775.jpg,train,0
train_10776.jpg,train,0
train_10777.jpg,train,0
train_10778.jpg,train,0
train_10779.jpg,train,0
train_10780.jpg,train,0
train_10781.jpg,train,0
train_10782.jpg,train,0
train_10783.jpg,train,0
train_10784.jpg,train,0
train_10785.jpg,train,0
train_10786.jpg,train,0
train_10787.jpg,train,0
train_10788.jpg,train,0
train_10789.jpg,train,0
train_10790.jpg,train,0
train_10791.jpg,train,0
train_10792.jpg,train,0
train_10793.jpg,train,0
train_10794.jpg,train,0
train_10795.jpg,train,0
train_10796.jpg,train,0
train_10797.jpg,train,0
train_10798.jpg,train,0
train_10799.jpg,train,0
train_10800.jpg,train,0
train_10801.jpg,train,0
train_10802.jpg,train,0
train_10803.jpg,train,0
train_10804.jpg,train,0
train_10805.jpg,train,0
train_10806.jpg,train,0
train_10807.jpg,train,0
train_10808.jpg,train,0
train_10809.jpg,train,0
train_10810.jpg,train,0
train_10811.jpg,train,0
train_10812.jpg,train,0
train_10813.jpg,train,0
train_10814.jpg,train,0
train_10815.jpg,train,0
train_10816.jpg,train,0
train_10817.jpg,train,0
train_10818.jpg,train,0
train_10819.jpg,train,0
train_10820.jpg,train,0
train_10821.jpg,train,0
train_10822.jpg,train,0
train_10823.jpg,train,0
train_10824.jpg,train,0
train_10825.jpg,train,0
train_10826.jpg,train,0
train_10827.jpg,train,0
train_10828.jpg,train,0
train_10829.jpg,train,0
train_10830.jpg,train,0
train_10831.jpg,train,0
train_10832.jpg,train,0
train_10833.jpg,train,0
train_10834.jpg,train,0
train_10835.jpg,train,0
train_10836.jpg,train,0
train_10837.jpg,train,0
train_10838.jpg,train,0
train_10839.jpg,train,0
train_10840.jpg,train,0
train_10841.jpg,train,0
train_10842.jpg,train,0
train_10843.jpg,train,0
train_10844.jpg,train,0
train_10845.jpg,train,0
train_10846.jpg,train,0
train_10847.jpg,train,0
train_10848.jpg,train,0
train_10849.jpg,train,0
train_10850.jpg,train,0
train_10851.jpg,train,0
train_10852.jpg,train,0
train_10853.jpg,train,0
train_10854.jpg,train,0
train_10855.jpg,train,0
train_10856.jpg,train,0
train_10857.jpg,train,0
train_10858.jpg,train,0
train_10859.jpg,train,0
train_10860.jpg,train,0
train_10861.jpg,train,0
train_10862.jpg,train,0
train_10863.jpg,train,0
train_10864.jpg,train,0
train_10865.jpg,train,0
train_10866.jpg,train,0
train_10867.jpg,train,0
train_10868.jpg,train,0
train_10869.jpg,train,0
train_10870.jpg,train,0
train_10871.jpg,train,0
train_10872.jpg,train,0
train_10873.jpg,train,0
train_10874.jpg,train,0
train_10875.jpg,train,0
train_10876.jpg,train,0
train_10877.jpg,train,0
train_10878.jpg,train,0
train_10879.jpg,train,0
train_10880.jpg,train,0
train_10881.jpg,train,0
train_10882.jpg,train,0
train_10883.jpg,train,0
train_10884.jpg,train,0
train_10885.jpg,train,0
train_10886.jpg,train,0
train_10887.jpg,train,0
train_10888.jpg,train,0
train_10889.jpg,train,0
train_10890.jpg,train,0
train_10891.jpg,train,0
train_10892.jpg,train,0
train_10893.jpg,train,0
train_10894.jpg,train,0
train_10895.jpg,train,0
train_10896.jpg,train,0
train_10897.jpg,train,0
train_10898.jpg,train,0
train_10899.jpg,train,0
train_10900.jpg,train,0
train_10901.jpg,train,0
train_10902.jpg,train,0
train_10903.jpg,train,0
train_10904.jpg,train,0
train_10905.jpg,train,0
train_10906.jpg,train,0
train_10907.jpg,train,0
train_10908.jpg,train,0
train_10909.jpg,train,0
train_10910.jpg,train,0
train_10911.jpg,train,0
train_10912.jpg,train,0
train_10913.jpg,train,0
train_10914.jpg,train,0
train_10915.jpg,train,0
train_10916.jpg,train,0
train_10917.jpg,train,0
train_10918.jpg,train,0
train_10919.jpg,train,0
train_10920.jpg,train,0
train_10921.jpg,train,0
train_10922.jpg,train,0
train_10923.jpg,train,0
train_10924.jpg,train,0
train_10925.jpg,train,0
train_10926.jpg,train,0
train_10927.jpg,train,0
train_10928.jpg,train,0
train_10929.jpg,train,0
train_10930.jpg,train,0
train_10931.jpg,train,0
train_10932.jpg,train,0
train_10933.jpg,train,0
train_10934.jpg,train,0
train_10935.jpg,train,0
train_10936.jpg,train,0
train_10937.jpg,train,0
train_10938.jpg,train,0
train_10939.jpg,train,0
train_10940.jpg,train,0
train_10941.jpg,train,0
train_10942.jpg,train,0
train_10943.jpg,train,0
train_10944.jpg,train,0
train_10945.jpg,train,0
train_10946.jpg,train,0
train_10947.jpg,train,0
train_10948.jpg,train,0
train_10949.jpg,train,0
train_10950.jpg,train,0
train_10951.jpg,train,0
train_10952.jpg,train,0
train_10953.jpg,train,0
train_10954.jpg,train,0
train_10955.jpg,train,0
train_10956.jpg,train,0
train_10957.jpg,train,0
train_10958.jpg,train,0
train_10959.jpg,train,0
train_10960.jpg,train,0
train_10961.jpg,train,0
train_10962.jpg,train,0
train_10963.jpg,train,0
train_10964.jpg,train,0
train_10965.jpg,train,0
train_10966.jpg,train,0
train_10967.jpg,train,0
train_10968.jpg,train,0
train_10969.jpg,train,0
train_10970.jpg,train,0
train_10971.jpg,train,0
train_10972.jpg,train,0
train_10973.jpg,train,0
train_10974.jpg,train,0
train_10975.jpg,train,0
train_10976.jpg,train,0
train_10977.jpg,train,0
train_10978.jpg,train,0
train_10979.jpg,train,0
train_10980.jpg,train,0
train_10981.jpg,train,0
train_10982.jpg,train,0
train_10983.jpg,train,0
train_10984.jpg,train,0
train_10985.jpg,train,0
train_10986.jpg,train,0
train_10987.jpg,train,0
train_10988.jpg,train,0
train_10989.jpg,train,0
train_10990.jpg,train,0
train_10991.jpg,train,0
train_10992.jpg,train,0
train_10993.jpg,train,0
train_10994.jpg,train,0
train_10995.jpg,train,0
train_10996.jpg,train,0
train_10997.jpg,train,0
train_10998.jpg,train,0
train_10999.jpg,train,0
train_11000.jpg,train,0
train_11001.jpg,train,0
train_11002.jpg,train,0
train_11003.jpg,train,0
train_11004.jpg,train,0
train_11005.jpg,train,0
train_11006.jpg,train,0
train_11007.jpg,train,0
train_11008.jpg,train,0
train_11009.jpg,train,0
train_11010.jpg,train,0
train_11011.jpg,train,0
train_11012.jpg,train,0
train_11013.jpg,train,0
train_11014.jpg,train,0
train_11015.jpg,train,0
train_11016.jpg,train,0
train_11017.jpg,train,0
train_11018.jpg,train,0
train_11019.jpg,train,0
train_11020.jpg,train,0
train_11021.jpg,train,0
train_11022.jpg,train,0
train_11023.jpg,train,0
train_11024.jpg,train,0
train_11025.jpg,train,0
train_11026.jpg,train,0
train_11027.jpg,train,0
train_11028.jpg,train,0
train_11029.jpg,train,0
train_11030.jpg,train,0
train_11031.jpg,train,0
train_11032.jpg,train,0
train_11033.jpg,train,0
train_11034.jpg,train,0
train_11035.jpg,train,0
train_11036.jpg,train,0
train_11037.jpg,train,0
train_11038.jpg,train,0
train_11039.jpg,train,0
train_11040.jpg,train,0
train_11041.jpg,train,0
train_11042.jpg,train,0
train_11043.jpg,train,0
train_11044.jpg,train,0
train_11045.jpg,train,0
train_11046.jpg,train,0
train_11047.jpg,train,0
train_11048.jpg,train,0
train_11049.jpg,train,0
train_11050.jpg,train,0
train_11051.jpg,train,0
train_11052.jpg,train,0
train_11053.jpg,train,0
train_11054.jpg,train,0
train_11055.jpg,train,0
train_11056.jpg,train,0
train_11057.jpg,train,0
train_11058.jpg,train,0
train_11059.jpg,train,0
train_11060.jpg,train,0
train_11061.jpg,train,0
train_11062.jpg,train,0
train_11063.jpg,train,0
train_11064.jpg,train,0
train_11065.jpg,train,0
train_11066.jpg,train,0
train_11067.jpg,train,0
train_11068.jpg,train,0
train_11069.jpg,train,0
train_11070.jpg,train,0
train_11071.jpg,train,0
train_11072.jpg,train,0
train_11073.jpg,train,0
train_11074.jpg,train,0
train_11075.jpg,train,0
train_11076.jpg,train,0
train_11077.jpg,train,0
train_11078.jpg,train,0
train_11079.jpg,train,0
train_11080.jpg,train,0
train_11081.jpg,train,0
train_11082.jpg,train,0
train_11083.jpg,train,0
train_11084.jpg,train,0
train_11085.jpg,train,0
train_11086.jpg,train,0
train_11087.jpg,train,0
train_11088.jpg,train,0
train_11089.jpg,train,0
train_11090.jpg,train,0
train_11091.jpg,train,0
train_11092.jpg,train,0
train_11093.jpg,train,0
train_11094.jpg,train,0
train_11095.jpg,train,0
train_11096.jpg,train,0
train_11097.jpg,train,0
train_11098.jpg,train,0
train_11099.jpg,train,0
train_11100.jpg,train,0
train_11101.jpg,train,0
train_11102.jpg,train,0
train_11103.jpg,train,0
train_11104.jpg,train,0
train_11105.jpg,train,0
train_11106.jpg,train,0
train_11107.jpg,train,0
train_11108.jpg,train,0
train_11109.jpg,train,0
train_11110.jpg,train,0
train_11111.jpg,train,0
train_11112.jpg,train,0
train_11113.jpg,train,0
train_11114.jpg,train,0
train_11115.jpg,train,0
train_11116.jpg,train,0
train_11117.jpg,train,0
train_11118.jpg,train,0
train_11119.jpg,train,0
train_11120.jpg,train,0
train_11121.jpg,train,0
train_11122.jpg,train,0
train_11123.jpg,train,0
train_11124.jpg,train,0
train_11125.jpg,train,0
train_11126.jpg,train,0
train_11127.jpg,train,0
train_11128.jpg,train,0
train_11129.jpg,train,0
train_11130.jpg,train,0
train_11131.jpg,train,0
train_11132.jpg,train,0
train_11133.jpg,train,0
train_11134.jpg,train,0
train_11135.jpg,train,0
train_11136.jpg,train,0
train_11137.jpg,train,0
train_11138.jpg,train,0
train_11139.jpg,train,0
train_11140.jpg,train,0
train_11141.jpg,train,0
train_11142.jpg,train,0
train_11143.jpg,train,0
train_11144.jpg,train,0
train_11145.jpg,train,0
train_11146.jpg,train,0
train_11147.jpg,train,0
train_11148.jpg,train,0
train_11149.jpg,train,0
train_11150.jpg,train,0
train_11151.jpg,train,0
train_11152.jpg,train,0
train_11153.jpg,train,0
train_11154.jpg,train,0
train_11155.jpg,train,0
train_11156.jpg,train,0
train_11157.jpg,train,0
train_11158.jpg,train,0
train_11159.jpg,train,0
train_11160.jpg,train,0
train_11161.jpg,train,0
train_11162.jpg,train,0
train_11163.jpg,train,0
train_11164.jpg,train,0
train_11165.jpg,train,0
train_11166.jpg,train,0
train_11167.jpg,train,0
train_11168.jpg,train,0
train_11169.jpg,train,0
train_11170.jpg,train,0
train_11171.jpg,train,0
train_11172.jpg,train,0
train_11173.jpg,train,0
train_11174.jpg,train,0
train_11175.jpg,train,0
train_11176.jpg,train,0
train_11177.jpg,train,0
train_11178.jpg,train,0
train_11179.jpg,train,0
train_11180.jpg,train,0
train_11181.jpg,train,0
train_11182.jpg,train,0
train_11183.jpg,train,0
train_11184.jpg,train,0
train_11185.jpg,train,0
train_11186.jpg,train,0
train_11187.jpg,train,0
train_11188.jpg,train,0
train_11189.jpg,train,0
train_11190.jpg,train,0
train_11191.jpg,train,0
train_11192.jpg,train,0
train_11193.jpg,train,0
train_11194.jpg,train,0
train_11195.jpg,train,0
train_11196.jpg,train,0
train_11197.jpg,train,0
train_11198.jpg,train,0
train_11199.jpg,train,0
train_11200.jpg,train,0
train_11201.jpg,train,0
train_11202.jpg,train,0
train_11203.jpg,train,0
train_11204.jpg,train,0
train_11205.jpg,train,0
train_11206.jpg,train,0
train_11207.jpg,train,0
train_11208.jpg,train,0
train_11209.jpg,train,0
train_11210.jpg,train,0
train_11211.jpg,train,0
train_11212.jpg,train,0
train_11213.jpg,train,0
train_11214.jpg,train,0
train_11215.jpg,train,0
train_11216.jpg,train,0
train_11217.jpg,train,0
train_11218.jpg,train,0
train_11219.jpg,train,0
train_11220.jpg,train,0
train_11221.jpg,train,0
train_11222.jpg,train,0
train_11223.jpg,train,0
train_11224.jpg,train,0
train_11225.jpg,train,0
train_11226.jpg,train,0
train_11227.jpg,train,0
train_11228.jpg,train,0
train_11229.jpg,train,0
train_11230.jpg,train,0
train_11231.jpg,train,0
train_11232.jpg,train,0
train_11233.jpg,train,0
train_11234.jpg,train,0
train_11235.jpg,train,0
train_11236.jpg,train,0
train_11237.jpg,train,0
train_11238.jpg,train,0
train_11239.jpg,train,0
train_11240.jpg,train,0
train_11241.jpg,train,0
train_11242.jpg,train,0
train_11243.jpg,train,0
train_11244.jpg,train,0
train_11245.jpg,train,0
train_11246.jpg,train,0
train_11247.jpg,train,0
train_11248.jpg,train,0
train_11249.jpg,train,0
train_11250.jpg,train,0
train_11251.jpg,train,0
train_11252.jpg,train,0
train_11253.jpg,train,0
train_11254.jpg,train,0
train_11255.jpg,train,0
train_11256.jpg,train,0
train_11257.jpg,train,0
train_11258.jpg,train,0
train_11259.jpg,train,0
train_11260.jpg,train,0
train_11261.jpg,train,0
train_11262.jpg,train,0
train_11263.jpg,train,0
train_11264.jpg,train,0
train_11265.jpg,train,0
train_11266.jpg,train,0
train_11267.jpg,train,0
train_11268.jpg,train,0
train_11269.jpg,train,0
train_11270.jpg,train,0
train_11271.jpg,train,0
train_11272.jpg,train,0
train_11273.jpg,train,0
train_11274.jpg,train,0
train_11275.jpg,train,0
train_11276.jpg,train,0
train_11277.jpg,train,0
train_11278.jpg,train,0
train_11279.jpg,train,0
train_11280.jpg,train,0
train_11281.jpg,train,0
train_11282.jpg,train,0
train_11283.jpg,train,0
train_11284.jpg,train,0
train_11285.jpg,train,0
train_11286.jpg,train,0
train_11287.jpg,train,0
train_11288.jpg,train,0
train_11289.jpg,train,0
train_11290.jpg,train,0
train_11291.jpg,train,0
train_11292.jpg,train,0
train_11293.jpg,train,0
train_11294.jpg,train,0
train_11295.jpg,train,0
train_11296.jpg,train,0
train_11297.jpg,train,0
train_11298.jpg,train,0
train_11299.jpg,train,0
train_11300.jpg,train,0
train_11301.jpg,train,0
train_11302.jpg,train,0
train_11303.jpg,train,0
train_11304.jpg,train,0
train_11305.jpg,train,0
train_11306.jpg,train,0
train_11307.jpg,train,0
train_11308.jpg,train,0
train_11309.jpg,train,0
train_11310.jpg,train,0
train_11311.jpg,train,0
train_11312.jpg,train,0
train_11313.jpg,train,0
train_11314.jpg,train,0
train_11315.jpg,train,0
train_11316.jpg,train,0
train_11317.jpg,train,0
train_11318.jpg,train,0
train_11319.jpg,train,0
train_11320.jpg,train,0
train_11321.jpg,train,0
train_11322.jpg,train,0
train_11323.jpg,train,0
train_11324.jpg,train,0
train_11325.jpg,train,0
train_11326.jpg,train,0
train_11327.jpg,train,0
train_11328.jpg,train,0
train_11329.jpg,train,0
train_11330.jpg,train,0
train_11331.jpg,train,0
train_11332.jpg,train,0
train_11333.jpg,train,0
train_11334.jpg,train,0
train_11335.jpg,train,0
train_11336.jpg,train,0
train_11337.jpg,train,0
train_11338.jpg,train,0
train_11339.jpg,train,0
train_11340.jpg,train,0
train_11341.jpg,train,0
train_11342.jpg,train,0
train_11343.jpg,train,0
train_11344.jpg,train,0
train_11345.jpg,train,0
train_11346.jpg,train,0
train_11347.jpg,train,0
train_11348.jpg,train,0
train_11349.jpg,train,0
train_11350.jpg,train,0
train_11351.jpg,train,0
train_11352.jpg,train,0
train_11353.jpg,train,0
train_11354.jpg,train,0
train_11355.jpg,train,0
train_11356.jpg,train,0
train_11357.jpg,train,0
train_11358.jpg,train,0
train_11359.jpg,train,0
train_11360.jpg,train,0
train_11361.jpg,train,0
train_11362.jpg,train,0
train_11363.jpg,train,0
train_11364.jpg,train,0
train_11365.jpg,train,0
train_11366.jpg,train,0
train_11367.jpg,train,0
train_11368.jpg,train,0
train_11369.jpg,train,0
train_11370.jpg,train,0
train_11371.jpg,train,0
train_11372.jpg,train,0
train_11373.jpg,train,0
train_11374.jpg,train,0
train_11375.jpg,train,0
train_11376.jpg,train,0
train_11377.jpg,train,0
train_11378.jpg,train,0
train_11379.jpg,train,0
train_11380.jpg,train,0
train_11381.jpg,train,0
train_11382.jpg,train,0
train_11383.jpg,train,0
train_11384.jpg,train,0
train_11385.jpg,train,0
train_11386.jpg,train,0
train_11387.jpg,train,0
train_11388.jpg,train,0
train_11389.jpg,train,0
train_11390.jpg,train,0
train_11391.jpg,train,0
train_11392.jpg,train,0
train_11393.jpg,train,0
train_11394.jpg,train,0
train_11395.jpg,train,0
train_11396.jpg,train,0
train_11397.jpg,train,0
train_11398.jpg,train,0
train_11399.jpg,train,0
train_11400.jpg,train,0
train_11401.jpg,train,0
train_11402.jpg,train,0
train_11403.jpg,train,0
train_11404.jpg,train,0
train_11405.jpg,train,0
train_11406.jpg,train,0
train_11407.jpg,train,0
train_11408.jpg,train,0
train_11409.jpg,train,0
train_11410.jpg,train,0
train_11411.jpg,train,0
train_11412.jpg,train,0
train_11413.jpg,train,0
train_11414.jpg,train,0
train_11415.jpg,train,0
train_11416.jpg,train,0
train_11417.jpg,train,0
train_11418.jpg,train,0
train_11419.jpg,train,0
train_11420.jpg,train,0
train_11421.jpg,train,0
train_11422.jpg,train,0
train_11423.jpg,train,0
train_11424.jpg,train,0
train_11425.jpg,train,0
train_11426.jpg,train,0
train_11427.jpg,train,0
train_11428.jpg,train,0
train_11429.jpg,train,0
train_11430.jpg,train,0
train_11431.jpg,train,0
train_11432.jpg,train,0
train_11433.jpg,train,0
train_11434.jpg,train,0
train_11435.jpg,train,0
train_11436.jpg,train,0
train_11437.jpg,train,0
train_11438.jpg,train,0
train_11439.jpg,train,0
train_11440.jpg,train,0
train_11441.jpg,train,0
train_11442.jpg,train,0
train_11443.jpg,train,0
train_11444.jpg,train,0
train_11445.jpg,train,0
train_11446.jpg,train,0
train_11447.jpg,train,0
train_11448.jpg,train,0
train_11449.jpg,train,0
train_11450.jpg,train,0
train_11451.jpg,train,0
train_11452.jpg,train,0
train_11453.jpg,train,0
train_11454.jpg,train,0
train_11455.jpg,train,0
train_11456.jpg,train,0
train_11457.jpg,train,0
train_11458.jpg,train,0
train_11459.jpg,train,0
train_11460.jpg,train,0
train_11461.jpg,train,0
train_11462.jpg,train,0
train_11463.jpg,train,0
train_11464.jpg,train,0
train_11465.jpg,train,0
train_11466.jpg,train,0
train_11467.jpg,train,0
train_11468.jpg,train,0
train_11469.jpg,train,0
train_11470.jpg,train,0
train_11471.jpg,train,0
train_11472.jpg,train,0
train_11473.jpg,train,0
train_11474.jpg,train,0
train_11475.jpg,train,0
train_11476.jpg,train,0
train_11477.jpg,train,0
train_11478.jpg,train,0
train_11479.jpg,train,0
train_11480.jpg,train,0
train_11481.jpg,train,0
train_11482.jpg,train,0
train_11483.jpg,train,0
train_11484.jpg,train,0
train_11485.jpg,train,0
train_11486.jpg,train,0
train_11487.jpg,train,0
train_11488.jpg,train,0
train_11489.jpg,train,0
train_11490.jpg,train,0
train_11491.jpg,train,0
train_11492.jpg,train,0
train_11493.jpg,train,0
train_11494.jpg,train,0
train_11495.jpg,train,0
train_11496.jpg,train,0
train_11497.jpg,train,0
train_11498.jpg,train,0
train_11499.jpg,train,0
train_11500.jpg,train,0
train_11501.jpg,train,0
train_11502.jpg,train,0
train_11503.jpg,train,0
train_11504.jpg,train,0
train_11505.jpg,train,0
train_11506.jpg,train,0
train_11507.jpg,train,0
train_11508.jpg,train,0
train_11509.jpg,train,0
train_11510.jpg,train,0
train_11511.jpg,train,0
train_11512.jpg,train,0
train_11513.jpg,train,0
train_11514.jpg,train,0
train_11515.jpg,train,0
train_11516.jpg,train,0
train_11517.jpg,train,0
train_11518.jpg,train,0
train_11519.jpg,train,0
train_11520.jpg,train,0
train_11521.jpg,train,0
train_11522.jpg,train,0
train_11523.jpg,train,0
train_11524.jpg,train,0
train_11525.jpg,train,0
train_11526.jpg,train,0
train_11527.jpg,train,0
train_11528.jpg,train,0
train_11529.jpg,train,0
train_11530.jpg,train,0
train_11531.jpg,train,0
train_11532.jpg,train,0
train_11533.jpg,train,0
train_11534.jpg,train,0
train_11535.jpg,train,0
train_11536.jpg,train,0
train_11537.jpg,train,0
train_11538.jpg,train,0
train_11539.jpg,train,0
train_11540.jpg,train,0
train_11541.jpg,train,0
train_11542.jpg,train,0
train_11543.jpg,train,0
train_11544.jpg,train,0
train_11545.jpg,train,0
train_11546.jpg,train,0
train_11547.jpg,train,0
train_11548.jpg,train,0
train_11549.jpg,train,0
train_11550.jpg,train,0
train_11551.jpg,train,0
train_11552.jpg,train,0
train_11553.jpg,train,0
train_11554.jpg,train,0
train_11555.jpg,train,0
train_11556.jpg,train,0
train_11557.jpg,train,0
train_11558.jpg,train,0
train_11559.jpg,train,0
train_11560.jpg,train,0
train_11561.jpg,train,0
train_11562.jpg,train,0
train_11563.jpg,train,0
train_11564.jpg,train,0
train_11565.jpg,train,0
train_11566.jpg,train,0
train_11567.jpg,train,0
train_11568.jpg,train,0
train_11569.jpg,train,0
train_11570.jpg,train,0
train_11571.jpg,train,0
train_11572.jpg,train,0
train_11573.jpg,train,0
train_11574.jpg,train,0
train_11575.jpg,train,0
train_11576.jpg,train,0
train_11577.jpg,train,0
train_11578.jpg,train,0
train_11579.jpg,train,0
train_11580.jpg,train,0
train_11581.jpg,train,0
train_11582.jpg,train,0
train_11583.jpg,train,0
train_11584.jpg,train,0
train_11585.jpg,train,0
train_11586.jpg,train,0
train_11587.jpg,train,0
train_11588.jpg,train,0
train_11589.jpg,train,0
train_11590.jpg,train,0
train_11591.jpg,train,0
train_11592.jpg,train,0
train_11593.jpg,train,0
train_11594.jpg,train,0
train_11595.jpg,train,0
train_11596.jpg,train,0
train_11597.jpg,train,0
train_11598.jpg,train,0
train_11599.jpg,train,0
train_11600.jpg,train,0
train_11601.jpg,train,0
train_11602.jpg,train,0
train_11603.jpg,train,0
train_11604.jpg,train,0
train_11605.jpg,train,0
train_11606.jpg,train,0
train_11607.jpg,train,0
train_11608.jpg,train,0
train_11609.jpg,train,0
train_11610.jpg,train,0
train_11611.jpg,train,0
train_11612.jpg,train,0
train_11613.jpg,train,0
train_11614.jpg,train,0
train_11615.jpg,train,0
train_11616.jpg,train,0
train_11617.jpg,train,0
train_11618.jpg,train,0
train_11619.jpg,train,0
train_11620.jpg,train,0
train_11621.jpg,train,0
train_11622.jpg,train,0
train_11623.jpg,train,0
train_11624.jpg,train,0
train_11625.jpg,train,0
train_11626.jpg,train,0
train_11627.jpg,train,0
train_11628.jpg,train,0
train_11629.jpg,train,0
train_11630.jpg,train,0
train_11631.jpg,train,0
train_11632.jpg,train,0
train_11633.jpg,train,0
train_11634.jpg,train,0
train_11635.jpg,train,0
train_11636.jpg,train,0
train_11637.jpg,train,0
train_11638.jpg,train,0
train_11639.jpg,train,0
train_11640.jpg,train,0
train_11641.jpg,train,0
train_11642.jpg,train,0
train_11643.jpg,train,0
train_11644.jpg,train,0
train_11645.jpg,train,0
train_11646.jpg,train,0
train_11647.jpg,train,0
train_11648.jpg,train,0
train_11649.jpg,train,0
train_11650.jpg,train,0
train_11651.jpg,train,0
train_11652.jpg,train,0
train_11653.jpg,train,0
train_11654.jpg,train,0
train_11655.jpg,train,0
train_11656.jpg,train,0
train_11657.jpg,train,0
train_11658.jpg,train,0
train_11659.jpg,train,0
train_11660.jpg,train,0
train_11661.jpg,train,0
train_11662.jpg,train,0
train_11663.jpg,train,0
train_11664.jpg,train,0
train_11665.jpg,train,0
train_11666.jpg,train,0
train_11667.jpg,train,0
train_11668.jpg,train,0
train_11669.jpg,train,0
train_11670.jpg,train,0
train_11671.jpg,train,0
train_11672.jpg,train,0
train_11673.jpg,train,0
train_11674.jpg,train,0
train_11675.jpg,train,0
train_11676.jpg,train,0
train_11677.jpg,train,0
train_11678.jpg,train,0
train_11679.jpg,train,0
train_11680.jpg,train,0
train_11681.jpg,train,0
train_11682.jpg,train,0
train_11683.jpg,train,0
train_11684.jpg,train,0
train_11685.jpg,train,0
train_11686.jpg,train,0
train_11687.jpg,train,0
train_11688.jpg,train,0
train_11689.jpg,train,0
train_11690.jpg,train,0
train_11691.jpg,train,0
train_11692.jpg,train,0
train_11693.jpg,train,0
train_11694.jpg,train,0
train_11695.jpg,train,0
train_11696.jpg,train,0
train_11697.jpg,train,0
train_11698.jpg,train,0
train_11699.jpg,train,0
train_11700.jpg,train,0
train_11701.jpg,train,0
train_11702.jpg,train,0
train_11703.jpg,train,0
train_11704.jpg,train,0
train_11705.jpg,train,0
train_11706.jpg,train,0
train_11707.jpg,train,0
train_11708.jpg,train,0
train_11709.jpg,train,0
train_11710.jpg,train,0
train_11711.jpg,train,0
train_11712.jpg,train,0
train_11713.jpg,train,0
train_11714.jpg,train,0
train_11715.jpg,train,0
train_11716.jpg,train,0
train_11717.jpg,train,0
train_11718.jpg,train,0
train_11719.jpg,train,0
train_11720.jpg,train,0
train_11721.jpg,train,0
train_11722.jpg,train,0
train_11723.jpg,train,0
train_11724.jpg,train,0
train_11725.jpg,train,0
train_11726.jpg,train,0
train_11727.jpg,train,0
train_11728.jpg,train,0
train_11729.jpg,train,0
train_11730.jpg,train,0
train_11731.jpg,train,0
train_11732.jpg,train,0
train_11733.jpg,train,0
train_11734.jpg,train,0
train_11735.jpg,train,0
train_11736.jpg,train,0
train_11737.jpg,train,0
train_11738.jpg,train,0
train_11739.jpg,train,0
train_11740.jpg,train,0
train_11741.jpg,train,0
train_11742.jpg,train,0
train_11743.jpg,train,0
train_11744.jpg,train,0
train_11745.jpg,train,0
train_11746.jpg,train,0
train_11747.jpg,train,0
train_11748.jpg,train,0
train_11749.jpg,train,0
train_11750.jpg,train,0
train_11751.jpg,train,0
train_11752.jpg,train,0
train_11753.jpg,train,0
train_11754.jpg,train,0
train_11755.jpg,train,0
train_11756.jpg,train,0
train_11757.jpg,train,0
train_11758.jpg,train,0
train_11759.jpg,train,0
train_11760.jpg,train,0
train_11761.jpg,train,0
train_11762.jpg,train,0
train_11763.jpg,train,0
train_11764.jpg,train,0
train_11765.jpg,train,0
train_11766.jpg,train,0
train_11767.jpg,train,0
train_11768.jpg,train,0
train_11769.jpg,train,0
train_11770.jpg,train,0
train_11771.jpg,train,0
train_11772.jpg,train,0
train_11773.jpg,train,0
train_11774.jpg,train,0
train_11775.jpg,train,0
train_11776.jpg,train,0
train_11777.jpg,train,0
train_11778.jpg,train,0
train_11779.jpg,train,0
train_11780.jpg,train,0
train_11781.jpg,train,0
train_11782.jpg,train,0
train_11783.jpg,train,0
train_11784.jpg,train,0
train_11785.jpg,train,0
train_11786.jpg,train,0
train_11787.jpg,train,0
train_11788.jpg,train,0
train_11789.jpg,train,0
train_11790.jpg,train,0
train_11791.jpg,train,0
train_11792.jpg,train,0
train_11793.jpg,train,0
train_11794.jpg,train,0
train_11795.jpg,train,0
train_11796.jpg,train,0
train_11797.jpg,train,0
train_11798.jpg,train,0
train_11799.jpg,train,0
train_11800.jpg,train,0
train_11801.jpg,train,0
train_11802.jpg,train,0
train_11803.jpg,train,0
train_11804.jpg,train,0
train_11805.jpg,train,0
train_11806.jpg,train,0
train_11807.jpg,train,0
train_11808.jpg,train,0
train_11809.jpg,train,0
train_11810.jpg,train,0
train_11811.jpg,train,0
train_11812.jpg,train,0
train_11813.jpg,train,0
train_11814.jpg,train,0
train_11815.jpg,train,0
train_11816.jpg,train,0
train_11817.jpg,train,0
train_11818.jpg,train,0
train_11819.jpg,train,0
train_11820.jpg,train,0
train_11821.jpg,train,0
train_11822.jpg,train,0
train_11823.jpg,train,0
train_11824.jpg,train,0
train_11825.jpg,train,0
train_11826.jpg,train,0
train_11827.jpg,train,0
train_11828.jpg,train,0
train_11829.jpg,train,0
train_11830.jpg,train,0
train_11831.jpg,train,0
train_11832.jpg,train,0
train_11833.jpg,train,0
train_11834.jpg,train,0
train_11835.jpg,train,0
train_11836.jpg,train,0
train_11837.jpg,train,0
train_11838.jpg,train,0
train_11839.jpg,train,0
train_11840.jpg,train,0
train_11841.jpg,train,0
train_11842.jpg,train,0
train_11843.jpg,train,0
train_11844.jpg,train,0
train_11845.jpg,train,0
train_11846.jpg,train,0
train_11847.jpg,train,0
train_11848.jpg,train,0
train_11849.jpg,train,0
train_11850.jpg,train,0
train_11851.jpg,train,0
train_11852.jpg,train,0
train_11853.jpg,train,0
train_11854.jpg,train,0
train_11855.jpg,train,0
train_11856.jpg,train,0
train_11857.jpg,train,0
train_11858.jpg,train,0
train_11859.jpg,train,0
train_11860.jpg,train,0
train_11861.jpg,train,0
train_11862.jpg,train,0
train_11863.jpg,train,0
train_11864.jpg,train,0
train_11865.jpg,train,0
train_11866.jpg,train,0
train_11867.jpg,train,0
train_11868.jpg,train,0
train_11869.jpg,train,0
train_11870.jpg,train,0
train_11871.jpg,train,0
train_11872.jpg,train,0
train_11873.jpg,train,0
train_11874.jpg,train,0
train_11875.jpg,train,0
train_11876.jpg,train,0
train_11877.jpg,train,0
train_11878.jpg,train,0
train_11879.jpg,train,0
train_11880.jpg,train,0
train_11881.jpg,train,0
train_11882.jpg,train,0
train_11883.jpg,train,0
train_11884.jpg,train,0
train_11885.jpg,train,0
train_11886.jpg,train,0
train_11887.jpg,train,0
train_11888.jpg,train,0
train_11889.jpg,train,0
train_11890.jpg,train,0
train_11891.jpg,train,0
train_11892.jpg,train,0
train_11893.jpg,train,0
train_11894.jpg,train,0
train_11895.jpg,train,0
train_11896.jpg,train,0
train_11897.jpg,train,0
train_11898.jpg,train,0
train_11899.jpg,train,0
train_11900.jpg,train,0
train_11901.jpg,train,0
train_11902.jpg,train,0
train_11903.jpg,train,0
train_11904.jpg,train,0
train_11905.jpg,train,0
train_11906.jpg,train,0
train_11907.jpg,train,0
train_11908.jpg,train,0
train_11909.jpg,train,0
train_11910.jpg,train,0
train_11911.jpg,train,0
train_11912.jpg,train,0
train_11913.jpg,train,0
train_11914.jpg,train,0
train_11915.jpg,train,0
train_11916.jpg,train,0
train_11917.jpg,train,0
train_11918.jpg,train,0
train_11919.jpg,train,0
train_11920.jpg,train,0
train_11921.jpg,train,0
train_11922.jpg,train,0
train_11923.jpg,train,0
train_11924.jpg,train,0
train_11925.jpg,train,0
train_11926.jpg,train,0
train_11927.jpg,train,0
train_11928.jpg,train,0
train_11929.jpg,train,0
train_11930.jpg,train,0
train_11931.jpg,train,0
train_11932.jpg,train,0
train_11933.jpg,train,0
train_11934.jpg,train,0
train_11935.jpg,train,0
train_11936.jpg,train,0
train_11937.jpg,train,0
train_11938.jpg,train,0
train_11939.jpg,train,0
train_11940.jpg,train,0
train_11941.jpg,train,0
train_11942.jpg,train,0
train_11943.jpg,train,0
train_11944.jpg,train,0
train_11945.jpg,train,0
train_11946.jpg,train,0
train_11947.jpg,train,0
train_11948.jpg,train,0
train_11949.jpg,train,0
train_11950.jpg,train,0
train_11951.jpg,train,0
train_11952.jpg,train,0
train_11953.jpg,train,0
train_11954.jpg,train,0
train_11955.jpg,train,0
train_11956.jpg,train,0
train_11957.jpg,train,0
train_11958.jpg,train,0
train_11959.jpg,train,0
train_11960.jpg,train,0
train_11961.jpg,train,0
train_11962.jpg,train,0
train_11963.jpg,train,0
train_11964.jpg,train,0
train_11965.jpg,train,0
train_11966.jpg,train,0
train_11967.jpg,train,0
train_11968.jpg,train,0
train_11969.jpg,train,0
train_11970.jpg,train,0
train_11971.jpg,train,0
train_11972.jpg,train,0
train_11973.jpg,train,0
train_11974.jpg,train,0
train_11975.jpg,train,0
train_11976.jpg,train,0
train_11977.jpg,train,0
train_11978.jpg,train,0
train_11979.jpg,train,0
train_11980.jpg,train,0
train_11981.jpg,train,0
train_11982.jpg,train,0
train_11983.jpg,train,0
train_11984.jpg,train,0
train_11985.jpg,train,0
train_11986.jpg,train,0
train_11987.jpg,train,0
train_11988.jpg,train,0
train_11989.jpg,train,0
train_11990.jpg,train,0
train_11991.jpg,train,0
train_11992.jpg,train,0
train_11993.jpg,train,0
train_11994.jpg,train,0
train_11995.jpg,train,0
train_11996.jpg,train,0
train_11997.jpg,train,0
train_11998.jpg,train,0
train_11999.jpg,train,0
train_12000.jpg,train,0
train_12001.jpg,train,0
train_12002.jpg,train,0
train_12003.jpg,train,0
train_12004.jpg,train,0
train_12005.jpg,train,0
train_12006.jpg,train,0
train_12007.jpg,train,0
train_12008.jpg,train,0
train_12009.jpg,train,0
train_12010.jpg,train,0
train_12011.jpg,train,0
train_12012.jpg,train,0
train_12013.jpg,train,0
train_12014.jpg,train,0
train_12015.jpg,train,0
train_12016.jpg,train,0
train_12017.jpg,train,0
train_12018.jpg,train,0
train_12019.jpg,train,0
train_12020.jpg,train,0
train_12021.jpg,train,0
train_12022.jpg,train,0
train_12023.jpg,train,0
train_12024.jpg,train,0
train_12025.jpg,train,0
train_12026.jpg,train,0
train_12027.jpg,train,0
train_12028.jpg,train,0
train_12029.jpg,train,0
train_12030.jpg,train,0
train_12031.jpg,train,0
train_12032.jpg,train,0
train_12033.jpg,train,0
train_12034.jpg,train,0
train_12035.jpg,train,0
train_12036.jpg,train,0
train_12037.jpg,train,0
train_12038.jpg,train,0
train_12039.jpg,train,0
train_12040.jpg,train,0
train_12041.jpg,train,0
train_12042.jpg,train,0
train_12043.jpg,train,0
train_12044.jpg,train,0
train_12045.jpg,train,0
train_12046.jpg,train,0
train_12047.jpg,train,0
train_12048.jpg,train,0
train_12049.jpg,train,0
train_12050.jpg,train,0
train_12051.jpg,train,0
train_12052.jpg,train,0
train_12053.jpg,train,0
train_12054.jpg,train,0
train_12055.jpg,train,0
train_12056.jpg,train,0
train_12057.jpg,train,0
train_12058.jpg,train,0
train_12059.jpg,train,0
train_12060.jpg,train,0
train_12061.jpg,train,0
train_12062.jpg,train,0
train_12063.jpg,train,0
train_12064.jpg,train,0
train_12065.jpg,train,0
train_12066.jpg,train,0
train_12067.jpg,train,0
train_12068.jpg,train,0
train_12069.jpg,train,0
train_12070.jpg,train,0
train_12071.jpg,train,0
train_12072.jpg,train,0
train_12073.jpg,train,0
train_12074.jpg,train,0
train_12075.jpg,train,0
train_12076.jpg,train,0
train_12077.jpg,train,0
train_12078.jpg,train,0
train_12079.jpg,train,0
train_12080.jpg,train,0
train_12081.jpg,train,0
train_12082.jpg,train,0
train_12083.jpg,train,0
train_12084.jpg,train,0
train_12085.jpg,train,0
train_12086.jpg,train,0
train_12087.jpg,train,0
train_12088.jpg,train,0
train_12089.jpg,train,0
train_12090.jpg,train,0
train_12091.jpg,train,0
train_12092.jpg,train,0
train_12093.jpg,train,0
train_12094.jpg,train,0
train_12095.jpg,train,0
train_12096.jpg,train,0
train_12097.jpg,train,0
train_12098.jpg,train,0
train_12099.jpg,train,0
train_12100.jpg,train,0
train_12101.jpg,train,0
train_12102.jpg,train,0
train_12103.jpg,train,0
train_12104.jpg,train,0
train_12105.jpg,train,0
train_12106.jpg,train,0
train_12107.jpg,train,0
train_12108.jpg,train,0
train_12109.jpg,train,0
train_12110.jpg,train,0
train_12111.jpg,train,0
train_12112.jpg,train,0
train_12113.jpg,train,0
train_12114.jpg,train,0
train_12115.jpg,train,0
train_12116.jpg,train,0
train_12117.jpg,train,0
train_12118.jpg,train,0
train_12119.jpg,train,0
train_12120.jpg,train,0
train_12121.jpg,train,0
train_12122.jpg,train,0
train_12123.jpg,train,0
train_12124.jpg,train,0
train_12125.jpg,train,0
train_12126.jpg,train,0
train_12127.jpg,train,0
train_12128.jpg,train,0
train_12129.jpg,train,0
train_12130.jpg,train,0
train_12131.jpg,train,0
train_12132.jpg,train,0
train_12133.jpg,train,0
train_12134.jpg,train,0
train_12135.jpg,train,0
train_12136.jpg,train,0
train_12137.jpg,train,0
train_12138.jpg,train,0
train_12139.jpg,train,0
train_12140.jpg,train,0
train_12141.jpg,train,0
train_12142.jpg,train,0
train_12143.jpg,train,0
train_12144.jpg,train,0
train_12145.jpg,train,0
train_12146.jpg,train,0
train_12147.jpg,train,0
train_12148.jpg,train,0
train_12149.jpg,train,0
train_12150.jpg,train,0
train_12151.jpg,train,0
train_12152.jpg,train,0
train_12153.jpg,train,0
train_12154.jpg,train,0
train_12155.jpg,train,0
train_12156.jpg,train,0
train_12157.jpg,train,0
train_12158.jpg,train,0
train_12159.jpg,train,0
train_12160.jpg,train,0
train_12161.jpg,train,0
train_12162.jpg,train,0
train_12163.jpg,train,0
train_12164.jpg,train,0
train_12165.jpg,train,0
train_12166.jpg,train,0
train_12167.jpg,train,0
train_12168.jpg,train,0
train_12169.jpg,train,0
train_12170.jpg,train,0
train_12171.jpg,train,0
train_12172.jpg,train,0
train_12173.jpg,train,0
train_12174.jpg,train,0
train_12175.jpg,train,0
train_12176.jpg,train,0
train_12177.jpg,train,0
train_12178.jpg,train,0
train_12179.jpg,train,0
train_12180.jpg,train,0
train_12181.jpg,train,0
train_12182.jpg,train,0
train_12183.jpg,train,0
train_12184.jpg,train,0
train_12185.jpg,train,0
train_12186.jpg,train,0
train_12187.jpg,train,0
train_12188.jpg,train,0
train_12189.jpg,train,0
train_12190.jpg,train,0
train_12191.jpg,train,0
train_12192.jpg,train,0
train_12193.jpg,train,0
train_12194.jpg,train,0
train_12195.jpg,train,0
train_12196.jpg,train,0
train_12197.jpg,train,0
train_12198.jpg,train,0
train_12199.jpg,train,0
train_12200.jpg,train,0
train_12201.jpg,train,0
train_12202.jpg,train,0
train_12203.jpg,train,0
train_12204.jpg,train,0
train_12205.jpg,train,0
train_12206.jpg,train,0
train_12207.jpg,train,0
train_12208.jpg,train,0
train_12209.jpg,train,0
train_12210.jpg,train,0
train_12211.jpg,train,0
train_12212.jpg,train,0
train_12213.jpg,train,0
train_12214.jpg,train,0
train_12215.jpg,train,0
train_12216.jpg,train,0
train_12217.jpg,train,0
train_12218.jpg,train,0
train_12219.jpg,train,0
train_12220.jpg,train,0
train_12221.jpg,train,0
train_12222.jpg,train,0
train_12223.jpg,train,0
train_12224.jpg,train,0
train_12225.jpg,train,0
train_12226.jpg,train,0
train_12227.jpg,train,0
train_12228.jpg,train,0
train_12229.jpg,train,0
train_12230.jpg,train,0
train_12231.jpg,train,0
train_12232.jpg,train,0
train_12233.jpg,train,0
train_12234.jpg,train,0
train_12235.jpg,train,0
train_12236.jpg,train,0
train_12237.jpg,train,0
train_12238.jpg,train,0
train_12239.jpg,train,0
train_12240.jpg,train,0
train_12241.jpg,train,0
train_12242.jpg,train,0
train_12243.jpg,train,0
train_12244.jpg,train,0
train_12245.jpg,train,0
train_12246.jpg,train,0
train_12247.jpg,train,0
train_12248.jpg,train,0
train_12249.jpg,train,0
train_12250.jpg,train,0
train_12251.jpg,train,0
train_12252.jpg,train,0
train_12253.jpg,train,0
train_12254.jpg,train,0
train_12255.jpg,train,0
train_12256.jpg,train,0
train_12257.jpg,train,0
train_12258.jpg,train,0
train_12259.jpg,train,0
train_12260.jpg,train,0
train_12261.jpg,train,0
train_12262.jpg,train,0
train_12263.jpg,train,0
train_12264.jpg,train,0
train_12265.jpg,train,0
train_12266.jpg,train,0
train_12267.jpg,train,0
train_12268.jpg,train,0
train_12269.jpg,train,0
train_12270.jpg,train,0
train_12271.jpg,train,0
train_12272.jpg,train,0
train_12273.jpg,train,0
train_12274.jpg,train,0
train_12275.jpg,train,0
train_12276.jpg,train,0
train_12277.jpg,train,0
train_12278.jpg,train,0
train_12279.jpg,train,0
train_12280.jpg,train,0
train_12281.jpg,train,0
train_12282.jpg,train,0
train_12283.jpg,train,0
train_12284.jpg,train,0
train_12285.jpg,train,0
train_12286.jpg,train,0
train_12287.jpg,train,0
train_12288.jpg,train,0
train_12289.jpg,train,0
train_12290.jpg,train,0
train_12291.jpg,train,0
train_12292.jpg,train,0
train_12293.jpg,train,0
train_12294.jpg,train,0
train_12295.jpg,train,0
train_12296.jpg,train,0
train_12297.jpg,train,0
train_12298.jpg,train,0
train_12299.jpg,train,0
train_12300.jpg,train,0
train_12301.jpg,train,0
train_12302.jpg,train,0
train_12303.jpg,train,0
train_12304.jpg,train,0
train_12305.jpg,train,0
train_12306.jpg,train,0
train_12307.jpg,train,0
train_12308.jpg,train,0
train_12309.jpg,train,0
train_12310.jpg,train,0
train_12311.jpg,train,0
train_12312.jpg,train,0
train_12313.jpg,train,0
train_12314.jpg,train,0
train_12315.jpg,train,0
train_12316.jpg,train,0
train_12317.jpg,train,0
train_12318.jpg,train,0
train_12319.jpg,train,0
train_12320.jpg,train,0
train_12321.jpg,train,0
train_12322.jpg,train,0
train_12323.jpg,train,0
train_12324.jpg,train,0
train_12325.jpg,train,0
train_12326.jpg,train,0
train_12327.jpg,train,0
train_12328.jpg,train,0
train_12329.jpg,train,0
train_12330.jpg,train,0
train_12331.jpg,train,0
train_12332.jpg,train,0
train_12333.jpg,train,0
train_12334.jpg,train,0
train_12335.jpg,train,0
train_12336.jpg,train,0
train_12337.jpg,train,0
train_12338.jpg,train,0
train_12339.jpg,train,0
train_12340.jpg,train,0
train_12341.jpg,train,0
train_12342.jpg,train,0
train_12343.jpg,train,0
train_12344.jpg,train,0
train_12345.jpg,train,0
train_12346.jpg,train,0
train_12347.jpg,train,0
train_12348.jpg,train,0
train_12349.jpg,train,0
train_12350.jpg,train,0
train_12351.jpg,train,0
train_12352.jpg,train,0
train_12353.jpg,train,0
train_12354.jpg,train,0
train_12355.jpg,train,0
train_12356.jpg,train,0
train_12357.jpg,train,0
train_12358.jpg,train,0
train_12359.jpg,train,0
train_12360.jpg,train,0
train_12361.jpg,train,0
train_12362.jpg,train,0
train_12363.jpg,train,0
train_12364.jpg,train,0
train_12365.jpg,train,0
train_12366.jpg,train,0
train_12367.jpg,train,0
train_12368.jpg,train,0
train_12369.jpg,train,0
train_12370.jpg,train,0
train_12371.jpg,train,0
train_12372.jpg,train,0
train_12373.jpg,train,0
train_12374.jpg,train,0
train_12375.jpg,train,0
train_12376.jpg,train,0
train_12377.jpg,train,0
train_12378.jpg,train,0
train_12379.jpg,train,0
train_12380.jpg,train,0
train_12381.jpg,train,0
train_12382.jpg,train,0
train_12383.jpg,train,0
train_12384.jpg,train,0
train_12385.jpg,train,0
train_12386.jpg,train,0
train_12387.jpg,train,0
train_12388.jpg,train,0
train_12389.jpg,train,0
train_12390.jpg,train,0
train_12391.jpg,train,0
train_12392.jpg,train,0
train_12393.jpg,train,0
train_12394.jpg,train,0
train_12395.jpg,train,0
train_12396.jpg,train,0
train_12397.jpg,train,0
train_12398.jpg,train,0
train_12399.jpg,train,0
train_12400.jpg,train,0
train_12401.jpg,train,0
train_12402.jpg,train,0
train_12403.jpg,train,0
train_12404.jpg,train,0
train_12405.jpg,train,0
train_12406.jpg,train,0
train_12407.jpg,train,0
train_12408.jpg,train,0
train_12409.jpg,train,0
train_12410.jpg,train,0
train_12411.jpg,train,0
train_12412.jpg,train,0
train_12413.jpg,train,0
train_12414.jpg,train,0
train_12415.jpg,train,0
train_12416.jpg,train,0
train_12417.jpg,train,0
train_12418.jpg,train,0
train_12419.jpg,train,0
train_12420.jpg,train,0
train_12421.jpg,train,0
train_12422.jpg,train,0
train_12423.jpg,train,0
train_12424.jpg,train,0
train_12425.jpg,train,0
train_12426.jpg,train,0
train_12427.jpg,train,0
train_12428.jpg,train,0
train_12429.jpg,train,0
train_12430.jpg,train,0
train_12431.jpg,train,0
train_12432.jpg,train,0
train_12433.jpg,train,0
train_12434.jpg,train,0
train_12435.jpg,train,0
train_12436.jpg,train,0
train_12437.jpg,train,0
train_12438.jpg,train,0
train_12439.jpg,train,0
train_12440.jpg,train,0
train_12441.jpg,train,0
train_12442.jpg,train,0
train_12443.jpg,train,0
train_12444.jpg,train,0
train_12445.jpg,train,0
train_12446.jpg,train,0
train_12447.jpg,train,0
train_12448.jpg,train,0
train_12449.jpg,train,0
train_12450.jpg,train,0
train_12451.jpg,train,0
train_12452.jpg,train,0
train_12453.jpg,train,0
train_12454.jpg,train,0
train_12455.jpg,train,0
train_12456.jpg,train,0
train_12457.jpg,train,0
train_12458.jpg,train,0
train_12459.jpg,train,0
train_12460.jpg,train,0
train_12461.jpg,train,0
train_12462.jpg,train,0
train_12463.jpg,train,0
train_12464.jpg,train,0
train_12465.jpg,train,0
train_12466.jpg,train,0
train_12467.jpg,train,0
train_12468.jpg,train,0
train_12469.jpg,train,0
train_12470.jpg,train,0
train_12471.jpg,train,0
train_12472.jpg,train,0
train_12473.jpg,train,0
train_12474.jpg,train,0
train_12475.jpg,train,0
train_12476.jpg,train,0
train_12477.jpg,train,0
train_12478.jpg,train,0
train_12479.jpg,train,0
train_12480.jpg,train,0
train_12481.jpg,train,0
train_12482.jpg,train,0
train_12483.jpg,train,0
train_12484.jpg,train,0
train_12485.jpg,train,0
train_12486.jpg,train,0
train_12487.jpg,train,0
train_12488.jpg,train,0
train_12489.jpg,train,0
train_12490.jpg,train,0
train_12491.jpg,train,0
train_12492.jpg,train,0
train_12493.jpg,train,0
train_12494.jpg,train,0
train_12495.jpg,train,0
train_12496.jpg,train,0
train_12497.jpg,train,0
train_12498.jpg,train,0
train_12499.jpg,train,0
train_12500.jpg,train,0
train_12501.jpg,train,0
train_12502.jpg,train,0
train_12503.jpg,train,0
train_12504.jpg,train,0
train_12505.jpg,train,0
train_12506.jpg,train,0
train_12507.jpg,train,0
train_12508.jpg,train,0
train_12509.jpg,train,0
train_12510.jpg,train,0
train_12511.jpg,train,0
train_12512.jpg,train,0
train_12513.jpg,train,0
train_12514.jpg,train,0
train_12515.jpg,train,0
train_12516.jpg,train,0
train_12517.jpg,train,0
train_12518.jpg,train,0
train_12519.jpg,train,0
train_12520.jpg,train,0
train_12521.jpg,train,0
train_12522.jpg,train,0
train_12523.jpg,train,0
train_12524.jpg,train,0
train_12525.jpg,train,0
train_12526.jpg,train,0
train_12527.jpg,train,0
train_12528.jpg,train,0
train_12529.jpg,train,0
train_12530.jpg,train,0
train_12531.jpg,train,0
train_12532.jpg,train,0
train_12533.jpg,train,0
train_12534.jpg,train,0
train_12535.jpg,train,0
train_12536.jpg,train,0
train_12537.jpg,train,0
train_12538.jpg,train,0
train_12539.jpg,train,0
train_12540.jpg,train,0
train_12541.jpg,train,0
train_12542.jpg,train,0
train_12543.jpg,train,0
train_12544.jpg,train,0
train_12545.jpg,train,0
train_12546.jpg,train,0
train_12547.jpg,train,0
train_12548.jpg,train,0
train_12549.jpg,train,0
train_12550.jpg,train,0
train_12551.jpg,train,0
train_12552.jpg,train,0
train_12553.jpg,train,0
train_12554.jpg,train,0
train_12555.jpg,train,0
train_12556.jpg,train,0
train_12557.jpg,train,0
train_12558.jpg,train,0
train_12559.jpg,train,0
train_12560.jpg,train,0
train_12561.jpg,train,0
train_12562.jpg,train,0
train_12563.jpg,train,0
train_12564.jpg,train,0
train_12565.jpg,train,0
train_12566.jpg,train,0
train_12567.jpg,train,0
train_12568.jpg,train,0
train_12569.jpg,train,0
train_12570.jpg,train,0
train_12571.jpg,train,0
train_12572.jpg,train,0
train_12573.jpg,train,0
train_12574.jpg,train,0
train_12575.jpg,train,0
train_12576.jpg,train,0
train_12577.jpg,train,0
train_12578.jpg,train,0
train_12579.jpg,train,0
train_12580.jpg,train,0
train_12581.jpg,train,0
train_12582.jpg,train,0
train_12583.jpg,train,0
train_12584.jpg,train,0
train_12585.jpg,train,0
train_12586.jpg,train,0
train_12587.jpg,train,0
train_12588.jpg,train,0
train_12589.jpg,train,0
train_12590.jpg,train,0
train_12591.jpg,train,0
train_12592.jpg,train,0
train_12593.jpg,train,0
train_12594.jpg,train,0
train_12595.jpg,train,0
train_12596.jpg,train,0
train_12597.jpg,train,0
train_12598.jpg,train,0
train_12599.jpg,train,0
train_12600.jpg,train,0
train_12601.jpg,train,0
train_12602.jpg,train,0
train_12603.jpg,train,0
train_12604.jpg,train,0
train_12605.jpg,train,0
train_12606.jpg,train,0
train_12607.jpg,train,0
train_12608.jpg,train,0
train_12609.jpg,train,0
train_12610.jpg,train,0
train_12611.jpg,train,0
train_12612.jpg,train,0
train_12613.jpg,train,0
train_12614.jpg,train,0
train_12615.jpg,train,0
train_12616.jpg,train,0
train_12617.jpg,train,0
train_12618.jpg,train,0
train_12619.jpg,train,0
train_12620.jpg,train,0
train_12621.jpg,train,0
train_12622.jpg,train,0
train_12623.jpg,train,0
train_12624.jpg,train,0
train_12625.jpg,train,0
train_12626.jpg,train,0
train_12627.jpg,train,0
train_12628.jpg,train,0
train_12629.jpg,train,0
train_12630.jpg,train,0
train_12631.jpg,train,0
train_12632.jpg,train,0
train_12633.jpg,train,0
train_12634.jpg,train,0
train_12635.jpg,train,0
train_12636.jpg,train,0
train_12637.jpg,train,0
train_12638.jpg,train,0
train_12639.jpg,train,0
train_12640.jpg,train,0
train_12641.jpg,train,0
train_12642.jpg,train,0
train_12643.jpg,train,0
train_12644.jpg,train,0
train_12645.jpg,train,0
train_12646.jpg,train,0
train_12647.jpg,train,0
train_12648.jpg,train,0
train_12649.jpg,train,0
train_12650.jpg,train,0
train_12651.jpg,train,0
train_12652.jpg,train,0
train_12653.jpg,train,0
train_12654.jpg,train,0
train_12655.jpg,train,0
train_12656.jpg,train,0
train_12657.jpg,train,0
train_12658.jpg,train,0
train_12659.jpg,train,0
train_12660.jpg,train,0
train_12661.jpg,train,0
train_12662.jpg,train,0
train_12663.jpg,train,0
train_12664.jpg,train,0
train_12665.jpg,train,0
train_12666.jpg,train,0
train_12667.jpg,train,0
train_12668.jpg,train,0
train_12669.jpg,train,0
train_12670.jpg,train,0
train_12671.jpg,train,0
train_12672.jpg,train,0
train_12673.jpg,train,0
train_12674.jpg,train,0
train_12675.jpg,train,0
train_12676.jpg,train,0
train_12677.jpg,train,0
train_12678.jpg,train,0
train_12679.jpg,train,0
train_12680.jpg,train,0
train_12681.jpg,train,0
train_12682.jpg,train,0
train_12683.jpg,train,0
train_12684.jpg,train,0
train_12685.jpg,train,0
train_12686.jpg,train,0
train_12687.jpg,train,0
train_12688.jpg,train,0
train_12689.jpg,train,0
train_12690.jpg,train,0
train_12691.jpg,train,0
train_12692.jpg,train,0
train_12693.jpg,train,0
train_12694.jpg,train,0
train_12695.jpg,train,0
train_12696.jpg,train,0
train_12697.jpg,train,0
train_12698.jpg,train,0
train_12699.jpg,train,0
train_12700.jpg,train,0
train_12701.jpg,train,0
train_12702.jpg,train,0
train_12703.jpg,train,0
train_12704.jpg,train,0
train_12705.jpg,train,0
train_12706.jpg,train,0
train_12707.jpg,train,0
train_12708.jpg,train,0
train_12709.jpg,train,0
train_12710.jpg,train,0
train_12711.jpg,train,0
train_12712.jpg,train,0
train_12713.jpg,train,0
train_12714.jpg,train,0
train_12715.jpg,train,0
train_12716.jpg,train,0
train_12717.jpg,train,0
train_12718.jpg,train,0
train_12719.jpg,train,0
train_12720.jpg,train,0
train_12721.jpg,train,0
train_12722.jpg,train,0
train_12723.jpg,train,0
train_12724.jpg,train,0
train_12725.jpg,train,0
train_12726.jpg,train,0
train_12727.jpg,train,0
train_12728.jpg,train,0
train_12729.jpg,train,0
train_12730.jpg,train,0
train_12731.jpg,train,0
train_12732.jpg,train,0
train_12733.jpg,train,0
train_12734.jpg,train,0
train_12735.jpg,train,0
train_12736.jpg,train,0
train_12737.jpg,train,0
train_12738.jpg,train,0
train_12739.jpg,train,0
train_12740.jpg,train,0
train_12741.jpg,train,0
train_12742.jpg,train,0
train_12743.jpg,train,0
train_12744.jpg,train,0
train_12745.jpg,train,0
train_12746.jpg,train,0
train_12747.jpg,train,0
train_12748.jpg,train,0
train_12749.jpg,train,0
train_12750.jpg,train,0
train_12751.jpg,train,0
train_12752.jpg,train,0
train_12753.jpg,train,0
train_12754.jpg,train,0
train_12755.jpg,train,0
train_12756.jpg,train,0
train_12757.jpg,train,0
train_12758.jpg,train,0
train_12759.jpg,train,0
train_12760.jpg,train,0
train_12761.jpg,train,0
train_12762.jpg,train,0
train_12763.jpg,train,0
train_12764.jpg,train,0
train_12765.jpg,train,0
train_12766.jpg,train,0
train_12767.jpg,train,0
train_12768.jpg,train,0
train_12769.jpg,train,0
train_12770.jpg,train,0
train_12771.jpg,train,0
train_12772.jpg,train,0
train_12773.jpg,train,0
train_12774.jpg,train,0
train_12775.jpg,train,0
train_12776.jpg,train,0
train_12777.jpg,train,0
train_12778.jpg,train,0
train_12779.jpg,train,0
train_12780.jpg,train,0
train_12781.jpg,train,0
train_12782.jpg,train,0
train_12783.jpg,train,0
train_12784.jpg,train,0
train_12785.jpg,train,0
train_12786.jpg,train,0
train_12787.jpg,train,0
train_12788.jpg,train,0
train_12789.jpg,train,0
train_12790.jpg,train,0
train_12791.jpg,train,0
train_12792.jpg,train,0
train_12793.jpg,train,0
train_12794.jpg,train,0
train_12795.jpg,train,0
train_12796.jpg,train,0
train_12797.jpg,train,0
train_12798.jpg,train,0
train_12799.jpg,train,0
train_12800.jpg,train,0
train_12801.jpg,train,0
train_12802.jpg,train,0
train_12803.jpg,train,0
train_12804.jpg,train,0
train_12805.jpg,train,0
train_12806.jpg,train,0
train_12807.jpg,train,0
train_12808.jpg,train,0
train_12809.jpg,train,0
train_12810.jpg,train,0
train_12811.jpg,train,0
train_12812.jpg,train,0
train_12813.jpg,train,0
train_12814.jpg,train,0
train_12815.jpg,train,0
train_12816.jpg,train,0
train_12817.jpg,train,0
train_12818.jpg,train,0
train_12819.jpg,train,0
train_12820.jpg,train,0
train_12821.jpg,train,0
train_12822.jpg,train,0
train_12823.jpg,train,0
train_12824.jpg,train,0
train_12825.jpg,train,0
train_12826.jpg,train,0
train_12827.jpg,train,0
train_12828.jpg,train,0
train_12829.jpg,train,0
train_12830.jpg,train,0
train_12831.jpg,train,0
train_12832.jpg,train,0
train_12833.jpg,train,0
train_12834.jpg,train,0
train_12835.jpg,train,0
train_12836.jpg,train,0
train_12837.jpg,train,0
train_12838.jpg,train,0
train_12839.jpg,train,0
train_12840.jpg,train,0
train_12841.jpg,train,0
train_12842.jpg,train,0
train_12843.jpg,train,0
train_12844.jpg,train,0
train_12845.jpg,train,0
train_12846.jpg,train,0
train_12847.jpg,train,0
train_12848.jpg,train,0
train_12849.jpg,train,0
train_12850.jpg,train,0
train_12851.jpg,train,0
train_12852.jpg,train,0
train_12853.jpg,train,0
train_12854.jpg,train,0
train_12855.jpg,train,0
train_12856.jpg,train,0
train_12857.jpg,train,0
train_12858.jpg,train,0
train_12859.jpg,train,0
train_12860.jpg,train,0
train_12861.jpg,train,0
train_12862.jpg,train,0
train_12863.jpg,train,0
train_12864.jpg,train,0
train_12865.jpg,train,0
train_12866.jpg,train,0
train_12867.jpg,train,0
train_12868.jpg,train,0
train_12869.jpg,train,0
train_12870.jpg,train,0
train_12871.jpg,train,0
train_12872.jpg,train,0
train_12873.jpg,train,0
train_12874.jpg,train,0
train_12875.jpg,train,0
train_12876.jpg,train,0
train_12877.jpg,train,0
train_12878.jpg,train,0
train_12879.jpg,train,0
train_12880.jpg,train,0
train_12881.jpg,train,0
train_12882.jpg,train,0
train_12883.jpg,train,0
train_12884.jpg,train,0
train_12885.jpg,train,0
train_12886.jpg,train,0
train_12887.jpg,train,0
train_12888.jpg,train,0
train_12889.jpg,train,0
train_12890.jpg,train,0
train_12891.jpg,train,0
train_12892.jpg,train,0
train_12893.jpg,train,0
train_12894.jpg,train,0
train_12895.jpg,train,0
train_12896.jpg,train,0
train_12897.jpg,train,0
train_12898.jpg,train,0
train_12899.jpg,train,0
train_12900.jpg,train,0
train_12901.jpg,train,0
train_12902.jpg,train,0
train_12903.jpg,train,0
train_12904.jpg,train,0
train_12905.jpg,train,0
train_12906.jpg,train,0
train_12907.jpg,train,0
train_12908.jpg,train,0
train_12909.jpg,train,0
train_12910.jpg,train,0
train_12911.jpg,train,0
train_12912.jpg,train,0
train_12913.jpg,train,0
train_12914.jpg,train,0
train_12915.jpg,train,0
train_12916.jpg,train,0
train_12917.jpg,train,0
train_12918.jpg,train,0
train_12919.jpg,train,0
train_12920.jpg,train,0
train_12921.jpg,train,0
train_12922.jpg,train,0
train_12923.jpg,train,0
train_12924.jpg,train,0
train_12925.jpg,train,0
train_12926.jpg,train,0
train_12927.jpg,train,0
train_12928.jpg,train,0
train_12929.jpg,train,0
train_12930.jpg,train,0
train_12931.jpg,train,0
train_12932.jpg,train,0
train_12933.jpg,train,0
train_12934.jpg,train,0
train_12935.jpg,train,0
train_12936.jpg,train,0
train_12937.jpg,train,0
train_12938.jpg,train,0
train_12939.jpg,train,0
train_12940.jpg,train,0
train_12941.jpg,train,0
train_12942.jpg,train,0
train_12943.jpg,train,0
train_12944.jpg,train,0
train_12945.jpg,train,0
train_12946.jpg,train,0
train_12947.jpg,train,0
train_12948.jpg,train,0
train_12949.jpg,train,0
train_12950.jpg,train,0
train_12951.jpg,train,0
train_12952.jpg,train,0
train_12953.jpg,train,0
train_12954.jpg,train,0
train_12955.jpg,train,0
train_12956.jpg,train,0
train_12957.jpg,train,0
train_12958.jpg,train,0
train_12959.jpg,train,0
train_12960.jpg,train,0
train_12961.jpg,train,0
train_12962.jpg,train,0
train_12963.jpg,train,0
train_12964.jpg,train,0
train_12965.jpg,train,0
train_12966.jpg,train,0
train_12967.jpg,train,0
train_12968.jpg,train,0
train_12969.jpg,train,0
train_12970.jpg,train,0
train_12971.jpg,train,0
train_12972.jpg,train,0
train_12973.jpg,train,0
train_12974.jpg,train,0
train_12975.jpg,train,0
train_12976.jpg,train,0
train_12977.jpg,train,0
train_12978.jpg,train,0
train_12979.jpg,train,0
train_12980.jpg,train,0
train_12981.jpg,train,0
train_12982.jpg,train,0
train_12983.jpg,train,0
train_12984.jpg,train,0
train_12985.jpg,train,0
train_12986.jpg,train,0
train_12987.jpg,train,0
train_12988.jpg,train,0
train_12989.jpg,train,0
train_12990.jpg,train,0
train_12991.jpg,train,0
train_12992.jpg,train,0
train_12993.jpg,train,0
train_12994.jpg,train,0
train_12995.jpg,train,0
train_12996.jpg,train,0
train_12997.jpg,train,0
train_12998.jpg,train,0
train_12999.jpg,train,0
train_13000.jpg,train,0
train_13001.jpg,train,0
train_13002.jpg,train,0
train_13003.jpg,train,0
train_13004.jpg,train,0
train_13005.jpg,train,0
train_13006.jpg,train,0
train_13007.jpg,train,0
train_13008.jpg,train,0
train_13009.jpg,train,0
train_13010.jpg,train,0
train_13011.jpg,train,0
train_13012.jpg,train,0
train_13013.jpg,train,0
train_13014.jpg,train,0
train_13015.jpg,train,0
train_13016.jpg,train,0
train_13017.jpg,train,0
train_13018.jpg,train,0
train_13019.jpg,train,0
train_13020.jpg,train,0
train_13021.jpg,train,0
train_13022.jpg,train,0
train_13023.jpg,train,0
train_13024.jpg,train,0
train_13025.jpg,train,0
train_13026.jpg,train,0
train_13027.jpg,train,0
train_13028.jpg,train,0
train_13029.jpg,train,0
train_13030.jpg,train,0
train_13031.jpg,train,0
train_13032.jpg,train,0
train_13033.jpg,train,0
train_13034.jpg,train,0
train_13035.jpg,train,0
train_13036.jpg,train,0
train_13037.jpg,train,0
train_13038.jpg,train,0
train_13039.jpg,train,0
train_13040.jpg,train,0
train_13041.jpg,train,0
train_13042.jpg,train,0
train_13043.jpg,train,0
train_13044.jpg,train,0
train_13045.jpg,train,0
train_13046.jpg,train,0
train_13047.jpg,train,0
train_13048.jpg,train,0
train_13049.jpg,train,0
train_13050.jpg,train,0
train_13051.jpg,train,0
train_13052.jpg,train,0
train_13053.jpg,train,0
train_13054.jpg,train,0
train_13055.jpg,train,0
train_13056.jpg,train,0
train_13057.jpg,train,0
train_13058.jpg,train,0
train_13059.jpg,train,0
train_13060.jpg,train,0
train_13061.jpg,train,0
train_13062.jpg,train,0
train_13063.jpg,train,0
train_13064.jpg,train,0
train_13065.jpg,train,0
train_13066.jpg,train,0
train_13067.jpg,train,0
train_13068.jpg,train,0
train_13069.jpg,train,0
train_13070.jpg,train,0
train_13071.jpg,train,0
train_13072.jpg,train,0
train_13073.jpg,train,0
train_13074.jpg,train,0
train_13075.jpg,train,0
train_13076.jpg,train,0
train_13077.jpg,train,0
train_13078.jpg,train,0
train_13079.jpg,train,0
train_13080.jpg,train,0
train_13081.jpg,train,0
train_13082.jpg,train,0
train_13083.jpg,train,0
train_13084.jpg,train,0
train_13085.jpg,train,0
train_13086.jpg,train,0
train_13087.jpg,train,0
train_13088.jpg,train,0
train_13089.jpg,train,0
train_13090.jpg,train,0
train_13091.jpg,train,0
train_13092.jpg,train,0
train_13093.jpg,train,0
train_13094.jpg,train,0
train_13095.jpg,train,0
train_13096.jpg,train,0
train_13097.jpg,train,0
train_13098.jpg,train,0
train_13099.jpg,train,0
train_13100.jpg,train,0
train_13101.jpg,train,0
train_13102.jpg,train,0
train_13103.jpg,train,0
train_13104.jpg,train,0
train_13105.jpg,train,0
train_13106.jpg,train,0
train_13107.jpg,train,0
train_13108.jpg,train,0
train_13109.jpg,train,0
train_13110.jpg,train,0
train_13111.jpg,train,0
train_13112.jpg,train,0
train_13113.jpg,train,0
train_13114.jpg,train,0
train_13115.jpg,train,0
train_13116.jpg,train,0
train_13117.jpg,train,0
train_13118.jpg,train,0
train_13119.jpg,train,0
train_13120.jpg,train,0
train_13121.jpg,train,0
train_13122.jpg,train,0
train_13123.jpg,train,0
train_13124.jpg,train,0
train_13125.jpg,train,0
train_13126.jpg,train,0
train_13127.jpg,train,0
train_13128.jpg,train,0
train_13129.jpg,train,0
train_13130.jpg,train,0
train_13131.jpg,train,0
train_13132.jpg,train,0
train_13133.jpg,train,0
train_13134.jpg,train,0
train_13135.jpg,train,0
train_13136.jpg,train,0
train_13137.jpg,train,0
train_13138.jpg,train,0
train_13139.jpg,train,0
train_13140.jpg,train,0
train_13141.jpg,train,0
train_13142.jpg,train,0
train_13143.jpg,train,0
train_13144.jpg,train,0
train_13145.jpg,train,0
train_13146.jpg,train,0
train_13147.jpg,train,0
train_13148.jpg,train,0
train_13149.jpg,train,0
train_13150.jpg,train,0
train_13151.jpg,train,0
train_13152.jpg,train,0
train_13153.jpg,train,0
train_13154.jpg,train,0
train_13155.jpg,train,0
train_13156.jpg,train,0
train_13157.jpg,train,0
train_13158.jpg,train,0
train_13159.jpg,train,0
train_13160.jpg,train,0
train_13161.jpg,train,0
train_13162.jpg,train,0
train_13163.jpg,train,0
train_13164.jpg,train,0
train_13165.jpg,train,0
train_13166.jpg,train,0
train_13167.jpg,train,0
train_13168.jpg,train,0
train_13169.jpg,train,0
train_13170.jpg,train,0
train_13171.jpg,train,0
train_13172.jpg,train,0
train_13173.jpg,train,0
train_13174.jpg,train,0
train_13175.jpg,train,0
train_13176.jpg,train,0
train_13177.jpg,train,0
train_13178.jpg,train,0
train_13179.jpg,train,0
train_13180.jpg,train,0
train_13181.jpg,train,0
train_13182.jpg,train,0
train_13183.jpg,train,0
train_13184.jpg,train,0
train_13185.jpg,train,0
train_13186.jpg,train,0
train_13187.jpg,train,0
train_13188.jpg,train,0
train_13189.jpg,train,0
train_13190.jpg,train,0
train_13191.jpg,train,0
train_13192.jpg,train,0
train_13193.jpg,train,0
train_13194.jpg,train,0
train_13195.jpg,train,0
train_13196.jpg,train,0
train_13197.jpg,train,0
train_13198.jpg,train,0
train_13199.jpg,train,0
train_13200.jpg,train,0
train_13201.jpg,train,0
train_13202.jpg,train,0
train_13203.jpg,train,0
train_13204.jpg,train,0
train_13205.jpg,train,0
train_13206.jpg,train,0
train_13207.jpg,train,0
train_13208.jpg,train,0
train_13209.jpg,train,0
train_13210.jpg,train,0
train_13211.jpg,train,0
train_13212.jpg,train,0
train_13213.jpg,train,0
train_13214.jpg,train,0
train_13215.jpg,train,0
train_13216.jpg,train,0
train_13217.jpg,train,0
train_13218.jpg,train,0
train_13219.jpg,train,0
train_13220.jpg,train,0
train_13221.jpg,train,0
train_13222.jpg,train,0
train_13223.jpg,train,0
train_13224.jpg,train,0
train_13225.jpg,train,0
train_13226.jpg,train,0
train_13227.jpg,train,0
train_13228.jpg,train,0
train_13229.jpg,train,0
train_13230.jpg,train,0
train_13231.jpg,train,0
train_13232.jpg,train,0
train_13233.jpg,train,0
train_13234.jpg,train,0
train_13235.jpg,train,0
train_13236.jpg,train,0
train_13237.jpg,train,0
train_13238.jpg,train,0
train_13239.jpg,train,0
train_13240.jpg,train,0
train_13241.jpg,train,0
train_13242.jpg,train,0
train_13243.jpg,train,0
train_13244.jpg,train,0
train_13245.jpg,train,0
train_13246.jpg,train,0
train_13247.jpg,train,0
train_13248.jpg,train,0
train_13249.jpg,train,0
train_13250.jpg,train,0
train_13251.jpg,train,0
train_13252.jpg,train,0
train_13253.jpg,train,0
train_13254.jpg,train,0
train_13255.jpg,train,0
train_13256.jpg,train,0
train_13257.jpg,train,0
train_13258.jpg,train,0
train_13259.jpg,train,0
train_13260.jpg,train,0
train_13261.jpg,train,0
train_13262.jpg,train,0
train_13263.jpg,train,0
train_13264.jpg,train,0
train_13265.jpg,train,0
train_13266.jpg,train,0
train_13267.jpg,train,0
train_13268.jpg,train,0
train_13269.jpg,train,0
train_13270.jpg,train,0
train_13271.jpg,train,0
train_13272.jpg,train,0
train_13273.jpg,train,0
train_13274.jpg,train,0
train_13275.jpg,train,0
train_13276.jpg,train,0
train_13277.jpg,train,0
train_13278.jpg,train,0
train_13279.jpg,train,0
train_13280.jpg,train,0
train_13281.jpg,train,0
train_13282.jpg,train,0
train_13283.jpg,train,0
train_13284.jpg,train,0
train_13285.jpg,train,0
train_13286.jpg,train,0
train_13287.jpg,train,0
train_13288.jpg,train,0
train_13289.jpg,train,0
train_13290.jpg,train,0
train_13291.jpg,train,0
train_13292.jpg,train,0
train_13293.jpg,train,0
train_13294.jpg,train,0
train_13295.jpg,train,0
train_13296.jpg,train,0
train_13297.jpg,train,0
train_13298.jpg,train,0
train_13299.jpg,train,0
train_13300.jpg,train,0
train_13301.jpg,train,0
train_13302.jpg,train,0
train_13303.jpg,train,0
train_13304.jpg,train,0
train_13305.jpg,train,0
train_13306.jpg,train,0
train_13307.jpg,train,0
train_13308.jpg,train,0
train_13309.jpg,train,0
train_13310.jpg,train,0
train_13311.jpg,train,0
train_13312.jpg,train,0
train_13313.jpg,train,0
train_13314.jpg,train,0
train_13315.jpg,train,0
train_13316.jpg,train,0
train_13317.jpg,train,0
train_13318.jpg,train,0
train_13319.jpg,train,0
train_13320.jpg,train,0
train_13321.jpg,train,0
train_13322.jpg,train,0
train_13323.jpg,train,0
train_13324.jpg,train,0
train_13325.jpg,train,0
train_13326.jpg,train,0
train_13327.jpg,train,0
train_13328.jpg,train,0
train_13329.jpg,train,0
train_13330.jpg,train,0
train_13331.jpg,train,0
train_13332.jpg,train,0
train_13333.jpg,train,0
train_13334.jpg,train,0
train_13335.jpg,train,0
train_13336.jpg,train,0
train_13337.jpg,train,0
train_13338.jpg,train,0
train_13339.jpg,train,0
train_13340.jpg,train,0
train_13341.jpg,train,0
train_13342.jpg,train,0
train_13343.jpg,train,0
train_13344.jpg,train,0
train_13345.jpg,train,0
train_13346.jpg,train,0
train_13347.jpg,train,0
train_13348.jpg,train,0
train_13349.jpg,train,0
train_13350.jpg,train,0
train_13351.jpg,train,0
train_13352.jpg,train,0
train_13353.jpg,train,0
train_13354.jpg,train,0
train_13355.jpg,train,0
train_13356.jpg,train,0
train_13357.jpg,train,0
train_13358.jpg,train,0
train_13359.jpg,train,0
train_13360.jpg,train,0
train_13361.jpg,train,0
train_13362.jpg,train,0
train_13363.jpg,train,0
train_13364.jpg,train,0
train_13365.jpg,train,0
train_13366.jpg,train,0
train_13367.jpg,train,0
train_13368.jpg,train,0
train_13369.jpg,train,0
train_13370.jpg,train,0
train_13371.jpg,train,0
train_13372.jpg,train,0
train_13373.jpg,train,0
train_13374.jpg,train,0
train_13375.jpg,train,0
train_13376.jpg,train,0
train_13377.jpg,train,0
train_13378.jpg,train,0
train_13379.jpg,train,0
train_13380.jpg,train,0
train_13381.jpg,train,0
train_13382.jpg,train,0
train_13383.jpg,train,0
train_13384.jpg,train,0
train_13385.jpg,train,0
train_13386.jpg,train,0
train_13387.jpg,train,0
train_13388.jpg,train,0
train_13389.jpg,train,0
train_13390.jpg,train,0
train_13391.jpg,train,0
train_13392.jpg,train,0
train_13393.jpg,train,0
train_13394.jpg,train,0
train_13395.jpg,train,0
train_13396.jpg,train,0
train_13397.jpg,train,0
train_13398.jpg,train,0
train_13399.jpg,train,0
train_13400.jpg,train,0
train_13401.jpg,train,0
train_13402.jpg,train,0
train_13403.jpg,train,0
train_13404.jpg,train,0
train_13405.jpg,train,0
train_13406.jpg,train,0
train_13407.jpg,train,0
train_13408.jpg,train,0
train_13409.jpg,train,0
train_13410.jpg,train,0
train_13411.jpg,train,0
train_13412.jpg,train,0
train_13413.jpg,train,0
train_13414.jpg,train,0
train_13415.jpg,train,0
train_13416.jpg,train,0
train_13417.jpg,train,0
train_13418.jpg,train,0
train_13419.jpg,train,0
train_13420.jpg,train,0
train_13421.jpg,train,0
train_13422.jpg,train,0
train_13423.jpg,train,0
train_13424.jpg,train,0
train_13425.jpg,train,0
train_13426.jpg,train,0
train_13427.jpg,train,0
train_13428.jpg,train,0
train_13429.jpg,train,0
train_13430.jpg,train,0
train_13431.jpg,train,0
train_13432.jpg,train,0
train_13433.jpg,train,0
train_13434.jpg,train,0
train_13435.jpg,train,0
train_13436.jpg,train,0
train_13437.jpg,train,0
train_13438.jpg,train,0
train_13439.jpg,train,0
train_13440.jpg,train,0
train_13441.jpg,train,0
train_13442.jpg,train,0
train_13443.jpg,train,0
train_13444.jpg,train,0
train_13445.jpg,train,0
train_13446.jpg,train,0
train_13447.jpg,train,0
train_13448.jpg,train,0
train_13449.jpg,train,0
train_13450.jpg,train,0
train_13451.jpg,train,0
train_13452.jpg,train,0
train_13453.jpg,train,0
train_13454.jpg,train,0
train_13455.jpg,train,0
train_13456.jpg,train,0
train_13457.jpg,train,0
train_13458.jpg,train,0
train_13459.jpg,train,0
train_13460.jpg,train,0
train_13461.jpg,train,0
train_13462.jpg,train,0
train_13463.jpg,train,0
train_13464.jpg,train,0
train_13465.jpg,train,0
train_13466.jpg,train,0
train_13467.jpg,train,0
train_13468.jpg,train,0
train_13469.jpg,train,0
train_13470.jpg,train,0
train_13471.jpg,train,0
train_13472.jpg,train,0
train_13473.jpg,train,0
train_13474.jpg,train,0
train_13475.jpg,train,0
train_13476.jpg,train,0
train_13477.jpg,train,0
train_13478.jpg,train,0
train_13479.jpg,train,0
train_13480.jpg,train,0
train_13481.jpg,train,0
train_13482.jpg,train,0
train_13483.jpg,train,0
train_13484.jpg,train,0
train_13485.jpg,train,0
train_13486.jpg,train,0
train_13487.jpg,train,0
train_13488.jpg,train,0
train_13489.jpg,train,0
train_13490.jpg,train,0
train_13491.jpg,train,0
train_13492.jpg,train,0
train_13493.jpg,train,0
train_13494.jpg,train,0
train_13495.jpg,train,0
train_13496.jpg,train,0
train_13497.jpg,train,0
train_13498.jpg,train,0
train_13499.jpg,train,0
train_13500.jpg,train,0
train_13501.jpg,train,0
train_13502.jpg,train,0
train_13503.jpg,train,0
train_13504.jpg,train,0
train_13505.jpg,train,0
train_13506.jpg,train,0
train_13507.jpg,train,0
train_13508.jpg,train,0
train_13509.jpg,train,0
train_13510.jpg,train,0
train_13511.jpg,train,0
train_13512.jpg,train,0
train_13513.jpg,train,0
train_13514.jpg,train,0
train_13515.jpg,train,0
train_13516.jpg,train,0
train_13517.jpg,train,0
train_13518.jpg,train,0
train_13519.jpg,train,0
train_13520.jpg,train,0
train_13521.jpg,train,0
train_13522.jpg,train,0
train_13523.jpg,train,0
train_13524.jpg,train,0
train_13525.jpg,train,0
train_13526.jpg,train,0
train_13527.jpg,train,0
train_13528.jpg,train,0
train_13529.jpg,train,0
train_13530.jpg,train,0
train_13531.jpg,train,0
train_13532.jpg,train,0
train_13533.jpg,train,0
train_13534.jpg,train,0
train_13535.jpg,train,0
train_13536.jpg,train,0
train_13537.jpg,train,0
train_13538.jpg,train,0
train_13539.jpg,train,0
train_13540.jpg,train,0
train_13541.jpg,train,0
train_13542.jpg,train,0
train_13543.jpg,train,0
train_13544.jpg,train,0
train_13545.jpg,train,0
train_13546.jpg,train,0
train_13547.jpg,train,0
train_13548.jpg,train,0
train_13549.jpg,train,0
train_13550.jpg,train,0
train_13551.jpg,train,0
train_13552.jpg,train,0
train_13553.jpg,train,0
train_13554.jpg,train,0
train_13555.jpg,train,0
train_13556.jpg,train,0
train_13557.jpg,train,0
train_13558.jpg,train,0
train_13559.jpg,train,0
train_13560.jpg,train,0
train_13561.jpg,train,0
train_13562.jpg,train,0
train_13563.jpg,train,0
train_13564.jpg,train,0
train_13565.jpg,train,0
train_13566.jpg,train,0
train_13567.jpg,train,0
train_13568.jpg,train,0
train_13569.jpg,train,0
train_13570.jpg,train,0
train_13571.jpg,train,0
train_13572.jpg,train,0
train_13573.jpg,train,0
train_13574.jpg,train,0
train_13575.jpg,train,0
train_13576.jpg,train,0
train_13577.jpg,train,0
train_13578.jpg,train,0
train_13579.jpg,train,0
train_13580.jpg,train,0
train_13581.jpg,train,0
train_13582.jpg,train,0
train_13583.jpg,train,0
train_13584.jpg,train,0
train_13585.jpg,train,0
train_13586.jpg,train,0
train_13587.jpg,train,0
train_13588.jpg,train,0
train_13589.jpg,train,0
train_13590.jpg,train,0
train_13591.jpg,train,0
train_13592.jpg,train,0
train_13593.jpg,train,0
train_13594.jpg,train,0
train_13595.jpg,train,0
train_13596.jpg,train,0
train_13597.jpg,train,0
train_13598.jpg,train,0
train_13599.jpg,train,0
train_13600.jpg,train,0
train_13601.jpg,train,0
train_13602.jpg,train,0
train_13603.jpg,train,0
train_13604.jpg,train,0
train_13605.jpg,train,0
train_13606.jpg,train,0
train_13607.jpg,train,0
train_13608.jpg,train,0
train_13609.jpg,train,0
train_13610.jpg,train,0
train_13611.jpg,train,0
train_13612.jpg,train,0
train_13613.jpg,train,0
train_13614.jpg,train,0
train_13615.jpg,train,0
train_13616.jpg,train,0
train_13617.jpg,train,0
train_13618.jpg,train,0
train_13619.jpg,train,0
train_13620.jpg,train,0
train_13621.jpg,train,0
train_13622.jpg,train,0
train_13623.jpg,train,0
train_13624.jpg,train,0
train_13625.jpg,train,0
train_13626.jpg,train,0
train_13627.jpg,train,0
train_13628.jpg,train,0
train_13629.jpg,train,0
train_13630.jpg,train,0
train_13631.jpg,train,0
train_13632.jpg,train,0
train_13633.jpg,train,0
train_13634.jpg,train,0
train_13635.jpg,train,0
train_13636.jpg,train,0
train_13637.jpg,train,0
train_13638.jpg,train,0
train_13639.jpg,train,0
train_13640.jpg,train,0
train_13641.jpg,train,0
train_13642.jpg,train,0
train_13643.jpg,train,0
train_13644.jpg,train,0
train_13645.jpg,train,0
train_13646.jpg,train,0
train_13647.jpg,train,0
train_13648.jpg,train,0
train_13649.jpg,train,0
train_13650.jpg,train,0
train_13651.jpg,train,0
train_13652.jpg,train,0
train_13653.jpg,train,0
train_13654.jpg,train,0
train_13655.jpg,train,0
train_13656.jpg,train,0
train_13657.jpg,train,0
train_13658.jpg,train,0
train_13659.jpg,train,0
train_13660.jpg,train,0
train_13661.jpg,train,0
train_13662.jpg,train,0
train_13663.jpg,train,0
train_13664.jpg,train,0
train_13665.jpg,train,0
train_13666.jpg,train,0
train_13667.jpg,train,0
train_13668.jpg,train,0
train_13669.jpg,train,0
train_13670.jpg,train,0
train_13671.jpg,train,0
train_13672.jpg,train,0
train_13673.jpg,train,0
train_13674.jpg,train,0
train_13675.jpg,train,0
train_13676.jpg,train,0
train_13677.jpg,train,0
train_13678.jpg,train,0
train_13679.jpg,train,0
train_13680.jpg,train,0
train_13681.jpg,train,0
train_13682.jpg,train,0
train_13683.jpg,train,0
train_13684.jpg,train,0
train_13685.jpg,train,0
train_13686.jpg,train,0
train_13687.jpg,train,0
train_13688.jpg,train,0
train_13689.jpg,train,0
train_13690.jpg,train,0
train_13691.jpg,train,0
train_13692.jpg,train,0
train_13693.jpg,train,0
train_13694.jpg,train,0
train_13695.jpg,train,0
train_13696.jpg,train,0
train_13697.jpg,train,0
train_13698.jpg,train,0
train_13699.jpg,train,0
train_13700.jpg,train,0
train_13701.jpg,train,0
train_13702.jpg,train,0
train_13703.jpg,train,0
train_13704.jpg,train,0
train_13705.jpg,train,0
train_13706.jpg,train,0
train_13707.jpg,train,0
train_13708.jpg,train,0
train_13709.jpg,train,0
train_13710.jpg,train,0
train_13711.jpg,train,0
train_13712.jpg,train,0
train_13713.jpg,train,0
train_13714.jpg,train,0
train_13715.jpg,train,0
train_13716.jpg,train,0
train_13717.jpg,train,0
train_13718.jpg,train,0
train_13719.jpg,train,0
train_13720.jpg,train,0
train_13721.jpg,train,0
train_13722.jpg,train,0
train_13723.jpg,train,0
train_13724.jpg,train,0
train_13725.jpg,train,0
train_13726.jpg,train,0
train_13727.jpg,train,0
train_13728.jpg,train,0
train_13729.jpg,train,0
train_13730.jpg,train,0
train_13731.jpg,train,0
train_13732.jpg,train,0
train_13733.jpg,train,0
train_13734.jpg,train,0
train_13735.jpg,train,0
train_13736.jpg,train,0
train_13737.jpg,train,0
train_13738.jpg,train,0
train_13739.jpg,train,0
train_13740.jpg,train,0
train_13741.jpg,train,0
train_13742.jpg,train,0
train_13743.jpg,train,0
train_13744.jpg,train,0
train_13745.jpg,train,0
train_13746.jpg,train,0
train_13747.jpg,train,0
train_13748.jpg,train,0
train_13749.jpg,train,0
train_13750.jpg,train,0
train_13751.jpg,train,0
train_13752.jpg,train,0
train_13753.jpg,train,0
train_13754.jpg,train,0
train_13755.jpg,train,0
train_13756.jpg,train,0
train_13757.jpg,train,0
train_13758.jpg,train,0
train_13759.jpg,train,0
train_13760.jpg,train,0
train_13761.jpg,train,0
train_13762.jpg,train,0
train_13763.jpg,train,0
train_13764.jpg,train,0
train_13765.jpg,train,0
train_13766.jpg,train,0
train_13767.jpg,train,0
train_13768.jpg,train,0
train_13769.jpg,train,0
train_13770.jpg,train,0
train_13771.jpg,train,0
train_13772.jpg,train,0
train_13773.jpg,train,0
train_13774.jpg,train,0
train_13775.jpg,train,0
train_13776.jpg,train,0
train_13777.jpg,train,0
train_13778.jpg,train,0
train_13779.jpg,train,0
train_13780.jpg,train,0
train_13781.jpg,train,0
train_13782.jpg,train,0
train_13783.jpg,train,0
train_13784.jpg,train,0
train_13785.jpg,train,0
train_13786.jpg,train,0
train_13787.jpg,train,0
train_13788.jpg,train,0
train_13789.jpg,train,0
train_13790.jpg,train,0
train_13791.jpg,train,0
train_13792.jpg,train,0
train_13793.jpg,train,0
train_13794.jpg,train,0
train_13795.jpg,train,0
train_13796.jpg,train,0
train_13797.jpg,train,0
train_13798.jpg,train,0
train_13799.jpg,train,0
train_13800.jpg,train,0
train_13801.jpg,train,0
train_13802.jpg,train,0
train_13803.jpg,train,0
train_13804.jpg,train,0
train_13805.jpg,train,0
train_13806.jpg,train,0
train_13807.jpg,train,0
train_13808.jpg,train,0
train_13809.jpg,train,0
train_13810.jpg,train,0
train_13811.jpg,train,0
train_13812.jpg,train,0
train_13813.jpg,train,0
train_13814.jpg,train,0
train_13815.jpg,train,0
train_13816.jpg,train,0
train_13817.jpg,train,0
train_13818.jpg,train,0
train_13819.jpg,train,0
train_13820.jpg,train,0
train_13821.jpg,train,0
train_13822.jpg,train,0
train_13823.jpg,train,0
train_13824.jpg,train,0
train_13825.jpg,train,0
train_13826.jpg,train,0
train_13827.jpg,train,0
train_13828.jpg,train,0
train_13829.jpg,train,0
train_13830.jpg,train,0
train_13831.jpg,train,0
train_13832.jpg,train,0
train_13833.jpg,train,0
train_13834.jpg,train,0
train_13835.jpg,train,0
train_13836.jpg,train,0
train_13837.jpg,train,0
train_13838.jpg,train,0
train_13839.jpg,train,0
train_13840.jpg,train,0
train_13841.jpg,train,0
train_13842.jpg,train,0
train_13843.jpg,train,0
train_13844.jpg,train,0
train_13845.jpg,train,0
train_13846.jpg,train,0
train_13847.jpg,train,0
train_13848.jpg,train,0
train_13849.jpg,train,0
train_13850.jpg,train,0
train_13851.jpg,train,0
train_13852.jpg,train,0
train_13853.jpg,train,0
train_13854.jpg,train,0
train_13855.jpg,train,0
train_13856.jpg,train,0
train_13857.jpg,train,0
train_13858.jpg,train,0
train_13859.jpg,train,0
train_13860.jpg,train,0
train_13861.jpg,train,0
train_13862.jpg,train,0
train_13863.jpg,train,0
train_13864.jpg,train,0
train_13865.jpg,train,0
train_13866.jpg,train,0
train_13867.jpg,train,0
train_13868.jpg,train,0
train_13869.jpg,train,0
train_13870.jpg,train,0
train_13871.jpg,train,0
train_13872.jpg,train,0
train_13873.jpg,train,0
train_13874.jpg,train,0
train_13875.jpg,train,0
train_13876.jpg,train,0
train_13877.jpg,train,0
train_13878.jpg,train,0
train_13879.jpg,train,0
train_13880.jpg,train,0
train_13881.jpg,train,0
train_13882.jpg,train,0
train_13883.jpg,train,0
train_13884.jpg,train,0
train_13885.jpg,train,0
train_13886.jpg,train,0
train_13887.jpg,train,0
train_13888.jpg,train,0
train_13889.jpg,train,0
train_13890.jpg,train,0
train_13891.jpg,train,0
train_13892.jpg,train,0
train_13893.jpg,train,0
train_13894.jpg,train,0
train_13895.jpg,train,0
train_13896.jpg,train,0
train_13897.jpg,train,0
train_13898.jpg,train,0
train_13899.jpg,train,0
train_13900.jpg,train,0
train_13901.jpg,train,0
train_13902.jpg,train,0
train_13903.jpg,train,0
train_13904.jpg,train,0
train_13905.jpg,train,0
train_13906.jpg,train,0
train_13907.jpg,train,0
train_13908.jpg,train,0
train_13909.jpg,train,0
train_13910.jpg,train,0
train_13911.jpg,train,0
train_13912.jpg,train,0
train_13913.jpg,train,0
train_13914.jpg,train,0
train_13915.jpg,train,0
train_13916.jpg,train,0
train_13917.jpg,train,0
train_13918.jpg,train,0
train_13919.jpg,train,0
train_13920.jpg,train,0
train_13921.jpg,train,0
train_13922.jpg,train,0
train_13923.jpg,train,0
train_13924.jpg,train,0
train_13925.jpg,train,0
train_13926.jpg,train,0
train_13927.jpg,train,0
train_13928.jpg,train,0
train_13929.jpg,train,0
train_13930.jpg,train,0
train_13931.jpg,train,0
train_13932.jpg,train,0
train_13933.jpg,train,0
train_13934.jpg,train,0
train_13935.jpg,train,0
train_13936.jpg,train,0
train_13937.jpg,train,0
train_13938.jpg,train,0
train_13939.jpg,train,0
train_13940.jpg,train,0
train_13941.jpg,train,0
train_13942.jpg,train,0
train_13943.jpg,train,0
train_13944.jpg,train,0
train_13945.jpg,train,0
train_13946.jpg,train,0
train_13947.jpg,train,0
train_13948.jpg,train,0
train_13949.jpg,train,0
train_13950.jpg,train,0
train_13951.jpg,train,0
train_13952.jpg,train,0
train_13953.jpg,train,0
train_13954.jpg,train,0
train_13955.jpg,train,0
train_13956.jpg,train,0
train_13957.jpg,train,0
train_13958.jpg,train,0
train_13959.jpg,train,0
train_13960.jpg,train,0
train_13961.jpg,train,0
train_13962.jpg,train,0
train_13963.jpg,train,0
train_13964.jpg,train,0
train_13965.jpg,train,0
train_13966.jpg,train,0
train_13967.jpg,train,0
train_13968.jpg,train,0
train_13969.jpg,train,0
train_13970.jpg,train,0
train_13971.jpg,train,0
train_13972.jpg,train,0
train_13973.jpg,train,0
train_13974.jpg,train,0
train_13975.jpg,train,0
train_13976.jpg,train,0
train_13977.jpg,train,0
train_13978.jpg,train,0
train_13979.jpg,train,0
train_13980.jpg,train,0
train_13981.jpg,train,0
train_13982.jpg,train,0
train_13983.jpg,train,0
train_13984.jpg,train,0
train_13985.jpg,train,0
train_13986.jpg,train,0
train_13987.jpg,train,0
train_13988.jpg,train,0
train_13989.jpg,train,0
train_13990.jpg,train,0
train_13991.jpg,train,0
train_13992.jpg,train,0
train_13993.jpg,train,0
train_13994.jpg,train,0
train_13995.jpg,train,0
train_13996.jpg,train,0
train_13997.jpg,train,0
train_13998.jpg,train,0
train_13999.jpg,train,0
val_0.jpg,val,0
val_1.jpg,val,0
val_2.jpg,val,0
val_3.jpg,val,0
val_4.jpg,val,0
val_5.jpg,val,0
val_6.jpg,val,0
val_7.jpg,val,0
val_8.jpg,val,0
val_9.jpg,val,0
val_10.jpg,val,0
val_11.jpg,val,0
val_12.jpg,val,0
val_13.jpg,val,0
val_14.jpg,val,0
val_15.jpg,val,0
val_16.jpg,val,0
val_17.jpg,val,0
val_18.jpg,val,0
val_19.jpg,val,0
val_20.jpg,val,0
val_21.jpg,val,0
val_22.jpg,val,0
val_23.jpg,val,0
val_24.jpg,val,0
val_25.jpg,val,0
val_26.jpg,val,0
val_27.jpg,val,0
val_28.jpg,val,0
val_29.jpg,val,0
val_30.jpg,val,0
val_31.jpg,val,0
val_32.jpg,val,0
val_33.jpg,val,0
val_34.jpg,val,0
val_35.jpg,val,0
val_36.jpg,val,0
val_37.jpg,val,0
val_38.jpg,val,0
val_39.jpg,val,0
val_40.jpg,val,0
val_41.jpg,val,0
val_42.jpg,val,0
val_43.jpg,val,0
val_44.jpg,val,0
val_45.jpg,val,0
val_46.jpg,val,0
val_47.jpg,val,0
val_48.jpg,val,0
val_49.jpg,val,0
val_50.jpg,val,0
val_51.jpg,val,0
val_52.jpg,val,0
val_53.jpg,val,0
val_54.jpg,val,0
val_55.jpg,val,0
val_56.jpg,val,0
val_57.jpg,val,0
val_58.jpg,val,0
val_59.jpg,val,0
val_60.jpg,val,0
val_61.jpg,val,0
val_62.jpg,val,0
val_63.jpg,val,0
val_64.jpg,val,0
val_65.jpg,val,0
val_66.jpg,val,0
val_67.jpg,val,0
val_68.jpg,val,0
val_69.jpg,val,0
val_70.jpg,val,0
val_71.jpg,val,0
val_72.jpg,val,0
val_73.jpg,val,0
val_74.jpg,val,0
val_75.jpg,val,0
val_76.jpg,val,0
val_77.jpg,val,0
val_78.jpg,val,0
val_79.jpg,val,0
val_80.jpg,val,0
val_81.jpg,val,0
val_82.jpg,val,0
val_83.jpg,val,0
val_84.jpg,val,0
val_85.jpg,val,0
val_86.jpg,val,0
val_87.jpg,val,0
val_88.jpg,val,0
val_89.jpg,val,0
val_90.jpg,val,0
val_91.jpg,val,0
val_92.jpg,val,0
val_93.jpg,val,0
val_94.jpg,val,0
val_95.jpg,val,0
val_96.jpg,val,0
val_97.jpg,val,0
val_98.jpg,val,0
val_99.jpg,val,0
val_100.jpg,val,0
val_101.jpg,val,0
val_102.jpg,val,0
val_103.jpg,val,0
val_104.jpg,val,0
val_105.jpg,val,0
val_106.jpg,val,0
val_107.jpg,val,0
val_108.jpg,val,0
val_109.jpg,val,0
val_110.jpg,val,0
val_111.jpg,val,0
val_112.jpg,val,0
val_113.jpg,val,0
val_114.jpg,val,0
val_115.jpg,val,0
val_116.jpg,val,0
val_117.jpg,val,0
val_118.jpg,val,0
val_119.jpg,val,0
val_120.jpg,val,0
val_121.jpg,val,0
val_122.jpg,val,0
val_123.jpg,val,0
val_124.jpg,val,0
val_125.jpg,val,0
val_126.jpg,val,0
val_127.jpg,val,0
val_128.jpg,val,0
val_129.jpg,val,0
val_130.jpg,val,0
val_131.jpg,val,0
val_132.jpg,val,0
val_133.jpg,val,0
val_134.jpg,val,0
val_135.jpg,val,0
val_136.jpg,val,0
val_137.jpg,val,0
val_138.jpg,val,0
val_139.jpg,val,0
val_140.jpg,val,0
val_141.jpg,val,0
val_142.jpg,val,0
val_143.jpg,val,0
val_144.jpg,val,0
val_145.jpg,val,0
val_146.jpg,val,0
val_147.jpg,val,0
val_148.jpg,val,0
val_149.jpg,val,0
val_150.jpg,val,0
val_151.jpg,val,0
val_152.jpg,val,0
val_153.jpg,val,0
val_154.jpg,val,0
val_155.jpg,val,0
val_156.jpg,val,0
val_157.jpg,val,0
val_158.jpg,val,0
val_159.jpg,val,0
val_160.jpg,val,0
val_161.jpg,val,0
val_162.jpg,val,0
val_163.jpg,val,0
val_164.jpg,val,0
val_165.jpg,val,0
val_166.jpg,val,0
val_167.jpg,val,0
val_168.jpg,val,0
val_169.jpg,val,0
val_170.jpg,val,0
val_171.jpg,val,0
val_172.jpg,val,0
val_173.jpg,val,0
val_174.jpg,val,0
val_175.jpg,val,0
val_176.jpg,val,0
val_177.jpg,val,0
val_178.jpg,val,0
val_179.jpg,val,0
val_180.jpg,val,0
val_181.jpg,val,0
val_182.jpg,val,0
val_183.jpg,val,0
val_184.jpg,val,0
val_185.jpg,val,0
val_186.jpg,val,0
val_187.jpg,val,0
val_188.jpg,val,0
val_189.jpg,val,0
val_190.jpg,val,0
val_191.jpg,val,0
val_192.jpg,val,0
val_193.jpg,val,0
val_194.jpg,val,0
val_195.jpg,val,0
val_196.jpg,val,0
val_197.jpg,val,0
val_198.jpg,val,0
val_199.jpg,val,0
val_200.jpg,val,0
val_201.jpg,val,0
val_202.jpg,val,0
val_203.jpg,val,0
val_204.jpg,val,0
val_205.jpg,val,0
val_206.jpg,val,0
val_207.jpg,val,0
val_208.jpg,val,0
val_209.jpg,val,0
val_210.jpg,val,0
val_211.jpg,val,0
val_212.jpg,val,0
val_213.jpg,val,0
val_214.jpg,val,0
val_215.jpg,val,0
val_216.jpg,val,0
val_217.jpg,val,0
val_218.jpg,val,0
val_219.jpg,val,0
val_220.jpg,val,0
val_221.jpg,val,0
val_222.jpg,val,0
val_223.jpg,val,0
val_224.jpg,val,0
val_225.jpg,val,0
val_226.jpg,val,0
val_227.jpg,val,0
val_228.jpg,val,0
val_229.jpg,val,0
val_230.jpg,val,0
val_231.jpg,val,0
val_232.jpg,val,0
val_233.jpg,val,0
val_234.jpg,val,0
val_235.jpg,val,0
val_236.jpg,val,0
val_237.jpg,val,0
val_238.jpg,val,0
val_239.jpg,val,0
val_240.jpg,val,0
val_241.jpg,val,0
val_242.jpg,val,0
val_243.jpg,val,0
val_244.jpg,val,0
val_245.jpg,val,0
val_246.jpg,val,0
val_247.jpg,val,0
val_248.jpg,val,0
val_249.jpg,val,0
val_250.jpg,val,0
val_251.jpg,val,0
val_252.jpg,val,0
val_253.jpg,val,0
val_254.jpg,val,0
val_255.jpg,val,0
val_256.jpg,val,0
val_257.jpg,val,0
val_258.jpg,val,0
val_259.jpg,val,0
val_260.jpg,val,0
val_261.jpg,val,0
val_262.jpg,val,0
val_263.jpg,val,0
val_264.jpg,val,0
val_265.jpg,val,0
val_266.jpg,val,0
val_267.jpg,val,0
val_268.jpg,val,0
val_269.jpg,val,0
val_270.jpg,val,0
val_271.jpg,val,0
val_272.jpg,val,0
val_273.jpg,val,0
val_274.jpg,val,0
val_275.jpg,val,0
val_276.jpg,val,0
val_277.jpg,val,0
val_278.jpg,val,0
val_279.jpg,val,0
val_280.jpg,val,0
val_281.jpg,val,0
val_282.jpg,val,0
val_283.jpg,val,0
val_284.jpg,val,0
val_285.jpg,val,0
val_286.jpg,val,0
val_287.jpg,val,0
val_288.jpg,val,0
val_289.jpg,val,0
val_290.jpg,val,0
val_291.jpg,val,0
val_292.jpg,val,0
val_293.jpg,val,0
val_294.jpg,val,0
val_295.jpg,val,0
val_296.jpg,val,0
val_297.jpg,val,0
val_298.jpg,val,0
val_299.jpg,val,0
val_300.jpg,val,0
val_301.jpg,val,0
val_302.jpg,val,0
val_303.jpg,val,0
val_304.jpg,val,0
val_305.jpg,val,0
val_306.jpg,val,0
val_307.jpg,val,0
val_308.jpg,val,0
val_309.jpg,val,0
val_310.jpg,val,0
val_311.jpg,val,0
val_312.jpg,val,0
val_313.jpg,val,0
val_314.jpg,val,0
val_315.jpg,val,0
val_316.jpg,val,0
val_317.jpg,val,0
val_318.jpg,val,0
val_319.jpg,val,0
val_320.jpg,val,0
val_321.jpg,val,0
val_322.jpg,val,0
val_323.jpg,val,0
val_324.jpg,val,0
val_325.jpg,val,0
val_326.jpg,val,0
val_327.jpg,val,0
val_328.jpg,val,0
val_329.jpg,val,0
val_330.jpg,val,0
val_331.jpg,val,0
val_332.jpg,val,0
val_333.jpg,val,0
val_334.jpg,val,0
val_335.jpg,val,0
val_336.jpg,val,0
val_337.jpg,val,0
val_338.jpg,val,0
val_339.jpg,val,0
val_340.jpg,val,0
val_341.jpg,val,0
val_342.jpg,val,0
val_343.jpg,val,0
val_344.jpg,val,0
val_345.jpg,val,0
val_346.jpg,val,0
val_347.jpg,val,0
val_348.jpg,val,0
val_349.jpg,val,0
val_350.jpg,val,0
val_351.jpg,val,0
val_352.jpg,val,0
val_353.jpg,val,0
val_354.jpg,val,0
val_355.jpg,val,0
val_356.jpg,val,0
val_357.jpg,val,0
val_358.jpg,val,0
val_359.jpg,val,0
val_360.jpg,val,0
val_361.jpg,val,0
val_362.jpg,val,0
val_363.jpg,val,0
val_364.jpg,val,0
val_365.jpg,val,0
val_366.jpg,val,0
val_367.jpg,val,0
val_368.jpg,val,0
val_369.jpg,val,0
val_370.jpg,val,0
val_371.jpg,val,0
val_372.jpg,val,0
val_373.jpg,val,0
val_374.jpg,val,0
val_375.jpg,val,0
val_376.jpg,val,0
val_377.jpg,val,0
val_378.jpg,val,0
val_379.jpg,val,0
val_380.jpg,val,0
val_381.jpg,val,0
val_382.jpg,val,0
val_383.jpg,val,0
val_384.jpg,val,0
val_385.jpg,val,0
val_386.jpg,val,0
val_387.jpg,val,0
val_388.jpg,val,0
val_389.jpg,val,0
val_390.jpg,val,0
val_391.jpg,val,0
val_392.jpg,val,0
val_393.jpg,val,0
val_394.jpg,val,0
val_395.jpg,val,0
val_396.jpg,val,0
val_397.jpg,val,0
val_398.jpg,val,0
val_399.jpg,val,0
val_400.jpg,val,0
val_401.jpg,val,0
val_402.jpg,val,0
val_403.jpg,val,0
val_404.jpg,val,0
val_405.jpg,val,0
val_406.jpg,val,0
val_407.jpg,val,0
val_408.jpg,val,0
val_409.jpg,val,0
val_410.jpg,val,0
val_411.jpg,val,0
val_412.jpg,val,0
val_413.jpg,val,0
val_414.jpg,val,0
val_415.jpg,val,0
val_416.jpg,val,0
val_417.jpg,val,0
val_418.jpg,val,0
val_419.jpg,val,0
val_420.jpg,val,0
val_421.jpg,val,0
val_422.jpg,val,0
val_423.jpg,val,0
val_424.jpg,val,0
val_425.jpg,val,0
val_426.jpg,val,0
val_427.jpg,val,0
val_428.jpg,val,0
val_429.jpg,val,0
val_430.jpg,val,0
val_431.jpg,val,0
val_432.jpg,val,0
val_433.jpg,val,0
val_434.jpg,val,0
val_435.jpg,val,0
val_436.jpg,val,0
val_437.jpg,val,0
val_438.jpg,val,0
val_439.jpg,val,0
val_440.jpg,val,0
val_441.jpg,val,0
val_442.jpg,val,0
val_443.jpg,val,0
val_444.jpg,val,0
val_445.jpg,val,0
val_446.jpg,val,0
val_447.jpg,val,0
val_448.jpg,val,0
val_449.jpg,val,0
val_450.jpg,val,0
val_451.jpg,val,0
val_452.jpg,val,0
val_453.jpg,val,0
val_454.jpg,val,0
val_455.jpg,val,0
val_456.jpg,val,0
val_457.jpg,val,0
val_458.jpg,val,0
val_459.jpg,val,0
val_460.jpg,val,0
val_461.jpg,val,0
val_462.jpg,val,0
val_463.jpg,val,0
val_464.jpg,val,0
val_465.jpg,val,0
val_466.jpg,val,0
val_467.jpg,val,0
val_468.jpg,val,0
val_469.jpg,val,0
val_470.jpg,val,0
val_471.jpg,val,0
val_472.jpg,val,0
val_473.jpg,val,0
val_474.jpg,val,0
val_475.jpg,val,0
val_476.jpg,val,0
val_477.jpg,val,0
val_478.jpg,val,0
val_479.jpg,val,0
val_480.jpg,val,0
val_481.jpg,val,0
val_482.jpg,val,0
val_483.jpg,val,0
val_484.jpg,val,0
val_485.jpg,val,0
val_486.jpg,val,0
val_487.jpg,val,0
val_488.jpg,val,0
val_489.jpg,val,0
val_490.jpg,val,0
val_491.jpg,val,0
val_492.jpg,val,0
val_493.jpg,val,0
val_494.jpg,val,0
val_495.jpg,val,0
val_496.jpg,val,0
val_497.jpg,val,0
val_498.jpg,val,0
val_499.jpg,val,0
val_500.jpg,val,0
val_501.jpg,val,0
val_502.jpg,val,0
val_503.jpg,val,0
val_504.jpg,val,0
val_505.jpg,val,0
val_506.jpg,val,0
val_507.jpg,val,0
val_508.jpg,val,0
val_509.jpg,val,0
val_510.jpg,val,0
val_511.jpg,val,0
val_512.jpg,val,0
val_513.jpg,val,0
val_514.jpg,val,0
val_515.jpg,val,0
val_516.jpg,val,0
val_517.jpg,val,0
val_518.jpg,val,0
val_519.jpg,val,0
val_520.jpg,val,0
val_521.jpg,val,0
val_522.jpg,val,0
val_523.jpg,val,0
val_524.jpg,val,0
val_525.jpg,val,0
val_526.jpg,val,0
val_527.jpg,val,0
val_528.jpg,val,0
val_529.jpg,val,0
val_530.jpg,val,0
val_531.jpg,val,0
val_532.jpg,val,0
val_533.jpg,val,0
val_534.jpg,val,0
val_535.jpg,val,0
val_536.jpg,val,0
val_537.jpg,val,0
val_538.jpg,val,0
val_539.jpg,val,0
val_540.jpg,val,0
val_541.jpg,val,0
val_542.jpg,val,0
val_543.jpg,val,0
val_544.jpg,val,0
val_545.jpg,val,0
val_546.jpg,val,0
val_547.jpg,val,0
val_548.jpg,val,0
val_549.jpg,val,0
val_550.jpg,val,0
val_551.jpg,val,0
val_552.jpg,val,0
val_553.jpg,val,0
val_554.jpg,val,0
val_555.jpg,val,0
val_556.jpg,val,0
val_557.jpg,val,0
val_558.jpg,val,0
val_559.jpg,val,0
val_560.jpg,val,0
val_561.jpg,val,0
val_562.jpg,val,0
val_563.jpg,val,0
val_564.jpg,val,0
val_565.jpg,val,0
val_566.jpg,val,0
val_567.jpg,val,0
val_568.jpg,val,0
val_569.jpg,val,0
val_570.jpg,val,0
val_571.jpg,val,0
val_572.jpg,val,0
val_573.jpg,val,0
val_574.jpg,val,0
val_575.jpg,val,0
val_576.jpg,val,0
val_577.jpg,val,0
val_578.jpg,val,0
val_579.jpg,val,0
val_580.jpg,val,0
val_581.jpg,val,0
val_582.jpg,val,0
val_583.jpg,val,0
val_584.jpg,val,0
val_585.jpg,val,0
val_586.jpg,val,0
val_587.jpg,val,0
val_588.jpg,val,0
val_589.jpg,val,0
val_590.jpg,val,0
val_591.jpg,val,0
val_592.jpg,val,0
val_593.jpg,val,0
val_594.jpg,val,0
val_595.jpg,val,0
val_596.jpg,val,0
val_597.jpg,val,0
val_598.jpg,val,0
val_599.jpg,val,0
val_600.jpg,val,0
val_601.jpg,val,0
val_602.jpg,val,0
val_603.jpg,val,0
val_604.jpg,val,0
val_605.jpg,val,0
val_606.jpg,val,0
val_607.jpg,val,0
val_608.jpg,val,0
val_609.jpg,val,0
val_610.jpg,val,0
val_611.jpg,val,0
val_612.jpg,val,0
val_613.jpg,val,0
val_614.jpg,val,0
val_615.jpg,val,0
val_616.jpg,val,0
val_617.jpg,val,0
val_618.jpg,val,0
val_619.jpg,val,0
val_620.jpg,val,0
val_621.jpg,val,0
val_622.jpg,val,0
val_623.jpg,val,0
val_624.jpg,val,0
val_625.jpg,val,0
val_626.jpg,val,0
val_627.jpg,val,0
val_628.jpg,val,0
val_629.jpg,val,0
val_630.jpg,val,0
val_631.jpg,val,0
val_632.jpg,val,0
val_633.jpg,val,0
val_634.jpg,val,0
val_635.jpg,val,0
val_636.jpg,val,0
val_637.jpg,val,0
val_638.jpg,val,0
val_639.jpg,val,0
val_640.jpg,val,0
val_641.jpg,val,0
val_642.jpg,val,0
val_643.jpg,val,0
val_644.jpg,val,0
val_645.jpg,val,0
val_646.jpg,val,0
val_647.jpg,val,0
val_648.jpg,val,0
val_649.jpg,val,0
val_650.jpg,val,0
val_651.jpg,val,0
val_652.jpg,val,0
val_653.jpg,val,0
val_654.jpg,val,0
val_655.jpg,val,0
val_656.jpg,val,0
val_657.jpg,val,0
val_658.jpg,val,0
val_659.jpg,val,0
val_660.jpg,val,0
val_661.jpg,val,0
val_662.jpg,val,0
val_663.jpg,val,0
val_664.jpg,val,0
val_665.jpg,val,0
val_666.jpg,val,0
val_667.jpg,val,0
val_668.jpg,val,0
val_669.jpg,val,0
val_670.jpg,val,0
val_671.jpg,val,0
val_672.jpg,val,0
val_673.jpg,val,0
val_674.jpg,val,0
val_675.jpg,val,0
val_676.jpg,val,0
val_677.jpg,val,0
val_678.jpg,val,0
val_679.jpg,val,0
val_680.jpg,val,0
val_681.jpg,val,0
val_682.jpg,val,0
val_683.jpg,val,0
val_684.jpg,val,0
val_685.jpg,val,0
val_686.jpg,val,0
val_687.jpg,val,0
val_688.jpg,val,0
val_689.jpg,val,0
val_690.jpg,val,0
val_691.jpg,val,0
val_692.jpg,val,0
val_693.jpg,val,0
val_694.jpg,val,0
val_695.jpg,val,0
val_696.jpg,val,0
val_697.jpg,val,0
val_698.jpg,val,0
val_699.jpg,val,0
val_700.jpg,val,0
val_701.jpg,val,0
val_702.jpg,val,0
val_703.jpg,val,0
val_704.jpg,val,0
val_705.jpg,val,0
val_706.jpg,val,0
val_707.jpg,val,0
val_708.jpg,val,0
val_709.jpg,val,0
val_710.jpg,val,0
val_711.jpg,val,0
val_712.jpg,val,0
val_713.jpg,val,0
val_714.jpg,val,0
val_715.jpg,val,0
val_716.jpg,val,0
val_717.jpg,val,0
val_718.jpg,val,0
val_719.jpg,val,0
val_720.jpg,val,0
val_721.jpg,val,0
val_722.jpg,val,0
val_723.jpg,val,0
val_724.jpg,val,0
val_725.jpg,val,0
val_726.jpg,val,0
val_727.jpg,val,0
val_728.jpg,val,0
val_729.jpg,val,0
val_730.jpg,val,0
val_731.jpg,val,0
val_732.jpg,val,0
val_733.jpg,val,0
val_734.jpg,val,0
val_735.jpg,val,0
val_736.jpg,val,0
val_737.jpg,val,0
val_738.jpg,val,0
val_739.jpg,val,0
val_740.jpg,val,0
val_741.jpg,val,0
val_742.jpg,val,0
val_743.jpg,val,0
val_744.jpg,val,0
val_745.jpg,val,0
val_746.jpg,val,0
val_747.jpg,val,0
val_748.jpg,val,0
val_749.jpg,val,0
val_750.jpg,val,0
val_751.jpg,val,0
val_752.jpg,val,0
val_753.jpg,val,0
val_754.jpg,val,0
val_755.jpg,val,0
val_756.jpg,val,0
val_757.jpg,val,0
val_758.jpg,val,0
val_759.jpg,val,0
val_760.jpg,val,0
val_761.jpg,val,0
val_762.jpg,val,0
val_763.jpg,val,0
val_764.jpg,val,0
val_765.jpg,val,0
val_766.jpg,val,0
val_767.jpg,val,0
val_768.jpg,val,0
val_769.jpg,val,0
val_770.jpg,val,0
val_771.jpg,val,0
val_772.jpg,val,0
val_773.jpg,val,0
val_774.jpg,val,0
val_775.jpg,val,0
val_776.jpg,val,0
val_777.jpg,val,0
val_778.jpg,val,0
val_779.jpg,val,0
val_780.jpg,val,0
val_781.jpg,val,0
val_782.jpg,val,0
val_783.jpg,val,0
val_784.jpg,val,0
val_785.jpg,val,0
val_786.jpg,val,0
val_787.jpg,val,0
val_788.jpg,val,0
val_789.jpg,val,0
val_790.jpg,val,0
val_791.jpg,val,0
val_792.jpg,val,0
val_793.jpg,val,0
val_794.jpg,val,0
val_795.jpg,val,0
val_796.jpg,val,0
val_797.jpg,val,0
val_798.jpg,val,0
val_799.jpg,val,0
val_800.jpg,val,0
val_801.jpg,val,0
val_802.jpg,val,0
val_803.jpg,val,0
val_804.jpg,val,0
val_805.jpg,val,0
val_806.jpg,val,0
val_807.jpg,val,0
val_808.jpg,val,0
val_809.jpg,val,0
val_810.jpg,val,0
val_811.jpg,val,0
val_812.jpg,val,0
val_813.jpg,val,0
val_814.jpg,val,0
val_815.jpg,val,0
val_816.jpg,val,0
val_817.jpg,val,0
val_818.jpg,val,0
val_819.jpg,val,0
val_820.jpg,val,0
val_821.jpg,val,0
val_822.jpg,val,0
val_823.jpg,val,0
val_824.jpg,val,0
val_825.jpg,val,0
val_826.jpg,val,0
val_827.jpg,val,0
val_828.jpg,val,0
val_829.jpg,val,0
val_830.jpg,val,0
val_831.jpg,val,0
val_832.jpg,val,0
val_833.jpg,val,0
val_834.jpg,val,0
val_835.jpg,val,0
val_836.jpg,val,0
val_837.jpg,val,0
val_838.jpg,val,0
val_839.jpg,val,0
val_840.jpg,val,0
val_841.jpg,val,0
val_842.jpg,val,0
val_843.jpg,val,0
val_844.jpg,val,0
val_845.jpg,val,0
val_846.jpg,val,0
val_847.jpg,val,0
val_848.jpg,val,0
val_849.jpg,val,0
val_850.jpg,val,0
val_851.jpg,val,0
val_852.jpg,val,0
val_853.jpg,val,0
val_854.jpg,val,0
val_855.jpg,val,0
val_856.jpg,val,0
val_857.jpg,val,0
val_858.jpg,val,0
val_859.jpg,val,0
val_860.jpg,val,0
val_861.jpg,val,0
val_862.jpg,val,0
val_863.jpg,val,0
val_864.jpg,val,0
val_865.jpg,val,0
val_866.jpg,val,0
val_867.jpg,val,0
val_868.jpg,val,0
val_869.jpg,val,0
val_870.jpg,val,0
val_871.jpg,val,0
val_872.jpg,val,0
val_873.jpg,val,0
val_874.jpg,val,0
val_875.jpg,val,0
val_876.jpg,val,0
val_877.jpg,val,0
val_878.jpg,val,0
val_879.jpg,val,0
val_880.jpg,val,0
val_881.jpg,val,0
val_882.jpg,val,0
val_883.jpg,val,0
val_884.jpg,val,0
val_885.jpg,val,0
val_886.jpg,val,0
val_887.jpg,val,0
val_888.jpg,val,0
val_889.jpg,val,0
val_890.jpg,val,0
val_891.jpg,val,0
val_892.jpg,val,0
val_893.jpg,val,0
val_894.jpg,val,0
val_895.jpg,val,0
val_896.jpg,val,0
val_897.jpg,val,0
val_898.jpg,val,0
val_899.jpg,val,0
val_900.jpg,val,0
val_901.jpg,val,0
val_902.jpg,val,0
val_903.jpg,val,0
val_904.jpg,val,0
val_905.jpg,val,0
val_906.jpg,val,0
val_907.jpg,val,0
val_908.jpg,val,0
val_909.jpg,val,0
val_910.jpg,val,0
val_911.jpg,val,0
val_912.jpg,val,0
val_913.jpg,val,0
val_914.jpg,val,0
val_915.jpg,val,0
val_916.jpg,val,0
val_917.jpg,val,0
val_918.jpg,val,0
val_919.jpg,val,0
val_920.jpg,val,0
val_921.jpg,val,0
val_922.jpg,val,0
val_923.jpg,val,0
val_924.jpg,val,0
val_925.jpg,val,0
val_926.jpg,val,0
val_927.jpg,val,0
val_928.jpg,val,0
val_929.jpg,val,0
val_930.jpg,val,0
val_931.jpg,val,0
val_932.jpg,val,0
val_933.jpg,val,0
val_934.jpg,val,0
val_935.jpg,val,0
val_936.jpg,val,0
val_937.jpg,val,0
val_938.jpg,val,0
val_939.jpg,val,0
val_940.jpg,val,0
val_941.jpg,val,0
val_942.jpg,val,0
val_943.jpg,val,0
val_944.jpg,val,0
val_945.jpg,val,0
val_946.jpg,val,0
val_947.jpg,val,0
val_948.jpg,val,0
val_949.jpg,val,0
val_950.jpg,val,0
val_951.jpg,val,0
val_952.jpg,val,0
val_953.jpg,val,0
val_954.jpg,val,0
val_955.jpg,val,0
val_956.jpg,val,0
val_957.jpg,val,0
val_958.jpg,val,0
val_959.jpg,val,0
val_960.jpg,val,0
val_961.jpg,val,0
val_962.jpg,val,0
val_963.jpg,val,0
val_964.jpg,val,0
val_965.jpg,val,0
val_966.jpg,val,0
val_967.jpg,val,0
val_968.jpg,val,0
val_969.jpg,val,0
val_970.jpg,val,0
val_971.jpg,val,0
val_972.jpg,val,0
val_973.jpg,val,0
val_974.jpg,val,0
val_975.jpg,val,0
val_976.jpg,val,0
val_977.jpg,val,0
val_978.jpg,val,0
val_979.jpg,val,0
val_980.jpg,val,0
val_981.jpg,val,0
val_982.jpg,val,0
val_983.jpg,val,0
val_984.jpg,val,0
val_985.jpg,val,0
val_986.jpg,val,0
val_987.jpg,val,0
val_988.jpg,val,0
val_989.jpg,val,0
val_990.jpg,val,0
val_991.jpg,val,0
val_992.jpg,val,0
val_993.jpg,val,0
val_994.jpg,val,0
val_995.jpg,val,0
val_996.jpg,val,0
val_997.jpg,val,0
val_998.jpg,val,0
val_999.jpg,val,0
val_1000.jpg,val,0
val_1001.jpg,val,0
val_1002.jpg,val,0
val_1003.jpg,val,0
val_1004.jpg,val,0
val_1005.jpg,val,0
val_1006.jpg,val,0
val_1007.jpg,val,0
val_1008.jpg,val,0
val_1009.jpg,val,0
val_1010.jpg,val,0
val_1011.jpg,val,0
val_1012.jpg,val,0
val_1013.jpg,val,0
val_1014.jpg,val,0
val_1015.jpg,val,0
val_1016.jpg,val,0
val_1017.jpg,val,0
val_1018.jpg,val,0
val_1019.jpg,val,0
val_1020.jpg,val,0
val_1021.jpg,val,0
val_1022.jpg,val,0
val_1023.jpg,val,0
val_1024.jpg,val,0
val_1025.jpg,val,0
val_1026.jpg,val,0
val_1027.jpg,val,0
val_1028.jpg,val,0
val_1029.jpg,val,0
val_1030.jpg,val,0
val_1031.jpg,val,0
val_1032.jpg,val,0
val_1033.jpg,val,0
val_1034.jpg,val,0
val_1035.jpg,val,0
val_1036.jpg,val,0
val_1037.jpg,val,0
val_1038.jpg,val,0
val_1039.jpg,val,0
val_1040.jpg,val,0
val_1041.jpg,val,0
val_1042.jpg,val,0
val_1043.jpg,val,0
val_1044.jpg,val,0
val_1045.jpg,val,0
val_1046.jpg,val,0
val_1047.jpg,val,0
val_1048.jpg,val,0
val_1049.jpg,val,0
val_1050.jpg,val,0
val_1051.jpg,val,0
val_1052.jpg,val,0
val_1053.jpg,val,0
val_1054.jpg,val,0
val_1055.jpg,val,0
val_1056.jpg,val,0
val_1057.jpg,val,0
val_1058.jpg,val,0
val_1059.jpg,val,0
val_1060.jpg,val,0
val_1061.jpg,val,0
val_1062.jpg,val,0
val_1063.jpg,val,0
val_1064.jpg,val,0
val_1065.jpg,val,0
val_1066.jpg,val,0
val_1067.jpg,val,0
val_1068.jpg,val,0
val_1069.jpg,val,0
val_1070.jpg,val,0
val_1071.jpg,val,0
val_1072.jpg,val,0
val_1073.jpg,val,0
val_1074.jpg,val,0
val_1075.jpg,val,0
val_1076.jpg,val,0
val_1077.jpg,val,0
val_1078.jpg,val,0
val_1079.jpg,val,0
val_1080.jpg,val,0
val_1081.jpg,val,0
val_1082.jpg,val,0
val_1083.jpg,val,0
val_1084.jpg,val,0
val_1085.jpg,val,0
val_1086.jpg,val,0
val_1087.jpg,val,0
val_1088.jpg,val,0
val_1089.jpg,val,0
val_1090.jpg,val,0
val_1091.jpg,val,0
val_1092.jpg,val,0
val_1093.jpg,val,0
val_1094.jpg,val,0
val_1095.jpg,val,0
val_1096.jpg,val,0
val_1097.jpg,val,0
val_1098.jpg,val,0
val_1099.jpg,val,0
val_1100.jpg,val,0
val_1101.jpg,val,0
val_1102.jpg,val,0
val_1103.jpg,val,0
val_1104.jpg,val,0
val_1105.jpg,val,0
val_1106.jpg,val,0
val_1107.jpg,val,0
val_1108.jpg,val,0
val_1109.jpg,val,0
val_1110.jpg,val,0
val_1111.jpg,val,0
val_1112.jpg,val,0
val_1113.jpg,val,0
val_1114.jpg,val,0
val_1115.jpg,val,0
val_1116.jpg,val,0
val_1117.jpg,val,0
val_1118.jpg,val,0
val_1119.jpg,val,0
val_1120.jpg,val,0
val_1121.jpg,val,0
val_1122.jpg,val,0
val_1123.jpg,val,0
val_1124.jpg,val,0
val_1125.jpg,val,0
val_1126.jpg,val,0
val_1127.jpg,val,0
val_1128.jpg,val,0
val_1129.jpg,val,0
val_1130.jpg,val,0
val_1131.jpg,val,0
val_1132.jpg,val,0
val_1133.jpg,val,0
val_1134.jpg,val,0
val_1135.jpg,val,0
val_1136.jpg,val,0
val_1137.jpg,val,0
val_1138.jpg,val,0
val_1139.jpg,val,0
val_1140.jpg,val,0
val_1141.jpg,val,0
val_1142.jpg,val,0
val_1143.jpg,val,0
val_1144.jpg,val,0
val_1145.jpg,val,0
val_1146.jpg,val,0
val_1147.jpg,val,0
val_1148.jpg,val,0
val_1149.jpg,val,0
val_1150.jpg,val,0
val_1151.jpg,val,0
val_1152.jpg,val,0
val_1153.jpg,val,0
val_1154.jpg,val,0
val_1155.jpg,val,0
val_1156.jpg,val,0
val_1157.jpg,val,0
val_1158.jpg,val,0
val_1159.jpg,val,0
val_1160.jpg,val,0
val_1161.jpg,val,0
val_1162.jpg,val,0
val_1163.jpg,val,0
val_1164.jpg,val,0
val_1165.jpg,val,0
val_1166.jpg,val,0
val_1167.jpg,val,0
val_1168.jpg,val,0
val_1169.jpg,val,0
val_1170.jpg,val,0
val_1171.jpg,val,0
val_1172.jpg,val,0
val_1173.jpg,val,0
val_1174.jpg,val,0
val_1175.jpg,val,0
val_1176.jpg,val,0
val_1177.jpg,val,0
val_1178.jpg,val,0
val_1179.jpg,val,0
val_1180.jpg,val,0
val_1181.jpg,val,0
val_1182.jpg,val,0
val_1183.jpg,val,0
val_1184.jpg,val,0
val_1185.jpg,val,0
val_1186.jpg,val,0
val_1187.jpg,val,0
val_1188.jpg,val,0
val_1189.jpg,val,0
val_1190.jpg,val,0
val_1191.jpg,val,0
val_1192.jpg,val,0
val_1193.jpg,val,0
val_1194.jpg,val,0
val_1195.jpg,val,0
val_1196.jpg,val,0
val_1197.jpg,val,0
val_1198.jpg,val,0
val_1199.jpg,val,0
val_1200.jpg,val,0
val_1201.jpg,val,0
val_1202.jpg,val,0
val_1203.jpg,val,0
val_1204.jpg,val,0
val_1205.jpg,val,0
val_1206.jpg,val,0
val_1207.jpg,val,0
val_1208.jpg,val,0
val_1209.jpg,val,0
val_1210.jpg,val,0
val_1211.jpg,val,0
val_1212.jpg,val,0
val_1213.jpg,val,0
val_1214.jpg,val,0
val_1215.jpg,val,0
val_1216.jpg,val,0
val_1217.jpg,val,0
val_1218.jpg,val,0
val_1219.jpg,val,0
val_1220.jpg,val,0
val_1221.jpg,val,0
val_1222.jpg,val,0
val_1223.jpg,val,0
val_1224.jpg,val,0
val_1225.jpg,val,0
val_1226.jpg,val,0
val_1227.jpg,val,0
val_1228.jpg,val,0
val_1229.jpg,val,0
val_1230.jpg,val,0
val_1231.jpg,val,0
val_1232.jpg,val,0
val_1233.jpg,val,0
val_1234.jpg,val,0
val_1235.jpg,val,0
val_1236.jpg,val,0
val_1237.jpg,val,0
val_1238.jpg,val,0
val_1239.jpg,val,0
val_1240.jpg,val,0
val_1241.jpg,val,0
val_1242.jpg,val,0
val_1243.jpg,val,0
val_1244.jpg,val,0
val_1245.jpg,val,0
val_1246.jpg,val,0
val_1247.jpg,val,0
val_1248.jpg,val,0
val_1249.jpg,val,0
val_1250.jpg,val,0
val_1251.jpg,val,0
val_1252.jpg,val,0
val_1253.jpg,val,0
val_1254.jpg,val,0
val_1255.jpg,val,0
val_1256.jpg,val,0
val_1257.jpg,val,0
val_1258.jpg,val,0
val_1259.jpg,val,0
val_1260.jpg,val,0
val_1261.jpg,val,0
val_1262.jpg,val,0
val_1263.jpg,val,0
val_1264.jpg,val,0
val_1265.jpg,val,0
val_1266.jpg,val,0
val_1267.jpg,val,0
val_1268.jpg,val,0
val_1269.jpg,val,0
val_1270.jpg,val,0
val_1271.jpg,val,0
val_1272.jpg,val,0
val_1273.jpg,val,0
val_1274.jpg,val,0
val_1275.jpg,val,0
val_1276.jpg,val,0
val_1277.jpg,val,0
val_1278.jpg,val,0
val_1279.jpg,val,0
val_1280.jpg,val,0
val_1281.jpg,val,0
val_1282.jpg,val,0
val_1283.jpg,val,0
val_1284.jpg,val,0
val_1285.jpg,val,0
val_1286.jpg,val,0
val_1287.jpg,val,0
val_1288.jpg,val,0
val_1289.jpg,val,0
val_1290.jpg,val,0
val_1291.jpg,val,0
val_1292.jpg,val,0
val_1293.jpg,val,0
val_1294.jpg,val,0
val_1295.jpg,val,0
val_1296.jpg,val,0
val_1297.jpg,val,0
val_1298.jpg,val,0
val_1299.jpg,val,0
val_1300.jpg,val,0
val_1301.jpg,val,0
val_1302.jpg,val,0
val_1303.jpg,val,0
val_1304.jpg,val,0
val_1305.jpg,val,0
val_1306.jpg,val,0
val_1307.jpg,val,0
val_1308.jpg,val,0
val_1309.jpg,val,0
val_1310.jpg,val,0
val_1311.jpg,val,0
val_1312.jpg,val,0
val_1313.jpg,val,0
val_1314.jpg,val,0
val_1315.jpg,val,0
val_1316.jpg,val,0
val_1317.jpg,val,0
val_1318.jpg,val,0
val_1319.jpg,val,0
val_1320.jpg,val,0
val_1321.jpg,val,0
val_1322.jpg,val,0
val_1323.jpg,val,0
val_1324.jpg,val,0
val_1325.jpg,val,0
val_1326.jpg,val,0
val_1327.jpg,val,0
val_1328.jpg,val,0
val_1329.jpg,val,0
val_1330.jpg,val,0
val_1331.jpg,val,0
val_1332.jpg,val,0
val_1333.jpg,val,0
val_1334.jpg,val,0
val_1335.jpg,val,0
val_1336.jpg,val,0
val_1337.jpg,val,0
val_1338.jpg,val,0
val_1339.jpg,val,0
val_1340.jpg,val,0
val_1341.jpg,val,0
val_1342.jpg,val,0
val_1343.jpg,val,0
val_1344.jpg,val,0
val_1345.jpg,val,0
val_1346.jpg,val,0
val_1347.jpg,val,0
val_1348.jpg,val,0
val_1349.jpg,val,0
val_1350.jpg,val,0
val_1351.jpg,val,0
val_1352.jpg,val,0
val_1353.jpg,val,0
val_1354.jpg,val,0
val_1355.jpg,val,0
val_1356.jpg,val,0
val_1357.jpg,val,0
val_1358.jpg,val,0
val_1359.jpg,val,0
val_1360.jpg,val,0
val_1361.jpg,val,0
val_1362.jpg,val,0
val_1363.jpg,val,0
val_1364.jpg,val,0
val_1365.jpg,val,0
val_1366.jpg,val,0
val_1367.jpg,val,0
val_1368.jpg,val,0
val_1369.jpg,val,0
val_1370.jpg,val,0
val_1371.jpg,val,0
val_1372.jpg,val,0
val_1373.jpg,val,0
val_1374.jpg,val,0
val_1375.jpg,val,0
val_1376.jpg,val,0
val_1377.jpg,val,0
val_1378.jpg,val,0
val_1379.jpg,val,0
val_1380.jpg,val,0
val_1381.jpg,val,0
val_1382.jpg,val,0
val_1383.jpg,val,0
val_1384.jpg,val,0
val_1385.jpg,val,0
val_1386.jpg,val,0
val_1387.jpg,val,0
val_1388.jpg,val,0
val_1389.jpg,val,0
val_1390.jpg,val,0
val_1391.jpg,val,0
val_1392.jpg,val,0
val_1393.jpg,val,0
val_1394.jpg,val,0
val_1395.jpg,val,0
val_1396.jpg,val,0
val_1397.jpg,val,0
val_1398.jpg,val,0
val_1399.jpg,val,0
val_1400.jpg,val,0
val_1401.jpg,val,0
val_1402.jpg,val,0
val_1403.jpg,val,0
val_1404.jpg,val,0
val_1405.jpg,val,0
val_1406.jpg,val,0
val_1407.jpg,val,0
val_1408.jpg,val,0
val_1409.jpg,val,0
val_1410.jpg,val,0
val_1411.jpg,val,0
val_1412.jpg,val,0
val_1413.jpg,val,0
val_1414.jpg,val,0
val_1415.jpg,val,0
val_1416.jpg,val,0
val_1417.jpg,val,0
val_1418.jpg,val,0
val_1419.jpg,val,0
val_1420.jpg,val,0
val_1421.jpg,val,0
val_1422.jpg,val,0
val_1423.jpg,val,0
val_1424.jpg,val,0
val_1425.jpg,val,0
val_1426.jpg,val,0
val_1427.jpg,val,0
val_1428.jpg,val,0
val_1429.jpg,val,0
val_1430.jpg,val,0
val_1431.jpg,val,0
val_1432.jpg,val,0
val_1433.jpg,val,0
val_1434.jpg,val,0
val_1435.jpg,val,0
val_1436.jpg,val,0
val_1437.jpg,val,0
val_1438.jpg,val,0
val_1439.jpg,val,0
val_1440.jpg,val,0
val_1441.jpg,val,0
val_1442.jpg,val,0
val_1443.jpg,val,0
val_1444.jpg,val,0
val_1445.jpg,val,0
val_1446.jpg,val,0
val_1447.jpg,val,0
val_1448.jpg,val,0
val_1449.jpg,val,0
val_1450.jpg,val,0
val_1451.jpg,val,0
val_1452.jpg,val,0
val_1453.jpg,val,0
val_1454.jpg,val,0
val_1455.jpg,val,0
val_1456.jpg,val,0
val_1457.jpg,val,0
val_1458.jpg,val,0
val_1459.jpg,val,0
val_1460.jpg,val,0
val_1461.jpg,val,0
val_1462.jpg,val,0
val_1463.jpg,val,0
val_1464.jpg,val,0
val_1465.jpg,val,0
val_1466.jpg,val,0
val_1467.jpg,val,0
val_1468.jpg,val,0
val_1469.jpg,val,0
val_1470.jpg,val,0
val_1471.jpg,val,0
val_1472.jpg,val,0
val_1473.jpg,val,0
val_1474.jpg,val,0
val_1475.jpg,val,0
val_1476.jpg,val,0
val_1477.jpg,val,0
val_1478.jpg,val,0
val_1479.jpg,val,0
val_1480.jpg,val,0
val_1481.jpg,val,0
val_1482.jpg,val,0
val_1483.jpg,val,0
val_1484.jpg,val,0
val_1485.jpg,val,0
val_1486.jpg,val,0
val_1487.jpg,val,0
val_1488.jpg,val,0
val_1489.jpg,val,0
val_1490.jpg,val,0
val_1491.jpg,val,0
val_1492.jpg,val,0
val_1493.jpg,val,0
val_1494.jpg,val,0
val_1495.jpg,val,0
val_1496.jpg,val,0
val_1497.jpg,val,0
val_1498.jpg,val,0
val_1499.jpg,val,0
val_1500.jpg,val,0
val_1501.jpg,val,0
val_1502.jpg,val,0
val_1503.jpg,val,0
val_1504.jpg,val,0
val_1505.jpg,val,0
val_1506.jpg,val,0
val_1507.jpg,val,0
val_1508.jpg,val,0
val_1509.jpg,val,0
val_1510.jpg,val,0
val_1511.jpg,val,0
val_1512.jpg,val,0
val_1513.jpg,val,0
val_1514.jpg,val,0
val_1515.jpg,val,0
val_1516.jpg,val,0
val_1517.jpg,val,0
val_1518.jpg,val,0
val_1519.jpg,val,0
val_1520.jpg,val,0
val_1521.jpg,val,0
val_1522.jpg,val,0
val_1523.jpg,val,0
val_1524.jpg,val,0
val_1525.jpg,val,0
val_1526.jpg,val,0
val_1527.jpg,val,0
val_1528.jpg,val,0
val_1529.jpg,val,0
val_1530.jpg,val,0
val_1531.jpg,val,0
val_1532.jpg,val,0
val_1533.jpg,val,0
val_1534.jpg,val,0
val_1535.jpg,val,0
val_1536.jpg,val,0
val_1537.jpg,val,0
val_1538.jpg,val,0
val_1539.jpg,val,0
val_1540.jpg,val,0
val_1541.jpg,val,0
val_1542.jpg,val,0
val_1543.jpg,val,0
val_1544.jpg,val,0
val_1545.jpg,val,0
val_1546.jpg,val,0
val_1547.jpg,val,0
val_1548.jpg,val,0
val_1549.jpg,val,0
val_1550.jpg,val,0
val_1551.jpg,val,0
val_1552.jpg,val,0
val_1553.jpg,val,0
val_1554.jpg,val,0
val_1555.jpg,val,0
val_1556.jpg,val,0
val_1557.jpg,val,0
val_1558.jpg,val,0
val_1559.jpg,val,0
val_1560.jpg,val,0
val_1561.jpg,val,0
val_1562.jpg,val,0
val_1563.jpg,val,0
val_1564.jpg,val,0
val_1565.jpg,val,0
val_1566.jpg,val,0
val_1567.jpg,val,0
val_1568.jpg,val,0
val_1569.jpg,val,0
val_1570.jpg,val,0
val_1571.jpg,val,0
val_1572.jpg,val,0
val_1573.jpg,val,0
val_1574.jpg,val,0
val_1575.jpg,val,0
val_1576.jpg,val,0
val_1577.jpg,val,0
val_1578.jpg,val,0
val_1579.jpg,val,0
val_1580.jpg,val,0
val_1581.jpg,val,0
val_1582.jpg,val,0
val_1583.jpg,val,0
val_1584.jpg,val,0
val_1585.jpg,val,0
val_1586.jpg,val,0
val_1587.jpg,val,0
val_1588.jpg,val,0
val_1589.jpg,val,0
val_1590.jpg,val,0
val_1591.jpg,val,0
val_1592.jpg,val,0
val_1593.jpg,val,0
val_1594.jpg,val,0
val_1595.jpg,val,0
val_1596.jpg,val,0
val_1597.jpg,val,0
val_1598.jpg,val,0
val_1599.jpg,val,0
val_1600.jpg,val,0
val_1601.jpg,val,0
val_1602.jpg,val,0
val_1603.jpg,val,0
val_1604.jpg,val,0
val_1605.jpg,val,0
val_1606.jpg,val,0
val_1607.jpg,val,0
val_1608.jpg,val,0
val_1609.jpg,val,0
val_1610.jpg,val,0
val_1611.jpg,val,0
val_1612.jpg,val,0
val_1613.jpg,val,0
val_1614.jpg,val,0
val_1615.jpg,val,0
val_1616.jpg,val,0
val_1617.jpg,val,0
val_1618.jpg,val,0
val_1619.jpg,val,0
val_1620.jpg,val,0
val_1621.jpg,val,0
val_1622.jpg,val,0
val_1623.jpg,val,0
val_1624.jpg,val,0
val_1625.jpg,val,0
val_1626.jpg,val,0
val_1627.jpg,val,0
val_1628.jpg,val,0
val_1629.jpg,val,0
val_1630.jpg,val,0
val_1631.jpg,val,0
val_1632.jpg,val,0
val_1633.jpg,val,0
val_1634.jpg,val,0
val_1635.jpg,val,0
val_1636.jpg,val,0
val_1637.jpg,val,0
val_1638.jpg,val,0
val_1639.jpg,val,0
val_1640.jpg,val,0
val_1641.jpg,val,0
val_1642.jpg,val,0
val_1643.jpg,val,0
val_1644.jpg,val,0
val_1645.jpg,val,0
val_1646.jpg,val,0
val_1647.jpg,val,0
val_1648.jpg,val,0
val_1649.jpg,val,0
val_1650.jpg,val,0
val_1651.jpg,val,0
val_1652.jpg,val,0
val_1653.jpg,val,0
val_1654.jpg,val,0
val_1655.jpg,val,0
val_1656.jpg,val,0
val_1657.jpg,val,0
val_1658.jpg,val,0
val_1659.jpg,val,0
val_1660.jpg,val,0
val_1661.jpg,val,0
val_1662.jpg,val,0
val_1663.jpg,val,0
val_1664.jpg,val,0
val_1665.jpg,val,0
val_1666.jpg,val,0
val_1667.jpg,val,0
val_1668.jpg,val,0
val_1669.jpg,val,0
val_1670.jpg,val,0
val_1671.jpg,val,0
val_1672.jpg,val,0
val_1673.jpg,val,0
val_1674.jpg,val,0
val_1675.jpg,val,0
val_1676.jpg,val,0
val_1677.jpg,val,0
val_1678.jpg,val,0
val_1679.jpg,val,0
val_1680.jpg,val,0
val_1681.jpg,val,0
val_1682.jpg,val,0
val_1683.jpg,val,0
val_1684.jpg,val,0
val_1685.jpg,val,0
val_1686.jpg,val,0
val_1687.jpg,val,0
val_1688.jpg,val,0
val_1689.jpg,val,0
val_1690.jpg,val,0
val_1691.jpg,val,0
val_1692.jpg,val,0
val_1693.jpg,val,0
val_1694.jpg,val,0
val_1695.jpg,val,0
val_1696.jpg,val,0
val_1697.jpg,val,0
val_1698.jpg,val,0
val_1699.jpg,val,0
val_1700.jpg,val,0
val_1701.jpg,val,0
val_1702.jpg,val,0
val_1703.jpg,val,0
val_1704.jpg,val,0
val_1705.jpg,val,0
val_1706.jpg,val,0
val_1707.jpg,val,0
val_1708.jpg,val,0
val_1709.jpg,val,0
val_1710.jpg,val,0
val_1711.jpg,val,0
val_1712.jpg,val,0
val_1713.jpg,val,0
val_1714.jpg,val,0
val_1715.jpg,val,0
val_1716.jpg,val,0
val_1717.jpg,val,0
val_1718.jpg,val,0
val_1719.jpg,val,0
val_1720.jpg,val,0
val_1721.jpg,val,0
val_1722.jpg,val,0
val_1723.jpg,val,0
val_1724.jpg,val,0
val_1725.jpg,val,0
val_1726.jpg,val,0
val_1727.jpg,val,0
val_1728.jpg,val,0
val_1729.jpg,val,0
val_1730.jpg,val,0
val_1731.jpg,val,0
val_1732.jpg,val,0
val_1733.jpg,val,0
val_1734.jpg,val,0
val_1735.jpg,val,0
val_1736.jpg,val,0
val_1737.jpg,val,0
val_1738.jpg,val,0
val_1739.jpg,val,0
val_1740.jpg,val,0
val_1741.jpg,val,0
val_1742.jpg,val,0
val_1743.jpg,val,0
val_1744.jpg,val,0
val_1745.jpg,val,0
val_1746.jpg,val,0
val_1747.jpg,val,0
val_1748.jpg,val,0
val_1749.jpg,val,0
val_1750.jpg,val,0
val_1751.jpg,val,0
val_1752.jpg,val,0
val_1753.jpg,val,0
val_1754.jpg,val,0
val_1755.jpg,val,0
val_1756.jpg,val,0
val_1757.jpg,val,0
val_1758.jpg,val,0
val_1759.jpg,val,0
val_1760.jpg,val,0
val_1761.jpg,val,0
val_1762.jpg,val,0
val_1763.jpg,val,0
val_1764.jpg,val,0
val_1765.jpg,val,0
val_1766.jpg,val,0
val_1767.jpg,val,0
val_1768.jpg,val,0
val_1769.jpg,val,0
val_1770.jpg,val,0
val_1771.jpg,val,0
val_1772.jpg,val,0
val_1773.jpg,val,0
val_1774.jpg,val,0
val_1775.jpg,val,0
val_1776.jpg,val,0
val_1777.jpg,val,0
val_1778.jpg,val,0
val_1779.jpg,val,0
val_1780.jpg,val,0
val_1781.jpg,val,0
val_1782.jpg,val,0
val_1783.jpg,val,0
val_1784.jpg,val,0
val_1785.jpg,val,0
val_1786.jpg,val,0
val_1787.jpg,val,0
val_1788.jpg,val,0
val_1789.jpg,val,0
val_1790.jpg,val,0
val_1791.jpg,val,0
val_1792.jpg,val,0
val_1793.jpg,val,0
val_1794.jpg,val,0
val_1795.jpg,val,0
val_1796.jpg,val,0
val_1797.jpg,val,0
val_1798.jpg,val,0
val_1799.jpg,val,0
val_1800.jpg,val,0
val_1801.jpg,val,0
val_1802.jpg,val,0
val_1803.jpg,val,0
val_1804.jpg,val,0
val_1805.jpg,val,0
val_1806.jpg,val,0
val_1807.jpg,val,0
val_1808.jpg,val,0
val_1809.jpg,val,0
val_1810.jpg,val,0
val_1811.jpg,val,0
val_1812.jpg,val,0
val_1813.jpg,val,0
val_1814.jpg,val,0
val_1815.jpg,val,0
val_1816.jpg,val,0
val_1817.jpg,val,0
val_1818.jpg,val,0
val_1819.jpg,val,0
val_1820.jpg,val,0
val_1821.jpg,val,0
val_1822.jpg,val,0
val_1823.jpg,val,0
val_1824.jpg,val,0
val_1825.jpg,val,0
val_1826.jpg,val,0
val_1827.jpg,val,0
val_1828.jpg,val,0
val_1829.jpg,val,0
val_1830.jpg,val,0
val_1831.jpg,val,0
val_1832.jpg,val,0
val_1833.jpg,val,0
val_1834.jpg,val,0
val_1835.jpg,val,0
val_1836.jpg,val,0
val_1837.jpg,val,0
val_1838.jpg,val,0
val_1839.jpg,val,0
val_1840.jpg,val,0
val_1841.jpg,val,0
val_1842.jpg,val,0
val_1843.jpg,val,0
val_1844.jpg,val,0
val_1845.jpg,val,0
val_1846.jpg,val,0
val_1847.jpg,val,0
val_1848.jpg,val,0
val_1849.jpg,val,0
val_1850.jpg,val,0
val_1851.jpg,val,0
val_1852.jpg,val,0
val_1853.jpg,val,0
val_1854.jpg,val,0
val_1855.jpg,val,0
val_1856.jpg,val,0
val_1857.jpg,val,0
val_1858.jpg,val,0
val_1859.jpg,val,0
val_1860.jpg,val,0
val_1861.jpg,val,0
val_1862.jpg,val,0
val_1863.jpg,val,0
val_1864.jpg,val,0
val_1865.jpg,val,0
val_1866.jpg,val,0
val_1867.jpg,val,0
val_1868.jpg,val,0
val_1869.jpg,val,0
val_1870.jpg,val,0
val_1871.jpg,val,0
val_1872.jpg,val,0
val_1873.jpg,val,0
val_1874.jpg,val,0
val_1875.jpg,val,0
val_1876.jpg,val,0
val_1877.jpg,val,0
val_1878.jpg,val,0
val_1879.jpg,val,0
val_1880.jpg,val,0
val_1881.jpg,val,0
val_1882.jpg,val,0
val_1883.jpg,val,0
val_1884.jpg,val,0
val_1885.jpg,val,0
val_1886.jpg,val,0
val_1887.jpg,val,0
val_1888.jpg,val,0
val_1889.jpg,val,0
val_1890.jpg,val,0
val_1891.jpg,val,0
val_1892.jpg,val,0
val_1893.jpg,val,0
val_1894.jpg,val,0
val_1895.jpg,val,0
val_1896.jpg,val,0
val_1897.jpg,val,0
val_1898.jpg,val,0
val_1899.jpg,val,0
val_1900.jpg,val,0
val_1901.jpg,val,0
val_1902.jpg,val,0
val_1903.jpg,val,0
val_1904.jpg,val,0
val_1905.jpg,val,0
val_1906.jpg,val,0
val_1907.jpg,val,0
val_1908.jpg,val,0
val_1909.jpg,val,0
val_1910.jpg,val,0
val_1911.jpg,val,0
val_1912.jpg,val,0
val_1913.jpg,val,0
val_1914.jpg,val,0
val_1915.jpg,val,0
val_1916.jpg,val,0
val_1917.jpg,val,0
val_1918.jpg,val,0
val_1919.jpg,val,0
val_1920.jpg,val,0
val_1921.jpg,val,0
val_1922.jpg,val,0
val_1923.jpg,val,0
val_1924.jpg,val,0
val_1925.jpg,val,0
val_1926.jpg,val,0
val_1927.jpg,val,0
val_1928.jpg,val,0
val_1929.jpg,val,0
val_1930.jpg,val,0
val_1931.jpg,val,0
val_1932.jpg,val,0
val_1933.jpg,val,0
val_1934.jpg,val,0
val_1935.jpg,val,0
val_1936.jpg,val,0
val_1937.jpg,val,0
val_1938.jpg,val,0
val_1939.jpg,val,0
val_1940.jpg,val,0
val_1941.jpg,val,0
val_1942.jpg,val,0
val_1943.jpg,val,0
val_1944.jpg,val,0
val_1945.jpg,val,0
val_1946.jpg,val,0
val_1947.jpg,val,0
val_1948.jpg,val,0
val_1949.jpg,val,0
val_1950.jpg,val,0
val_1951.jpg,val,0
val_1952.jpg,val,0
val_1953.jpg,val,0
val_1954.jpg,val,0
val_1955.jpg,val,0
val_1956.jpg,val,0
val_1957.jpg,val,0
val_1958.jpg,val,0
val_1959.jpg,val,0
val_1960.jpg,val,0
val_1961.jpg,val,0
val_1962.jpg,val,0
val_1963.jpg,val,0
val_1964.jpg,val,0
val_1965.jpg,val,0
val_1966.jpg,val,0
val_1967.jpg,val,0
val_1968.jpg,val,0
val_1969.jpg,val,0
val_1970.jpg,val,0
val_1971.jpg,val,0
val_1972.jpg,val,0
val_1973.jpg,val,0
val_1974.jpg,val,0
val_1975.jpg,val,0
val_1976.jpg,val,0
val_1977.jpg,val,0
val_1978.jpg,val,0
val_1979.jpg,val,0
val_1980.jpg,val,0
val_1981.jpg,val,0
val_1982.jpg,val,0
val_1983.jpg,val,0
val_1984.jpg,val,0
val_1985.jpg,val,0
val_1986.jpg,val,0
val_1987.jpg,val,0
val_1988.jpg,val,0
val_1989.jpg,val,0
val_1990.jpg,val,0
val_1991.jpg,val,0
val_1992.jpg,val,0
val_1993.jpg,val,0
val_1994.jpg,val,0
val_1995.jpg,val,0
val_1996.jpg,val,0
val_1997.jpg,val,0
val_1998.jpg,val,0
val_1999.jpg,val,0
test_0.jpg,test,1
test_1.jpg,test,0
test_2.jpg,test,1
test_3.jpg,test,0
test_4.jpg,test,1
test_5.jpg,test,0
test_6.jpg,test,0
test_7.jpg,test,0
test_8.jpg,test,0
test_9.jpg,test,0
test_10.jpg,test,0
test_11.jpg,test,1
test_12.jpg,test,0
test_13.jpg,test,0
test_14.jpg,test,1
test_15.jpg,test,1
test_16.jpg,test,1
test_17.jpg,test,1
test_18.jpg,test,0
test_19.jpg,test,0
test_20.jpg,test,1
test_21.jpg,test,0
test_22.jpg,test,0
test_23.jpg,test,1
test_24.jpg,test,1
test_25.jpg,test,0
test_26.jpg,test,1
test_27.jpg,test,1
test_28.jpg,test,0
test_29.jpg,test,0
test_30.jpg,test,0
test_31.jpg,test,0
test_32.jpg,test,0
test_33.jpg,test,1
test_34.jpg,test,1
test_35.jpg,test,1
test_36.jpg,test,1
test_37.jpg,test,0
test_38.jpg,test,0
test_39.jpg,test,1
test_40.jpg,test,0
test_41.jpg,test,1
test_42.jpg,test,1
test_43.jpg,test,0
test_44.jpg,test,1
test_45.jpg,test,0
test_46.jpg,test,1
test_47.jpg,test,0
test_48.jpg,test,0
test_49.jpg,test,1
test_50.jpg,test,1
test_51.jpg,test,1
test_52.jpg,test,1
test_53.jpg,test,1
test_54.jpg,test,1
test_55.jpg,test,0
test_56.jpg,test,0
test_57.jpg,test,0
test_58.jpg,test,1
test_59.jpg,test,0
test_60.jpg,test,0
test_61.jpg,test,0
test_62.jpg,test,1
test_63.jpg,test,1
test_64.jpg,test,0
test_65.jpg,test,1
test_66.jpg,test,1
test_67.jpg,test,1
test_68.jpg,test,0
test_69.jpg,test,0
test_70.jpg,test,1
test_71.jpg,test,0
test_72.jpg,test,1
test_73.jpg,test,0
test_74.jpg,test,0
test_75.jpg,test,1
test_76.jpg,test,0
test_77.jpg,test,1
test_78.jpg,test,1
test_79.jpg,test,0
test_80.jpg,test,0
test_81.jpg,test,1
test_82.jpg,test,1
test_83.jpg,test,0
test_84.jpg,test,0
test_85.jpg,test,1
test_86.jpg,test,1
test_87.jpg,test,1
test_88.jpg,test,1
test_89.jpg,test,0
test_90.jpg,test,1
test_91.jpg,test,1
test_92.jpg,test,1
test_93.jpg,test,1
test_94.jpg,test,0
test_95.jpg,test,1
test_96.jpg,test,0
test_97.jpg,test,0
test_98.jpg,test,0
test_99.jpg,test,0
test_100.jpg,test,0
test_101.jpg,test,1
test_102.jpg,test,1
test_103.jpg,test,1
test_104.jpg,test,0
test_105.jpg,test,0
test_106.jpg,test,1
test_107.jpg,test,0
test_108.jpg,test,1
test_109.jpg,test,0
test_110.jpg,test,1
test_111.jpg,test,1
test_112.jpg,test,0
test_113.jpg,test,0
test_114.jpg,test,1
test_115.jpg,test,0
test_116.jpg,test,0
test_117.jpg,test,1
test_118.jpg,test,1
test_119.jpg,test,1
test_120.jpg,test,1
test_121.jpg,test,0
test_122.jpg,test,0
test_123.jpg,test,0
test_124.jpg,test,0
test_125.jpg,test,1
test_126.jpg,test,0
test_127.jpg,test,0
test_128.jpg,test,1
test_129.jpg,test,1
test_130.jpg,test,0
test_131.jpg,test,0
test_132.jpg,test,1
test_133.jpg,test,0
test_134.jpg,test,1
test_135.jpg,test,0
test_136.jpg,test,1
test_137.jpg,test,0
test_138.jpg,test,0
test_139.jpg,test,1
test_140.jpg,test,0
test_141.jpg,test,0
test_142.jpg,test,0
test_143.jpg,test,0
test_144.jpg,test,1
test_145.jpg,test,0
test_146.jpg,test,0
test_147.jpg,test,0
test_148.jpg,test,0
test_149.jpg,test,0
test_150.jpg,test,0
test_151.jpg,test,0
test_152.jpg,test,1
test_153.jpg,test,0
test_154.jpg,test,0
test_155.jpg,test,1
test_156.jpg,test,1
test_157.jpg,test,0
test_158.jpg,test,0
test_159.jpg,test,1
test_160.jpg,test,0
test_161.jpg,test,0
test_162.jpg,test,1
test_163.jpg,test,1
test_164.jpg,test,1
test_165.jpg,test,1
test_166.jpg,test,1
test_167.jpg,test,0
test_168.jpg,test,0
test_169.jpg,test,1
test_170.jpg,test,1
test_171.jpg,test,1
test_172.jpg,test,0
test_173.jpg,test,1
test_174.jpg,test,0
test_175.jpg,test,0
test_176.jpg,test,0
test_177.jpg,test,0
test_178.jpg,test,1
test_179.jpg,test,0
test_180.jpg,test,0
test_181.jpg,test,1
test_182.jpg,test,0
test_183.jpg,test,1
test_184.jpg,test,0
test_185.jpg,test,1
test_186.jpg,test,0
test_187.jpg,test,0
test_188.jpg,test,1
test_189.jpg,test,0
test_190.jpg,test,0
test_191.jpg,test,0
test_192.jpg,test,0
test_193.jpg,test,1
test_194.jpg,test,1
test_195.jpg,test,1
test_196.jpg,test,1
test_197.jpg,test,1
test_198.jpg,test,0
test_199.jpg,test,1
test_200.jpg,test,1
test_201.jpg,test,1
test_202.jpg,test,1
test_203.jpg,test,1
test_204.jpg,test,0
test_205.jpg,test,1
test_206.jpg,test,0
test_207.jpg,test,0
test_208.jpg,test,1
test_209.jpg,test,0
test_210.jpg,test,0
test_211.jpg,test,1
test_212.jpg,test,1
test_213.jpg,test,0
test_214.jpg,test,0
test_215.jpg,test,0
test_216.jpg,test,0
test_217.jpg,test,0
test_218.jpg,test,0
test_219.jpg,test,0
test_220.jpg,test,1
test_221.jpg,test,0
test_222.jpg,test,1
test_223.jpg,test,1
test_224.jpg,test,0
test_225.jpg,test,0
test_226.jpg,test,1
test_227.jpg,test,1
test_228.jpg,test,1
test_229.jpg,test,1
test_230.jpg,test,1
test_231.jpg,test,0
test_232.jpg,test,1
test_233.jpg,test,0
test_234.jpg,test,1
test_235.jpg,test,0
test_236.jpg,test,0
test_237.jpg,test,1
test_238.jpg,test,0
test_239.jpg,test,0
test_240.jpg,test,0
test_241.jpg,test,1
test_242.jpg,test,0
test_243.jpg,test,0
test_244.jpg,test,0
test_245.jpg,test,0
test_246.jpg,test,1
test_247.jpg,test,0
test_248.jpg,test,1
test_249.jpg,test,0
test_250.jpg,test,0
test_251.jpg,test,1
test_252.jpg,test,1
test_253.jpg,test,1
test_254.jpg,test,1
test_255.jpg,test,0
test_256.jpg,test,1
test_257.jpg,test,0
test_258.jpg,test,0
test_259.jpg,test,1
test_260.jpg,test,1
test_261.jpg,test,1
test_262.jpg,test,0
test_263.jpg,test,0
test_264.jpg,test,0
test_265.jpg,test,0
test_266.jpg,test,0
test_267.jpg,test,0
test_268.jpg,test,1
test_269.jpg,test,0
test_270.jpg,test,1
test_271.jpg,test,0
test_272.jpg,test,1
test_273.jpg,test,1
test_274.jpg,test,0
test_275.jpg,test,1
test_276.jpg,test,1
test_277.jpg,test,0
test_278.jpg,test,1
test_279.jpg,test,0
test_280.jpg,test,0
test_281.jpg,test,0
test_282.jpg,test,0
test_283.jpg,test,0
test_284.jpg,test,1
test_285.jpg,test,0
test_286.jpg,test,0
test_287.jpg,test,0
test_288.jpg,test,0
test_289.jpg,test,0
test_290.jpg,test,1
test_291.jpg,test,1
test_292.jpg,test,1
test_293.jpg,test,1
test_294.jpg,test,0
test_295.jpg,test,0
test_296.jpg,test,1
test_297.jpg,test,0
test_298.jpg,test,1
test_299.jpg,test,1
test_300.jpg,test,1
test_301.jpg,test,0
test_302.jpg,test,1
test_303.jpg,test,0
test_304.jpg,test,0
test_305.jpg,test,0
test_306.jpg,test,1
test_307.jpg,test,0
test_308.jpg,test,0
test_309.jpg,test,1
test_310.jpg,test,0
test_311.jpg,test,1
test_312.jpg,test,0
test_313.jpg,test,1
test_314.jpg,test,0
test_315.jpg,test,1
test_316.jpg,test,1
test_317.jpg,test,0
test_318.jpg,test,0
test_319.jpg,test,1
test_320.jpg,test,1
test_321.jpg,test,0
test_322.jpg,test,1
test_323.jpg,test,1
test_324.jpg,test,1
test_325.jpg,test,0
test_326.jpg,test,0
test_327.jpg,test,0
test_328.jpg,test,1
test_329.jpg,test,1
test_330.jpg,test,0
test_331.jpg,test,1
test_332.jpg,test,1
test_333.jpg,test,0
test_334.jpg,test,1
test_335.jpg,test,1
test_336.jpg,test,1
test_337.jpg,test,0
test_338.jpg,test,1
test_339.jpg,test,0
test_340.jpg,test,1
test_341.jpg,test,0
test_342.jpg,test,1
test_343.jpg,test,0
test_344.jpg,test,0
test_345.jpg,test,1
test_346.jpg,test,0
test_347.jpg,test,0
test_348.jpg,test,0
test_349.jpg,test,1
test_350.jpg,test,1
test_351.jpg,test,1
test_352.jpg,test,1
test_353.jpg,test,0
test_354.jpg,test,0
test_355.jpg,test,1
test_356.jpg,test,0
test_357.jpg,test,0
test_358.jpg,test,1
test_359.jpg,test,0
test_360.jpg,test,0
test_361.jpg,test,1
test_362.jpg,test,1
test_363.jpg,test,1
test_364.jpg,test,1
test_365.jpg,test,1
test_366.jpg,test,1
test_367.jpg,test,0
test_368.jpg,test,0
test_369.jpg,test,0
test_370.jpg,test,1
test_371.jpg,test,0
test_372.jpg,test,0
test_373.jpg,test,0
test_374.jpg,test,1
test_375.jpg,test,0
test_376.jpg,test,0
test_377.jpg,test,0
test_378.jpg,test,0
test_379.jpg,test,1
test_380.jpg,test,1
test_381.jpg,test,1
test_382.jpg,test,0
test_383.jpg,test,0
test_384.jpg,test,1
test_385.jpg,test,1
test_386.jpg,test,0
test_387.jpg,test,1
test_388.jpg,test,1
test_389.jpg,test,1
test_390.jpg,test,1
test_391.jpg,test,0
test_392.jpg,test,1
test_393.jpg,test,0
test_394.jpg,test,0
test_395.jpg,test,1
test_396.jpg,test,0
test_397.jpg,test,0
test_398.jpg,test,1
test_399.jpg,test,1
test_400.jpg,test,0
test_401.jpg,test,0
test_402.jpg,test,1
test_403.jpg,test,0
test_404.jpg,test,1
test_405.jpg,test,0
test_406.jpg,test,0
test_407.jpg,test,1
test_408.jpg,test,0
test_409.jpg,test,0
test_410.jpg,test,0
test_411.jpg,test,0
test_412.jpg,test,0
test_413.jpg,test,1
test_414.jpg,test,0
test_415.jpg,test,1
test_416.jpg,test,0
test_417.jpg,test,0
test_418.jpg,test,0
test_419.jpg,test,1
test_420.jpg,test,0
test_421.jpg,test,1
test_422.jpg,test,0
test_423.jpg,test,1
test_424.jpg,test,0
test_425.jpg,test,1
test_426.jpg,test,1
test_427.jpg,test,1
test_428.jpg,test,0
test_429.jpg,test,1
test_430.jpg,test,0
test_431.jpg,test,1
test_432.jpg,test,0
test_433.jpg,test,0
test_434.jpg,test,1
test_435.jpg,test,0
test_436.jpg,test,0
test_437.jpg,test,0
test_438.jpg,test,0
test_439.jpg,test,0
test_440.jpg,test,0
test_441.jpg,test,1
test_442.jpg,test,0
test_443.jpg,test,1
test_444.jpg,test,0
test_445.jpg,test,1
test_446.jpg,test,0
test_447.jpg,test,1
test_448.jpg,test,1
test_449.jpg,test,1
test_450.jpg,test,0
test_451.jpg,test,0
test_452.jpg,test,1
test_453.jpg,test,0
test_454.jpg,test,0
test_455.jpg,test,1
test_456.jpg,test,0
test_457.jpg,test,0
test_458.jpg,test,1
test_459.jpg,test,1
test_460.jpg,test,0
test_461.jpg,test,1
test_462.jpg,test,0
test_463.jpg,test,1
test_464.jpg,test,0
test_465.jpg,test,1
test_466.jpg,test,0
test_467.jpg,test,0
test_468.jpg,test,1
test_469.jpg,test,0
test_470.jpg,test,0
test_471.jpg,test,1
test_472.jpg,test,1
test_473.jpg,test,0
test_474.jpg,test,1
test_475.jpg,test,1
test_476.jpg,test,0
test_477.jpg,test,1
test_478.jpg,test,0
test_479.jpg,test,0
test_480.jpg,test,1
test_481.jpg,test,1
test_482.jpg,test,0
test_483.jpg,test,0
test_484.jpg,test,0
test_485.jpg,test,1
test_486.jpg,test,1
test_487.jpg,test,1
test_488.jpg,test,1
test_489.jpg,test,1
test_490.jpg,test,1
test_491.jpg,test,1
test_492.jpg,test,0
test_493.jpg,test,1
test_494.jpg,test,1
test_495.jpg,test,0
test_496.jpg,test,0
test_497.jpg,test,0
test_498.jpg,test,1
test_499.jpg,test,0
test_500.jpg,test,0
test_501.jpg,test,1
test_502.jpg,test,0
test_503.jpg,test,1
test_504.jpg,test,0
test_505.jpg,test,0
test_506.jpg,test,1
test_507.jpg,test,1
test_508.jpg,test,1
test_509.jpg,test,1
test_510.jpg,test,0
test_511.jpg,test,1
test_512.jpg,test,0
test_513.jpg,test,0
test_514.jpg,test,1
test_515.jpg,test,0
test_516.jpg,test,1
test_517.jpg,test,1
test_518.jpg,test,0
test_519.jpg,test,0
test_520.jpg,test,0
test_521.jpg,test,0
test_522.jpg,test,0
test_523.jpg,test,0
test_524.jpg,test,0
test_525.jpg,test,0
test_526.jpg,test,0
test_527.jpg,test,1
test_528.jpg,test,0
test_529.jpg,test,1
test_530.jpg,test,1
test_531.jpg,test,1
test_532.jpg,test,0
test_533.jpg,test,1
test_534.jpg,test,0
test_535.jpg,test,0
test_536.jpg,test,1
test_537.jpg,test,1
test_538.jpg,test,1
test_539.jpg,test,0
test_540.jpg,test,0
test_541.jpg,test,1
test_542.jpg,test,0
test_543.jpg,test,0
test_544.jpg,test,0
test_545.jpg,test,0
test_546.jpg,test,1
test_547.jpg,test,1
test_548.jpg,test,1
test_549.jpg,test,0
test_550.jpg,test,1
test_551.jpg,test,0
test_552.jpg,test,0
test_553.jpg,test,1
test_554.jpg,test,1
test_555.jpg,test,1
test_556.jpg,test,0
test_557.jpg,test,0
test_558.jpg,test,1
test_559.jpg,test,1
test_560.jpg,test,1
test_561.jpg,test,1
test_562.jpg,test,1
test_563.jpg,test,0
test_564.jpg,test,1
test_565.jpg,test,1
test_566.jpg,test,1
test_567.jpg,test,0
test_568.jpg,test,1
test_569.jpg,test,0
test_570.jpg,test,0
test_571.jpg,test,0
test_572.jpg,test,1
test_573.jpg,test,1
test_574.jpg,test,1
test_575.jpg,test,0
test_576.jpg,test,1
test_577.jpg,test,1
test_578.jpg,test,1
test_579.jpg,test,0
test_580.jpg,test,1
test_581.jpg,test,1
test_582.jpg,test,1
test_583.jpg,test,1
test_584.jpg,test,0
test_585.jpg,test,0
test_586.jpg,test,0
test_587.jpg,test,1
test_588.jpg,test,1
test_589.jpg,test,1
test_590.jpg,test,1
test_591.jpg,test,1
test_592.jpg,test,1
test_593.jpg,test,1
test_594.jpg,test,1
test_595.jpg,test,1
test_596.jpg,test,1
test_597.jpg,test,1
test_598.jpg,test,1
test_599.jpg,test,0
test_600.jpg,test,0
test_601.jpg,test,0
test_602.jpg,test,1
test_603.jpg,test,0
test_604.jpg,test,0
test_605.jpg,test,0
test_606.jpg,test,1
test_607.jpg,test,0
test_608.jpg,test,1
test_609.jpg,test,1
test_610.jpg,test,0
test_611.jpg,test,1
test_612.jpg,test,1
test_613.jpg,test,1
test_614.jpg,test,0
test_615.jpg,test,1
test_616.jpg,test,0
test_617.jpg,test,1
test_618.jpg,test,1
test_619.jpg,test,0
test_620.jpg,test,0
test_621.jpg,test,1
test_622.jpg,test,0
test_623.jpg,test,1
test_624.jpg,test,1
test_625.jpg,test,1
test_626.jpg,test,0
test_627.jpg,test,0
test_628.jpg,test,1
test_629.jpg,test,1
test_630.jpg,test,1
test_631.jpg,test,0
test_632.jpg,test,0
test_633.jpg,test,0
test_634.jpg,test,0
test_635.jpg,test,0
test_636.jpg,test,0
test_637.jpg,test,1
test_638.jpg,test,1
test_639.jpg,test,1
test_640.jpg,test,0
test_641.jpg,test,1
test_642.jpg,test,0
test_643.jpg,test,0
test_644.jpg,test,0
test_645.jpg,test,1
test_646.jpg,test,0
test_647.jpg,test,1
test_648.jpg,test,1
test_649.jpg,test,0
test_650.jpg,test,1
test_651.jpg,test,0
test_652.jpg,test,1
test_653.jpg,test,1
test_654.jpg,test,1
test_655.jpg,test,0
test_656.jpg,test,0
test_657.jpg,test,1
test_658.jpg,test,1
test_659.jpg,test,1
test_660.jpg,test,0
test_661.jpg,test,1
test_662.jpg,test,1
test_663.jpg,test,0
test_664.jpg,test,0
test_665.jpg,test,1
test_666.jpg,test,0
test_667.jpg,test,0
test_668.jpg,test,0
test_669.jpg,test,1
test_670.jpg,test,1
test_671.jpg,test,0
test_672.jpg,test,0
test_673.jpg,test,1
test_674.jpg,test,1
test_675.jpg,test,0
test_676.jpg,test,0
test_677.jpg,test,0
test_678.jpg,test,0
test_679.jpg,test,1
test_680.jpg,test,1
test_681.jpg,test,0
test_682.jpg,test,0
test_683.jpg,test,1
test_684.jpg,test,0
test_685.jpg,test,0
test_686.jpg,test,0
test_687.jpg,test,0
test_688.jpg,test,0
test_689.jpg,test,0
test_690.jpg,test,0
test_691.jpg,test,0
test_692.jpg,test,0
test_693.jpg,test,0
test_694.jpg,test,1
test_695.jpg,test,0
test_696.jpg,test,0
test_697.jpg,test,1
test_698.jpg,test,0
test_699.jpg,test,1
test_700.jpg,test,1
test_701.jpg,test,0
test_702.jpg,test,0
test_703.jpg,test,1
test_704.jpg,test,0
test_705.jpg,test,1
test_706.jpg,test,0
test_707.jpg,test,0
test_708.jpg,test,0
test_709.jpg,test,1
test_710.jpg,test,1
test_711.jpg,test,1
test_712.jpg,test,0
test_713.jpg,test,1
test_714.jpg,test,1
test_715.jpg,test,1
test_716.jpg,test,1
test_717.jpg,test,0
test_718.jpg,test,0
test_719.jpg,test,0
test_720.jpg,test,1
test_721.jpg,test,1
test_722.jpg,test,1
test_723.jpg,test,0
test_724.jpg,test,1
test_725.jpg,test,0
test_726.jpg,test,1
test_727.jpg,test,0
test_728.jpg,test,0
test_729.jpg,test,1
test_730.jpg,test,0
test_731.jpg,test,1
test_732.jpg,test,0
test_733.jpg,test,0
test_734.jpg,test,1
test_735.jpg,test,0
test_736.jpg,test,0
test_737.jpg,test,0
test_738.jpg,test,0
test_739.jpg,test,0
test_740.jpg,test,1
test_741.jpg,test,0
test_742.jpg,test,0
test_743.jpg,test,1
test_744.jpg,test,1
test_745.jpg,test,1
test_746.jpg,test,0
test_747.jpg,test,0
test_748.jpg,test,1
test_749.jpg,test,0
test_750.jpg,test,1
test_751.jpg,test,1
test_752.jpg,test,1
test_753.jpg,test,1
test_754.jpg,test,0
test_755.jpg,test,1
test_756.jpg,test,1
test_757.jpg,test,1
test_758.jpg,test,0
test_759.jpg,test,1
test_760.jpg,test,0
test_761.jpg,test,0
test_762.jpg,test,0
test_763.jpg,test,1
test_764.jpg,test,1
test_765.jpg,test,1
test_766.jpg,test,1
test_767.jpg,test,0
test_768.jpg,test,1
test_769.jpg,test,0
test_770.jpg,test,1
test_771.jpg,test,1
test_772.jpg,test,0
test_773.jpg,test,1
test_774.jpg,test,0
test_775.jpg,test,1
test_776.jpg,test,1
test_777.jpg,test,0
test_778.jpg,test,0
test_779.jpg,test,0
test_780.jpg,test,0
test_781.jpg,test,1
test_782.jpg,test,0
test_783.jpg,test,0
test_784.jpg,test,0
test_785.jpg,test,1
test_786.jpg,test,0
test_787.jpg,test,0
test_788.jpg,test,1
test_789.jpg,test,0
test_790.jpg,test,0
test_791.jpg,test,0
test_792.jpg,test,1
test_793.jpg,test,1
test_794.jpg,test,0
test_795.jpg,test,0
test_796.jpg,test,0
test_797.jpg,test,0
test_798.jpg,test,1
test_799.jpg,test,0
test_800.jpg,test,0
test_801.jpg,test,0
test_802.jpg,test,1
test_803.jpg,test,1
test_804.jpg,test,0
test_805.jpg,test,0
test_806.jpg,test,0
test_807.jpg,test,1
test_808.jpg,test,0
test_809.jpg,test,1
test_810.jpg,test,1
test_811.jpg,test,1
test_812.jpg,test,0
test_813.jpg,test,1
test_814.jpg,test,0
test_815.jpg,test,0
test_816.jpg,test,1
test_817.jpg,test,1
test_818.jpg,test,1
test_819.jpg,test,0
test_820.jpg,test,0
test_821.jpg,test,1
test_822.jpg,test,0
test_823.jpg,test,1
test_824.jpg,test,0
test_825.jpg,test,1
test_826.jpg,test,1
test_827.jpg,test,1
test_828.jpg,test,0
test_829.jpg,test,1
test_830.jpg,test,0
test_831.jpg,test,0
test_832.jpg,test,0
test_833.jpg,test,1
test_834.jpg,test,0
test_835.jpg,test,1
test_836.jpg,test,1
test_837.jpg,test,0
test_838.jpg,test,1
test_839.jpg,test,1
test_840.jpg,test,0
test_841.jpg,test,1
test_842.jpg,test,1
test_843.jpg,test,1
test_844.jpg,test,1
test_845.jpg,test,1
test_846.jpg,test,1
test_847.jpg,test,0
test_848.jpg,test,0
test_849.jpg,test,0
test_850.jpg,test,1
test_851.jpg,test,0
test_852.jpg,test,0
test_853.jpg,test,0
test_854.jpg,test,0
test_855.jpg,test,1
test_856.jpg,test,1
test_857.jpg,test,0
test_858.jpg,test,0
test_859.jpg,test,0
test_860.jpg,test,0
test_861.jpg,test,1
test_862.jpg,test,1
test_863.jpg,test,0
test_864.jpg,test,0
test_865.jpg,test,1
test_866.jpg,test,1
test_867.jpg,test,1
test_868.jpg,test,1
test_869.jpg,test,1
test_870.jpg,test,0
test_871.jpg,test,1
test_872.jpg,test,0
test_873.jpg,test,1
test_874.jpg,test,1
test_875.jpg,test,0
test_876.jpg,test,0
test_877.jpg,test,0
test_878.jpg,test,1
test_879.jpg,test,1
test_880.jpg,test,0
test_881.jpg,test,0
test_882.jpg,test,1
test_883.jpg,test,1
test_884.jpg,test,1
test_885.jpg,test,1
test_886.jpg,test,1
test_887.jpg,test,1
test_888.jpg,test,0
test_889.jpg,test,1
test_890.jpg,test,0
test_891.jpg,test,0
test_892.jpg,test,1
test_893.jpg,test,0
test_894.jpg,test,1
test_895.jpg,test,1
test_896.jpg,test,0
test_897.jpg,test,0
test_898.jpg,test,1
test_899.jpg,test,0
test_900.jpg,test,1
test_901.jpg,test,0
test_902.jpg,test,0
test_903.jpg,test,1
test_904.jpg,test,0
test_905.jpg,test,0
test_906.jpg,test,1
test_907.jpg,test,1
test_908.jpg,test,0
test_909.jpg,test,0
test_910.jpg,test,1
test_911.jpg,test,0
test_912.jpg,test,0
test_913.jpg,test,0
test_914.jpg,test,1
test_915.jpg,test,0
test_916.jpg,test,1
test_917.jpg,test,0
test_918.jpg,test,0
test_919.jpg,test,1
test_920.jpg,test,1
test_921.jpg,test,0
test_922.jpg,test,0
test_923.jpg,test,0
test_924.jpg,test,0
test_925.jpg,test,1
test_926.jpg,test,1
test_927.jpg,test,0
test_928.jpg,test,0
test_929.jpg,test,0
test_930.jpg,test,1
test_931.jpg,test,0
test_932.jpg,test,0
test_933.jpg,test,0
test_934.jpg,test,1
test_935.jpg,test,1
test_936.jpg,test,1
test_937.jpg,test,1
test_938.jpg,test,1
test_939.jpg,test,1
test_940.jpg,test,1
test_941.jpg,test,0
test_942.jpg,test,1
test_943.jpg,test,0
test_944.jpg,test,0
test_945.jpg,test,0
test_946.jpg,test,0
test_947.jpg,test,0
test_948.jpg,test,1
test_949.jpg,test,0
test_950.jpg,test,0
test_951.jpg,test,1
test_952.jpg,test,1
test_953.jpg,test,0
test_954.jpg,test,0
test_955.jpg,test,0
test_956.jpg,test,1
test_957.jpg,test,0
test_958.jpg,test,0
test_959.jpg,test,0
test_960.jpg,test,1
test_961.jpg,test,1
test_962.jpg,test,1
test_963.jpg,test,0
test_964.jpg,test,1
test_965.jpg,test,0
test_966.jpg,test,1
test_967.jpg,test,0
test_968.jpg,test,1
test_969.jpg,test,1
test_970.jpg,test,1
test_971.jpg,test,0
test_972.jpg,test,1
test_973.jpg,test,0
test_974.jpg,test,1
test_975.jpg,test,0
test_976.jpg,test,1
test_977.jpg,test,0
test_978.jpg,test,1
test_979.jpg,test,0
test_980.jpg,test,0
test_981.jpg,test,0
test_982.jpg,test,1
test_983.jpg,test,1
test_984.jpg,test,0
test_985.jpg,test,0
test_986.jpg,test,0
test_987.jpg,test,0
test_988.jpg,test,1
test_989.jpg,test,0
test_990.jpg,test,1
test_991.jpg,test,1
test_992.jpg,test,0
test_993.jpg,test,0
test_994.jpg,test,1
test_995.jpg,test,0
test_996.jpg,test,1
test_997.jpg,test,0
test_998.jpg,test,1
test_999.jpg,test,1
test_1000.jpg,test,0
test_1001.jpg,test,0
test_1002.jpg,test,1
test_1003.jpg,test,0
test_1004.jpg,test,1
test_1005.jpg,test,0
test_1006.jpg,test,0
test_1007.jpg,test,0
test_1008.jpg,test,1
test_1009.jpg,test,0
test_1010.jpg,test,0
test_1011.jpg,test,0
test_1012.jpg,test,1
test_1013.jpg,test,0
test_1014.jpg,test,1
test_1015.jpg,test,1
test_1016.jpg,test,1
test_1017.jpg,test,0
test_1018.jpg,test,0
test_1019.jpg,test,0
test_1020.jpg,test,1
test_1021.jpg,test,0
test_1022.jpg,test,1
test_1023.jpg,test,0
test_1024.jpg,test,0
test_1025.jpg,test,0
test_1026.jpg,test,1
test_1027.jpg,test,0
test_1028.jpg,test,1
test_1029.jpg,test,1
test_1030.jpg,test,0
test_1031.jpg,test,1
test_1032.jpg,test,1
test_1033.jpg,test,0
test_1034.jpg,test,1
test_1035.jpg,test,0
test_1036.jpg,test,0
test_1037.jpg,test,1
test_1038.jpg,test,0
test_1039.jpg,test,0
test_1040.jpg,test,1
test_1041.jpg,test,1
test_1042.jpg,test,0
test_1043.jpg,test,0
test_1044.jpg,test,0
test_1045.jpg,test,0
test_1046.jpg,test,0
test_1047.jpg,test,1
test_1048.jpg,test,1
test_1049.jpg,test,0
test_1050.jpg,test,0
test_1051.jpg,test,0
test_1052.jpg,test,0
test_1053.jpg,test,1
test_1054.jpg,test,1
test_1055.jpg,test,0
test_1056.jpg,test,1
test_1057.jpg,test,1
test_1058.jpg,test,0
test_1059.jpg,test,0
test_1060.jpg,test,1
test_1061.jpg,test,1
test_1062.jpg,test,1
test_1063.jpg,test,0
test_1064.jpg,test,1
test_1065.jpg,test,0
test_1066.jpg,test,0
test_1067.jpg,test,0
test_1068.jpg,test,0
test_1069.jpg,test,0
test_1070.jpg,test,1
test_1071.jpg,test,0
test_1072.jpg,test,0
test_1073.jpg,test,0
test_1074.jpg,test,1
test_1075.jpg,test,1
test_1076.jpg,test,0
test_1077.jpg,test,1
test_1078.jpg,test,0
test_1079.jpg,test,1
test_1080.jpg,test,0
test_1081.jpg,test,1
test_1082.jpg,test,0
test_1083.jpg,test,1
test_1084.jpg,test,1
test_1085.jpg,test,1
test_1086.jpg,test,1
test_1087.jpg,test,0
test_1088.jpg,test,0
test_1089.jpg,test,1
test_1090.jpg,test,0
test_1091.jpg,test,0
test_1092.jpg,test,1
test_1093.jpg,test,1
test_1094.jpg,test,0
test_1095.jpg,test,0
test_1096.jpg,test,0
test_1097.jpg,test,1
test_1098.jpg,test,0
test_1099.jpg,test,1
test_1100.jpg,test,0
test_1101.jpg,test,0
test_1102.jpg,test,0
test_1103.jpg,test,1
test_1104.jpg,test,0
test_1105.jpg,test,1
test_1106.jpg,test,0
test_1107.jpg,test,1
test_1108.jpg,test,0
test_1109.jpg,test,1
test_1110.jpg,test,0
test_1111.jpg,test,1
test_1112.jpg,test,1
test_1113.jpg,test,1
test_1114.jpg,test,0
test_1115.jpg,test,0
test_1116.jpg,test,0
test_1117.jpg,test,1
test_1118.jpg,test,1
test_1119.jpg,test,1
test_1120.jpg,test,1
test_1121.jpg,test,1
test_1122.jpg,test,1
test_1123.jpg,test,1
test_1124.jpg,test,0
test_1125.jpg,test,0
test_1126.jpg,test,0
test_1127.jpg,test,0
test_1128.jpg,test,1
test_1129.jpg,test,0
test_1130.jpg,test,0
test_1131.jpg,test,0
test_1132.jpg,test,1
test_1133.jpg,test,1
test_1134.jpg,test,1
test_1135.jpg,test,0
test_1136.jpg,test,1
test_1137.jpg,test,0
test_1138.jpg,test,1
test_1139.jpg,test,0
test_1140.jpg,test,0
test_1141.jpg,test,1
test_1142.jpg,test,0
test_1143.jpg,test,0
test_1144.jpg,test,1
test_1145.jpg,test,1
test_1146.jpg,test,0
test_1147.jpg,test,1
test_1148.jpg,test,0
test_1149.jpg,test,1
test_1150.jpg,test,1
test_1151.jpg,test,1
test_1152.jpg,test,0
test_1153.jpg,test,0
test_1154.jpg,test,0
test_1155.jpg,test,1
test_1156.jpg,test,1
test_1157.jpg,test,1
test_1158.jpg,test,1
test_1159.jpg,test,0
test_1160.jpg,test,1
test_1161.jpg,test,1
test_1162.jpg,test,0
test_1163.jpg,test,1
test_1164.jpg,test,0
test_1165.jpg,test,0
test_1166.jpg,test,1
test_1167.jpg,test,0
test_1168.jpg,test,1
test_1169.jpg,test,0
test_1170.jpg,test,0
test_1171.jpg,test,1
test_1172.jpg,test,0
test_1173.jpg,test,0
test_1174.jpg,test,0
test_1175.jpg,test,1
test_1176.jpg,test,0
test_1177.jpg,test,1
test_1178.jpg,test,0
test_1179.jpg,test,1
test_1180.jpg,test,0
test_1181.jpg,test,1
test_1182.jpg,test,0
test_1183.jpg,test,0
test_1184.jpg,test,0
test_1185.jpg,test,1
test_1186.jpg,test,0
test_1187.jpg,test,1
test_1188.jpg,test,0
test_1189.jpg,test,0
test_1190.jpg,test,1
test_1191.jpg,test,1
test_1192.jpg,test,1
test_1193.jpg,test,1
test_1194.jpg,test,0
test_1195.jpg,test,1
test_1196.jpg,test,0
test_1197.jpg,test,1
test_1198.jpg,test,1
test_1199.jpg,test,0
test_1200.jpg,test,1
test_1201.jpg,test,0
test_1202.jpg,test,1
test_1203.jpg,test,0
test_1204.jpg,test,0
test_1205.jpg,test,0
test_1206.jpg,test,1
test_1207.jpg,test,0
test_1208.jpg,test,1
test_1209.jpg,test,1
test_1210.jpg,test,1
test_1211.jpg,test,1
test_1212.jpg,test,1
test_1213.jpg,test,0
test_1214.jpg,test,1
test_1215.jpg,test,1
test_1216.jpg,test,0
test_1217.jpg,test,0
test_1218.jpg,test,1
test_1219.jpg,test,0
test_1220.jpg,test,0
test_1221.jpg,test,0
test_1222.jpg,test,0
test_1223.jpg,test,0
test_1224.jpg,test,0
test_1225.jpg,test,0
test_1226.jpg,test,1
test_1227.jpg,test,1
test_1228.jpg,test,0
test_1229.jpg,test,0
test_1230.jpg,test,0
test_1231.jpg,test,0
test_1232.jpg,test,1
test_1233.jpg,test,1
test_1234.jpg,test,0
test_1235.jpg,test,1
test_1236.jpg,test,0
test_1237.jpg,test,1
test_1238.jpg,test,0
test_1239.jpg,test,0
test_1240.jpg,test,0
test_1241.jpg,test,0
test_1242.jpg,test,1
test_1243.jpg,test,1
test_1244.jpg,test,1
test_1245.jpg,test,0
test_1246.jpg,test,0
test_1247.jpg,test,0
test_1248.jpg,test,0
test_1249.jpg,test,0
test_1250.jpg,test,1
test_1251.jpg,test,0
test_1252.jpg,test,0
test_1253.jpg,test,1
test_1254.jpg,test,1
test_1255.jpg,test,0
test_1256.jpg,test,1
test_1257.jpg,test,1
test_1258.jpg,test,1
test_1259.jpg,test,1
test_1260.jpg,test,0
test_1261.jpg,test,0
test_1262.jpg,test,0
test_1263.jpg,test,1
test_1264.jpg,test,1
test_1265.jpg,test,0
test_1266.jpg,test,0
test_1267.jpg,test,0
test_1268.jpg,test,0
test_1269.jpg,test,0
test_1270.jpg,test,1
test_1271.jpg,test,1
test_1272.jpg,test,0
test_1273.jpg,test,0
test_1274.jpg,test,0
test_1275.jpg,test,1
test_1276.jpg,test,0
test_1277.jpg,test,1
test_1278.jpg,test,1
test_1279.jpg,test,1
test_1280.jpg,test,1
test_1281.jpg,test,0
test_1282.jpg,test,0
test_1283.jpg,test,0
test_1284.jpg,test,1
test_1285.jpg,test,1
test_1286.jpg,test,1
test_1287.jpg,test,1
test_1288.jpg,test,1
test_1289.jpg,test,0
test_1290.jpg,test,0
test_1291.jpg,test,0
test_1292.jpg,test,0
test_1293.jpg,test,0
test_1294.jpg,test,0
test_1295.jpg,test,0
test_1296.jpg,test,0
test_1297.jpg,test,1
test_1298.jpg,test,1
test_1299.jpg,test,1
test_1300.jpg,test,1
test_1301.jpg,test,1
test_1302.jpg,test,0
test_1303.jpg,test,1
test_1304.jpg,test,0
test_1305.jpg,test,0
test_1306.jpg,test,1
test_1307.jpg,test,1
test_1308.jpg,test,1
test_1309.jpg,test,1
test_1310.jpg,test,0
test_1311.jpg,test,0
test_1312.jpg,test,0
test_1313.jpg,test,1
test_1314.jpg,test,1
test_1315.jpg,test,0
test_1316.jpg,test,0
test_1317.jpg,test,1
test_1318.jpg,test,0
test_1319.jpg,test,1
test_1320.jpg,test,1
test_1321.jpg,test,1
test_1322.jpg,test,1
test_1323.jpg,test,0
test_1324.jpg,test,1
test_1325.jpg,test,0
test_1326.jpg,test,0
test_1327.jpg,test,0
test_1328.jpg,test,1
test_1329.jpg,test,1
test_1330.jpg,test,0
test_1331.jpg,test,0
test_1332.jpg,test,0
test_1333.jpg,test,0
test_1334.jpg,test,1
test_1335.jpg,test,0
test_1336.jpg,test,0
test_1337.jpg,test,0
test_1338.jpg,test,0
test_1339.jpg,test,1
test_1340.jpg,test,1
test_1341.jpg,test,0
test_1342.jpg,test,0
test_1343.jpg,test,0
test_1344.jpg,test,1
test_1345.jpg,test,1
test_1346.jpg,test,0
test_1347.jpg,test,0
test_1348.jpg,test,1
test_1349.jpg,test,1
test_1350.jpg,test,1
test_1351.jpg,test,1
test_1352.jpg,test,0
test_1353.jpg,test,1
test_1354.jpg,test,0
test_1355.jpg,test,0
test_1356.jpg,test,1
test_1357.jpg,test,1
test_1358.jpg,test,0
test_1359.jpg,test,1
test_1360.jpg,test,1
test_1361.jpg,test,0
test_1362.jpg,test,0
test_1363.jpg,test,0
test_1364.jpg,test,1
test_1365.jpg,test,0
test_1366.jpg,test,0
test_1367.jpg,test,1
test_1368.jpg,test,0
test_1369.jpg,test,0
test_1370.jpg,test,1
test_1371.jpg,test,0
test_1372.jpg,test,0
test_1373.jpg,test,0
test_1374.jpg,test,0
test_1375.jpg,test,1
test_1376.jpg,test,1
test_1377.jpg,test,0
test_1378.jpg,test,0
test_1379.jpg,test,1
test_1380.jpg,test,0
test_1381.jpg,test,0
test_1382.jpg,test,1
test_1383.jpg,test,1
test_1384.jpg,test,0
test_1385.jpg,test,0
test_1386.jpg,test,1
test_1387.jpg,test,1
test_1388.jpg,test,0
test_1389.jpg,test,0
test_1390.jpg,test,0
test_1391.jpg,test,0
test_1392.jpg,test,0
test_1393.jpg,test,1
test_1394.jpg,test,1
test_1395.jpg,test,0
test_1396.jpg,test,1
test_1397.jpg,test,0
test_1398.jpg,test,0
test_1399.jpg,test,1
test_1400.jpg,test,1
test_1401.jpg,test,0
test_1402.jpg,test,0
test_1403.jpg,test,0
test_1404.jpg,test,0
test_1405.jpg,test,1
test_1406.jpg,test,0
test_1407.jpg,test,0
test_1408.jpg,test,0
test_1409.jpg,test,1
test_1410.jpg,test,0
test_1411.jpg,test,1
test_1412.jpg,test,0
test_1413.jpg,test,0
test_1414.jpg,test,0
test_1415.jpg,test,0
test_1416.jpg,test,1
test_1417.jpg,test,1
test_1418.jpg,test,0
test_1419.jpg,test,0
test_1420.jpg,test,1
test_1421.jpg,test,0
test_1422.jpg,test,0
test_1423.jpg,test,1
test_1424.jpg,test,0
test_1425.jpg,test,0
test_1426.jpg,test,1
test_1427.jpg,test,0
test_1428.jpg,test,1
test_1429.jpg,test,1
test_1430.jpg,test,0
test_1431.jpg,test,1
test_1432.jpg,test,1
test_1433.jpg,test,0
test_1434.jpg,test,1
test_1435.jpg,test,1
test_1436.jpg,test,0
test_1437.jpg,test,0
test_1438.jpg,test,1
test_1439.jpg,test,1
test_1440.jpg,test,0
test_1441.jpg,test,0
test_1442.jpg,test,1
test_1443.jpg,test,0
test_1444.jpg,test,0
test_1445.jpg,test,1
test_1446.jpg,test,0
test_1447.jpg,test,0
test_1448.jpg,test,0
test_1449.jpg,test,1
test_1450.jpg,test,1
test_1451.jpg,test,1
test_1452.jpg,test,1
test_1453.jpg,test,1
test_1454.jpg,test,1
test_1455.jpg,test,1
test_1456.jpg,test,1
test_1457.jpg,test,1
test_1458.jpg,test,1
test_1459.jpg,test,1
test_1460.jpg,test,0
test_1461.jpg,test,1
test_1462.jpg,test,1
test_1463.jpg,test,1
test_1464.jpg,test,1
test_1465.jpg,test,0
test_1466.jpg,test,0
test_1467.jpg,test,0
test_1468.jpg,test,1
test_1469.jpg,test,1
test_1470.jpg,test,1
test_1471.jpg,test,1
test_1472.jpg,test,0
test_1473.jpg,test,1
test_1474.jpg,test,1
test_1475.jpg,test,1
test_1476.jpg,test,1
test_1477.jpg,test,0
test_1478.jpg,test,0
test_1479.jpg,test,1
test_1480.jpg,test,0
test_1481.jpg,test,0
test_1482.jpg,test,0
test_1483.jpg,test,0
test_1484.jpg,test,0
test_1485.jpg,test,0
test_1486.jpg,test,0
test_1487.jpg,test,1
test_1488.jpg,test,1
test_1489.jpg,test,0
test_1490.jpg,test,1
test_1491.jpg,test,1
test_1492.jpg,test,0
test_1493.jpg,test,0
test_1494.jpg,test,0
test_1495.jpg,test,0
test_1496.jpg,test,1
test_1497.jpg,test,1
test_1498.jpg,test,1
test_1499.jpg,test,1
test_1500.jpg,test,0
test_1501.jpg,test,1
test_1502.jpg,test,1
test_1503.jpg,test,0
test_1504.jpg,test,1
test_1505.jpg,test,0
test_1506.jpg,test,0
test_1507.jpg,test,0
test_1508.jpg,test,0
test_1509.jpg,test,1
test_1510.jpg,test,1
test_1511.jpg,test,1
test_1512.jpg,test,0
test_1513.jpg,test,0
test_1514.jpg,test,0
test_1515.jpg,test,0
test_1516.jpg,test,0
test_1517.jpg,test,1
test_1518.jpg,test,0
test_1519.jpg,test,0
test_1520.jpg,test,1
test_1521.jpg,test,1
test_1522.jpg,test,0
test_1523.jpg,test,1
test_1524.jpg,test,1
test_1525.jpg,test,1
test_1526.jpg,test,0
test_1527.jpg,test,0
test_1528.jpg,test,1
test_1529.jpg,test,0
test_1530.jpg,test,0
test_1531.jpg,test,0
test_1532.jpg,test,1
test_1533.jpg,test,0
test_1534.jpg,test,1
test_1535.jpg,test,0
test_1536.jpg,test,0
test_1537.jpg,test,1
test_1538.jpg,test,1
test_1539.jpg,test,0
test_1540.jpg,test,0
test_1541.jpg,test,0
test_1542.jpg,test,0
test_1543.jpg,test,1
test_1544.jpg,test,1
test_1545.jpg,test,1
test_1546.jpg,test,1
test_1547.jpg,test,1
test_1548.jpg,test,1
test_1549.jpg,test,1
test_1550.jpg,test,0
test_1551.jpg,test,1
test_1552.jpg,test,0
test_1553.jpg,test,1
test_1554.jpg,test,1
test_1555.jpg,test,0
test_1556.jpg,test,0
test_1557.jpg,test,1
test_1558.jpg,test,1
test_1559.jpg,test,0
test_1560.jpg,test,1
test_1561.jpg,test,0
test_1562.jpg,test,1
test_1563.jpg,test,0
test_1564.jpg,test,1
test_1565.jpg,test,1
test_1566.jpg,test,1
test_1567.jpg,test,0
test_1568.jpg,test,0
test_1569.jpg,test,1
test_1570.jpg,test,0
test_1571.jpg,test,1
test_1572.jpg,test,1
test_1573.jpg,test,0
test_1574.jpg,test,1
test_1575.jpg,test,1
test_1576.jpg,test,0
test_1577.jpg,test,0
test_1578.jpg,test,0
test_1579.jpg,test,0
test_1580.jpg,test,1
test_1581.jpg,test,0
test_1582.jpg,test,1
test_1583.jpg,test,1
test_1584.jpg,test,1
test_1585.jpg,test,1
test_1586.jpg,test,1
test_1587.jpg,test,1
test_1588.jpg,test,1
test_1589.jpg,test,1
test_1590.jpg,test,1
test_1591.jpg,test,1
test_1592.jpg,test,1
test_1593.jpg,test,0
test_1594.jpg,test,1
test_1595.jpg,test,1
test_1596.jpg,test,0
test_1597.jpg,test,1
test_1598.jpg,test,0
test_1599.jpg,test,0
test_1600.jpg,test,0
test_1601.jpg,test,0
test_1602.jpg,test,0
test_1603.jpg,test,0
test_1604.jpg,test,1
test_1605.jpg,test,0
test_1606.jpg,test,1
test_1607.jpg,test,1
test_1608.jpg,test,1
test_1609.jpg,test,1
test_1610.jpg,test,0
test_1611.jpg,test,0
test_1612.jpg,test,1
test_1613.jpg,test,0
test_1614.jpg,test,1
test_1615.jpg,test,0
test_1616.jpg,test,0
test_1617.jpg,test,1
test_1618.jpg,test,0
test_1619.jpg,test,1
test_1620.jpg,test,1
test_1621.jpg,test,0
test_1622.jpg,test,1
test_1623.jpg,test,0
test_1624.jpg,test,0
test_1625.jpg,test,1
test_1626.jpg,test,0
test_1627.jpg,test,0
test_1628.jpg,test,1
test_1629.jpg,test,1
test_1630.jpg,test,1
test_1631.jpg,test,1
test_1632.jpg,test,1
test_1633.jpg,test,0
test_1634.jpg,test,1
test_1635.jpg,test,1
test_1636.jpg,test,0
test_1637.jpg,test,1
test_1638.jpg,test,1
test_1639.jpg,test,1
test_1640.jpg,test,0
test_1641.jpg,test,1
test_1642.jpg,test,1
test_1643.jpg,test,1
test_1644.jpg,test,1
test_1645.jpg,test,0
test_1646.jpg,test,1
test_1647.jpg,test,0
test_1648.jpg,test,1
test_1649.jpg,test,0
test_1650.jpg,test,1
test_1651.jpg,test,1
test_1652.jpg,test,0
test_1653.jpg,test,1
test_1654.jpg,test,1
test_1655.jpg,test,1
test_1656.jpg,test,1
test_1657.jpg,test,0
test_1658.jpg,test,0
test_1659.jpg,test,1
test_1660.jpg,test,0
test_1661.jpg,test,0
test_1662.jpg,test,1
test_1663.jpg,test,1
test_1664.jpg,test,1
test_1665.jpg,test,0
test_1666.jpg,test,0
test_1667.jpg,test,1
test_1668.jpg,test,0
test_1669.jpg,test,0
test_1670.jpg,test,0
test_1671.jpg,test,0
test_1672.jpg,test,1
test_1673.jpg,test,0
test_1674.jpg,test,1
test_1675.jpg,test,1
test_1676.jpg,test,1
test_1677.jpg,test,0
test_1678.jpg,test,1
test_1679.jpg,test,1
test_1680.jpg,test,1
test_1681.jpg,test,1
test_1682.jpg,test,1
test_1683.jpg,test,1
test_1684.jpg,test,1
test_1685.jpg,test,1
test_1686.jpg,test,1
test_1687.jpg,test,1
test_1688.jpg,test,1
test_1689.jpg,test,1
test_1690.jpg,test,0
test_1691.jpg,test,1
test_1692.jpg,test,0
test_1693.jpg,test,0
test_1694.jpg,test,0
test_1695.jpg,test,0
test_1696.jpg,test,1
test_1697.jpg,test,1
test_1698.jpg,test,0
test_1699.jpg,test,0
test_1700.jpg,test,1
test_1701.jpg,test,0
test_1702.jpg,test,0
test_1703.jpg,test,1
test_1704.jpg,test,0
test_1705.jpg,test,1
test_1706.jpg,test,1
test_1707.jpg,test,0
test_1708.jpg,test,0
test_1709.jpg,test,0
test_1710.jpg,test,0
test_1711.jpg,test,1
test_1712.jpg,test,0
test_1713.jpg,test,0
test_1714.jpg,test,1
test_1715.jpg,test,0
test_1716.jpg,test,0
test_1717.jpg,test,0
test_1718.jpg,test,0
test_1719.jpg,test,0
test_1720.jpg,test,1
test_1721.jpg,test,0
test_1722.jpg,test,0
test_1723.jpg,test,0
test_1724.jpg,test,1
test_1725.jpg,test,1
test_1726.jpg,test,1
test_1727.jpg,test,1
test_1728.jpg,test,0
test_1729.jpg,test,0
test_1730.jpg,test,1
test_1731.jpg,test,1
test_1732.jpg,test,1
test_1733.jpg,test,0
test_1734.jpg,test,1
test_1735.jpg,test,0
test_1736.jpg,test,0
test_1737.jpg,test,1
test_1738.jpg,test,0
test_1739.jpg,test,0
test_1740.jpg,test,0
test_1741.jpg,test,0
test_1742.jpg,test,0
test_1743.jpg,test,0
test_1744.jpg,test,0
test_1745.jpg,test,0
test_1746.jpg,test,0
test_1747.jpg,test,1
test_1748.jpg,test,0
test_1749.jpg,test,0
test_1750.jpg,test,1
test_1751.jpg,test,0
test_1752.jpg,test,0
test_1753.jpg,test,1
test_1754.jpg,test,1
test_1755.jpg,test,0
test_1756.jpg,test,0
test_1757.jpg,test,1
test_1758.jpg,test,1
test_1759.jpg,test,1
test_1760.jpg,test,1
test_1761.jpg,test,1
test_1762.jpg,test,1
test_1763.jpg,test,1
test_1764.jpg,test,1
test_1765.jpg,test,1
test_1766.jpg,test,0
test_1767.jpg,test,0
test_1768.jpg,test,0
test_1769.jpg,test,1
test_1770.jpg,test,1
test_1771.jpg,test,1
test_1772.jpg,test,1
test_1773.jpg,test,1
test_1774.jpg,test,1
test_1775.jpg,test,1
test_1776.jpg,test,0
test_1777.jpg,test,1
test_1778.jpg,test,0
test_1779.jpg,test,0
test_1780.jpg,test,0
test_1781.jpg,test,1
test_1782.jpg,test,0
test_1783.jpg,test,0
test_1784.jpg,test,0
test_1785.jpg,test,0
test_1786.jpg,test,0
test_1787.jpg,test,0
test_1788.jpg,test,1
test_1789.jpg,test,0
test_1790.jpg,test,0
test_1791.jpg,test,1
test_1792.jpg,test,0
test_1793.jpg,test,0
test_1794.jpg,test,1
test_1795.jpg,test,1
test_1796.jpg,test,0
test_1797.jpg,test,1
test_1798.jpg,test,1
test_1799.jpg,test,1
test_1800.jpg,test,1
test_1801.jpg,test,0
test_1802.jpg,test,1
test_1803.jpg,test,1
test_1804.jpg,test,0
test_1805.jpg,test,1
test_1806.jpg,test,0
test_1807.jpg,test,0
test_1808.jpg,test,0
test_1809.jpg,test,0
test_1810.jpg,test,0
test_1811.jpg,test,0
test_1812.jpg,test,0
test_1813.jpg,test,1
test_1814.jpg,test,0
test_1815.jpg,test,1
test_1816.jpg,test,0
test_1817.jpg,test,0
test_1818.jpg,test,1
test_1819.jpg,test,0
test_1820.jpg,test,1
test_1821.jpg,test,1
test_1822.jpg,test,1
test_1823.jpg,test,0
test_1824.jpg,test,0
test_1825.jpg,test,0
test_1826.jpg,test,0
test_1827.jpg,test,0
test_1828.jpg,test,1
test_1829.jpg,test,1
test_1830.jpg,test,1
test_1831.jpg,test,0
test_1832.jpg,test,0
test_1833.jpg,test,1
test_1834.jpg,test,0
test_1835.jpg,test,0
test_1836.jpg,test,0
test_1837.jpg,test,1
test_1838.jpg,test,0
test_1839.jpg,test,1
test_1840.jpg,test,1
test_1841.jpg,test,0
test_1842.jpg,test,0
test_1843.jpg,test,0
test_1844.jpg,test,0
test_1845.jpg,test,0
test_1846.jpg,test,0
test_1847.jpg,test,1
test_1848.jpg,test,0
test_1849.jpg,test,0
test_1850.jpg,test,1
test_1851.jpg,test,1
test_1852.jpg,test,0
test_1853.jpg,test,0
test_1854.jpg,test,1
test_1855.jpg,test,1
test_1856.jpg,test,1
test_1857.jpg,test,1
test_1858.jpg,test,1
test_1859.jpg,test,1
test_1860.jpg,test,1
test_1861.jpg,test,1
test_1862.jpg,test,0
test_1863.jpg,test,1
test_1864.jpg,test,1
test_1865.jpg,test,0
test_1866.jpg,test,0
test_1867.jpg,test,1
test_1868.jpg,test,0
test_1869.jpg,test,0
test_1870.jpg,test,1
test_1871.jpg,test,0
test_1872.jpg,test,1
test_1873.jpg,test,1
test_1874.jpg,test,0
test_1875.jpg,test,1
test_1876.jpg,test,1
test_1877.jpg,test,0
test_1878.jpg,test,0
test_1879.jpg,test,1
test_1880.jpg,test,0
test_1881.jpg,test,1
test_1882.jpg,test,1
test_1883.jpg,test,1
test_1884.jpg,test,0
test_1885.jpg,test,0
test_1886.jpg,test,0
test_1887.jpg,test,1
test_1888.jpg,test,0
test_1889.jpg,test,0
test_1890.jpg,test,1
test_1891.jpg,test,1
test_1892.jpg,test,1
test_1893.jpg,test,0
test_1894.jpg,test,0
test_1895.jpg,test,1
test_1896.jpg,test,0
test_1897.jpg,test,1
test_1898.jpg,test,0
test_1899.jpg,test,0
test_1900.jpg,test,1
test_1901.jpg,test,1
test_1902.jpg,test,0
test_1903.jpg,test,0
test_1904.jpg,test,1
test_1905.jpg,test,0
test_1906.jpg,test,1
test_1907.jpg,test,1
test_1908.jpg,test,1
test_1909.jpg,test,0
test_1910.jpg,test,1
test_1911.jpg,test,1
test_1912.jpg,test,0
test_1913.jpg,test,1
test_1914.jpg,test,0
test_1915.jpg,test,1
test_1916.jpg,test,1
test_1917.jpg,test,1
test_1918.jpg,test,0
test_1919.jpg,test,1
test_1920.jpg,test,0
test_1921.jpg,test,0
test_1922.jpg,test,1
test_1923.jpg,test,1
test_1924.jpg,test,1
test_1925.jpg,test,0
test_1926.jpg,test,0
test_1927.jpg,test,1
test_1928.jpg,test,1
test_1929.jpg,test,1
test_1930.jpg,test,0
test_1931.jpg,test,1
test_1932.jpg,test,0
test_1933.jpg,test,1
test_1934.jpg,test,0
test_1935.jpg,test,1
test_1936.jpg,test,0
test_1937.jpg,test,1
test_1938.jpg,test,1
test_1939.jpg,test,0
test_1940.jpg,test,1
test_1941.jpg,test,1
test_1942.jpg,test,1
test_1943.jpg,test,1
test_1944.jpg,test,1
test_1945.jpg,test,0
test_1946.jpg,test,1
test_1947.jpg,test,0
test_1948.jpg,test,1
test_1949.jpg,test,0
test_1950.jpg,test,1
test_1951.jpg,test,0
test_1952.jpg,test,1
test_1953.jpg,test,0
test_1954.jpg,test,1
test_1955.jpg,test,1
test_1956.jpg,test,0
test_1957.jpg,test,1
test_1958.jpg,test,0
test_1959.jpg,test,1
test_1960.jpg,test,1
test_1961.jpg,test,1
test_1962.jpg,test,1
test_1963.jpg,test,0
test_1964.jpg,test,1
test_1965.jpg,test,1
test_1966.jpg,test,1
test_1967.jpg,test,1
test_1968.jpg,test,0
test_1969.jpg,test,0
test_1970.jpg,test,1
test_1971.jpg,test,0
test_1972.jpg,test,1
test_1973.jpg,test,0
test_1974.jpg,test,0
test_1975.jpg,test,0
test_1976.jpg,test,1
test_1977.jpg,test,1
test_1978.jpg,test,0
test_1979.jpg,test,1
test_1980.jpg,test,0
test_1981.jpg,test,0
test_1982.jpg,test,0
test_1983.jpg,test,0
test_1984.jpg,test,1
test_1985.jpg,test,0
test_1986.jpg,test,0
test_1987.jpg,test,1
test_1988.jpg,test,1
test_1989.jpg,test,0
test_1990.jpg,test,1
test_1991.jpg,test,0
test_1992.jpg,test,0
test_1993.jpg,test,0
test_1994.jpg,test,0
test_1995.jpg,test,1
test_1996.jpg,test,1
test_1997.jpg,test,0
test_1998.jpg,test,0
test_1999.jpg,test,0
test_2000.jpg,test,0
test_2001.jpg,test,1
test_2002.jpg,test,1
test_2003.jpg,test,1
test_2004.jpg,test,0
test_2005.jpg,test,0
test_2006.jpg,test,0
test_2007.jpg,test,1
test_2008.jpg,test,1
test_2009.jpg,test,0
test_2010.jpg,test,0
test_2011.jpg,test,1
test_2012.jpg,test,0
test_2013.jpg,test,0
test_2014.jpg,test,1
test_2015.jpg,test,0
test_2016.jpg,test,1
test_2017.jpg,test,1
test_2018.jpg,test,0
test_2019.jpg,test,0
test_2020.jpg,test,1
test_2021.jpg,test,1
test_2022.jpg,test,0
test_2023.jpg,test,1
test_2024.jpg,test,1
test_2025.jpg,test,1
test_2026.jpg,test,1
test_2027.jpg,test,1
test_2028.jpg,test,0
test_2029.jpg,test,0
test_2030.jpg,test,1
test_2031.jpg,test,0
test_2032.jpg,test,0
test_2033.jpg,test,0
test_2034.jpg,test,0
test_2035.jpg,test,0
test_2036.jpg,test,0
test_2037.jpg,test,0
test_2038.jpg,test,0
test_2039.jpg,test,1
test_2040.jpg,test,0
test_2041.jpg,test,1
test_2042.jpg,test,0
test_2043.jpg,test,0
test_2044.jpg,test,0
test_2045.jpg,test,0
test_2046.jpg,test,0
test_2047.jpg,test,0
test_2048.jpg,test,0
test_2049.jpg,test,1
test_2050.jpg,test,1
test_2051.jpg,test,1
test_2052.jpg,test,1
test_2053.jpg,test,1
test_2054.jpg,test,0
test_2055.jpg,test,1
test_2056.jpg,test,0
test_2057.jpg,test,1
test_2058.jpg,test,1
test_2059.jpg,test,1
test_2060.jpg,test,1
test_2061.jpg,test,1
test_2062.jpg,test,0
test_2063.jpg,test,1
test_2064.jpg,test,0
test_2065.jpg,test,0
test_2066.jpg,test,1
test_2067.jpg,test,0
test_2068.jpg,test,0
test_2069.jpg,test,0
test_2070.jpg,test,1
test_2071.jpg,test,0
test_2072.jpg,test,0
test_2073.jpg,test,0
test_2074.jpg,test,1
test_2075.jpg,test,0
test_2076.jpg,test,0
test_2077.jpg,test,0
test_2078.jpg,test,0
test_2079.jpg,test,1
test_2080.jpg,test,1
test_2081.jpg,test,1
test_2082.jpg,test,0
test_2083.jpg,test,1
test_2084.jpg,test,1
test_2085.jpg,test,0
test_2086.jpg,test,1
test_2087.jpg,test,0
test_2088.jpg,test,1
test_2089.jpg,test,0
test_2090.jpg,test,0
test_2091.jpg,test,1
test_2092.jpg,test,1
test_2093.jpg,test,1
test_2094.jpg,test,1
test_2095.jpg,test,0
test_2096.jpg,test,1
test_2097.jpg,test,0
test_2098.jpg,test,1
test_2099.jpg,test,1
test_2100.jpg,test,1
test_2101.jpg,test,1
test_2102.jpg,test,0
test_2103.jpg,test,1
test_2104.jpg,test,1
test_2105.jpg,test,1
test_2106.jpg,test,0
test_2107.jpg,test,0
test_2108.jpg,test,0
test_2109.jpg,test,0
test_2110.jpg,test,1
test_2111.jpg,test,0
test_2112.jpg,test,0
test_2113.jpg,test,1
test_2114.jpg,test,1
test_2115.jpg,test,0
test_2116.jpg,test,1
test_2117.jpg,test,1
test_2118.jpg,test,1
test_2119.jpg,test,0
test_2120.jpg,test,1
test_2121.jpg,test,0
test_2122.jpg,test,1
test_2123.jpg,test,0
test_2124.jpg,test,1
test_2125.jpg,test,0
test_2126.jpg,test,1
test_2127.jpg,test,1
test_2128.jpg,test,1
test_2129.jpg,test,1
test_2130.jpg,test,0
test_2131.jpg,test,1
test_2132.jpg,test,1
test_2133.jpg,test,1
test_2134.jpg,test,0
test_2135.jpg,test,1
test_2136.jpg,test,1
test_2137.jpg,test,1
test_2138.jpg,test,1
test_2139.jpg,test,1
test_2140.jpg,test,0
test_2141.jpg,test,1
test_2142.jpg,test,0
test_2143.jpg,test,0
test_2144.jpg,test,0
test_2145.jpg,test,0
test_2146.jpg,test,0
test_2147.jpg,test,0
test_2148.jpg,test,1
test_2149.jpg,test,0
test_2150.jpg,test,1
test_2151.jpg,test,0
test_2152.jpg,test,1
test_2153.jpg,test,0
test_2154.jpg,test,0
test_2155.jpg,test,0
test_2156.jpg,test,1
test_2157.jpg,test,1
test_2158.jpg,test,0
test_2159.jpg,test,0
test_2160.jpg,test,0
test_2161.jpg,test,0
test_2162.jpg,test,1
test_2163.jpg,test,0
test_2164.jpg,test,1
test_2165.jpg,test,1
test_2166.jpg,test,0
test_2167.jpg,test,1
test_2168.jpg,test,0
test_2169.jpg,test,1
test_2170.jpg,test,1
test_2171.jpg,test,0
test_2172.jpg,test,0
test_2173.jpg,test,1
test_2174.jpg,test,1
test_2175.jpg,test,1
test_2176.jpg,test,0
test_2177.jpg,test,1
test_2178.jpg,test,1
test_2179.jpg,test,1
test_2180.jpg,test,0
test_2181.jpg,test,1
test_2182.jpg,test,0
test_2183.jpg,test,0
test_2184.jpg,test,1
test_2185.jpg,test,1
test_2186.jpg,test,0
test_2187.jpg,test,1
test_2188.jpg,test,0
test_2189.jpg,test,0
test_2190.jpg,test,1
test_2191.jpg,test,0
test_2192.jpg,test,1
test_2193.jpg,test,0
test_2194.jpg,test,1
test_2195.jpg,test,0
test_2196.jpg,test,1
test_2197.jpg,test,0
test_2198.jpg,test,0
test_2199.jpg,test,1
test_2200.jpg,test,0
test_2201.jpg,test,1
test_2202.jpg,test,0
test_2203.jpg,test,0
test_2204.jpg,test,1
test_2205.jpg,test,0
test_2206.jpg,test,0
test_2207.jpg,test,0
test_2208.jpg,test,1
test_2209.jpg,test,1
test_2210.jpg,test,1
test_2211.jpg,test,0
test_2212.jpg,test,0
test_2213.jpg,test,0
test_2214.jpg,test,1
test_2215.jpg,test,0
test_2216.jpg,test,1
test_2217.jpg,test,0
test_2218.jpg,test,1
test_2219.jpg,test,1
test_2220.jpg,test,1
test_2221.jpg,test,1
test_2222.jpg,test,1
test_2223.jpg,test,0
test_2224.jpg,test,0
test_2225.jpg,test,1
test_2226.jpg,test,1
test_2227.jpg,test,0
test_2228.jpg,test,1
test_2229.jpg,test,0
test_2230.jpg,test,0
test_2231.jpg,test,1
test_2232.jpg,test,0
test_2233.jpg,test,1
test_2234.jpg,test,1
test_2235.jpg,test,0
test_2236.jpg,test,0
test_2237.jpg,test,0
test_2238.jpg,test,0
test_2239.jpg,test,1
test_2240.jpg,test,0
test_2241.jpg,test,1
test_2242.jpg,test,1
test_2243.jpg,test,1
test_2244.jpg,test,1
test_2245.jpg,test,1
test_2246.jpg,test,0
test_2247.jpg,test,1
test_2248.jpg,test,1
test_2249.jpg,test,0
test_2250.jpg,test,1
test_2251.jpg,test,1
test_2252.jpg,test,0
test_2253.jpg,test,0
test_2254.jpg,test,0
test_2255.jpg,test,1
test_2256.jpg,test,1
test_2257.jpg,test,1
test_2258.jpg,test,1
test_2259.jpg,test,1
test_2260.jpg,test,0
test_2261.jpg,test,0
test_2262.jpg,test,0
test_2263.jpg,test,1
test_2264.jpg,test,1
test_2265.jpg,test,1
test_2266.jpg,test,0
test_2267.jpg,test,1
test_2268.jpg,test,0
test_2269.jpg,test,0
test_2270.jpg,test,1
test_2271.jpg,test,0
test_2272.jpg,test,1
test_2273.jpg,test,1
test_2274.jpg,test,1
test_2275.jpg,test,0
test_2276.jpg,test,1
test_2277.jpg,test,1
test_2278.jpg,test,0
test_2279.jpg,test,1
test_2280.jpg,test,0
test_2281.jpg,test,1
test_2282.jpg,test,0
test_2283.jpg,test,1
test_2284.jpg,test,1
test_2285.jpg,test,1
test_2286.jpg,test,1
test_2287.jpg,test,1
test_2288.jpg,test,1
test_2289.jpg,test,1
test_2290.jpg,test,0
test_2291.jpg,test,1
test_2292.jpg,test,1
test_2293.jpg,test,0
test_2294.jpg,test,0
test_2295.jpg,test,1
test_2296.jpg,test,0
test_2297.jpg,test,1
test_2298.jpg,test,1
test_2299.jpg,test,1
test_2300.jpg,test,1
test_2301.jpg,test,0
test_2302.jpg,test,1
test_2303.jpg,test,1
test_2304.jpg,test,0
test_2305.jpg,test,0
test_2306.jpg,test,0
test_2307.jpg,test,0
test_2308.jpg,test,1
test_2309.jpg,test,1
test_2310.jpg,test,0
test_2311.jpg,test,0
test_2312.jpg,test,1
test_2313.jpg,test,0
test_2314.jpg,test,0
test_2315.jpg,test,1
test_2316.jpg,test,0
test_2317.jpg,test,0
test_2318.jpg,test,1
test_2319.jpg,test,0
test_2320.jpg,test,1
test_2321.jpg,test,0
test_2322.jpg,test,0
test_2323.jpg,test,0
test_2324.jpg,test,1
test_2325.jpg,test,1
test_2326.jpg,test,0
test_2327.jpg,test,0
test_2328.jpg,test,1
test_2329.jpg,test,1
test_2330.jpg,test,0
test_2331.jpg,test,1
test_2332.jpg,test,1
test_2333.jpg,test,1
test_2334.jpg,test,1
test_2335.jpg,test,1
test_2336.jpg,test,0
test_2337.jpg,test,1
test_2338.jpg,test,0
test_2339.jpg,test,1
test_2340.jpg,test,0
test_2341.jpg,test,0
test_2342.jpg,test,1
test_2343.jpg,test,0
test_2344.jpg,test,1
test_2345.jpg,test,0
test_2346.jpg,test,0
test_2347.jpg,test,0
test_2348.jpg,test,0
test_2349.jpg,test,0
test_2350.jpg,test,0
test_2351.jpg,test,1
test_2352.jpg,test,1
test_2353.jpg,test,1
test_2354.jpg,test,0
test_2355.jpg,test,0
test_2356.jpg,test,1
test_2357.jpg,test,1
test_2358.jpg,test,1
test_2359.jpg,test,1
test_2360.jpg,test,1
test_2361.jpg,test,0
test_2362.jpg,test,0
test_2363.jpg,test,1
test_2364.jpg,test,1
test_2365.jpg,test,0
test_2366.jpg,test,1
test_2367.jpg,test,0
test_2368.jpg,test,1
test_2369.jpg,test,0
test_2370.jpg,test,0
test_2371.jpg,test,0
test_2372.jpg,test,1
test_2373.jpg,test,1
test_2374.jpg,test,1
test_2375.jpg,test,0
test_2376.jpg,test,1
test_2377.jpg,test,0
test_2378.jpg,test,1
test_2379.jpg,test,0
test_2380.jpg,test,0
test_2381.jpg,test,0
test_2382.jpg,test,0
test_2383.jpg,test,1
test_2384.jpg,test,0
test_2385.jpg,test,1
test_2386.jpg,test,0
test_2387.jpg,test,1
test_2388.jpg,test,1
test_2389.jpg,test,1
test_2390.jpg,test,0
test_2391.jpg,test,0
test_2392.jpg,test,1
test_2393.jpg,test,1
test_2394.jpg,test,1
test_2395.jpg,test,0
test_2396.jpg,test,1
test_2397.jpg,test,0
test_2398.jpg,test,0
test_2399.jpg,test,0
test_2400.jpg,test,0
test_2401.jpg,test,0
test_2402.jpg,test,0
test_2403.jpg,test,0
test_2404.jpg,test,0
test_2405.jpg,test,0
test_2406.jpg,test,1
test_2407.jpg,test,1
test_2408.jpg,test,0
test_2409.jpg,test,1
test_2410.jpg,test,1
test_2411.jpg,test,1
test_2412.jpg,test,1
test_2413.jpg,test,1
test_2414.jpg,test,0
test_2415.jpg,test,0
test_2416.jpg,test,1
test_2417.jpg,test,1
test_2418.jpg,test,0
test_2419.jpg,test,0
test_2420.jpg,test,1
test_2421.jpg,test,0
test_2422.jpg,test,0
test_2423.jpg,test,1
test_2424.jpg,test,0
test_2425.jpg,test,0
test_2426.jpg,test,0
test_2427.jpg,test,0
test_2428.jpg,test,0
test_2429.jpg,test,0
test_2430.jpg,test,1
test_2431.jpg,test,0
test_2432.jpg,test,1
test_2433.jpg,test,1
test_2434.jpg,test,1
test_2435.jpg,test,1
test_2436.jpg,test,1
test_2437.jpg,test,0
test_2438.jpg,test,0
test_2439.jpg,test,1
test_2440.jpg,test,1
test_2441.jpg,test,0
test_2442.jpg,test,0
test_2443.jpg,test,1
test_2444.jpg,test,0
test_2445.jpg,test,1
test_2446.jpg,test,1
test_2447.jpg,test,0
test_2448.jpg,test,0
test_2449.jpg,test,1
test_2450.jpg,test,1
test_2451.jpg,test,0
test_2452.jpg,test,0
test_2453.jpg,test,0
test_2454.jpg,test,1
test_2455.jpg,test,1
test_2456.jpg,test,1
test_2457.jpg,test,1
test_2458.jpg,test,0
test_2459.jpg,test,0
test_2460.jpg,test,1
test_2461.jpg,test,0
test_2462.jpg,test,0
test_2463.jpg,test,0
test_2464.jpg,test,0
test_2465.jpg,test,1
test_2466.jpg,test,0
test_2467.jpg,test,1
test_2468.jpg,test,0
test_2469.jpg,test,0
test_2470.jpg,test,1
test_2471.jpg,test,0
test_2472.jpg,test,0
test_2473.jpg,test,1
test_2474.jpg,test,0
test_2475.jpg,test,0
test_2476.jpg,test,1
test_2477.jpg,test,1
test_2478.jpg,test,0
test_2479.jpg,test,1
test_2480.jpg,test,1
test_2481.jpg,test,0
test_2482.jpg,test,1
test_2483.jpg,test,1
test_2484.jpg,test,0
test_2485.jpg,test,1
test_2486.jpg,test,1
test_2487.jpg,test,1
test_2488.jpg,test,1
test_2489.jpg,test,1
test_2490.jpg,test,1
test_2491.jpg,test,0
test_2492.jpg,test,1
test_2493.jpg,test,0
test_2494.jpg,test,1
test_2495.jpg,test,0
test_2496.jpg,test,1
test_2497.jpg,test,1
test_2498.jpg,test,0
test_2499.jpg,test,1
test_2500.jpg,test,1
test_2501.jpg,test,1
test_2502.jpg,test,1
test_2503.jpg,test,1
test_2504.jpg,test,1
test_2505.jpg,test,0
test_2506.jpg,test,0
test_2507.jpg,test,0
test_2508.jpg,test,0
test_2509.jpg,test,1
test_2510.jpg,test,0
test_2511.jpg,test,1
test_2512.jpg,test,1
test_2513.jpg,test,1
test_2514.jpg,test,0
test_2515.jpg,test,0
test_2516.jpg,test,1
test_2517.jpg,test,1
test_2518.jpg,test,0
test_2519.jpg,test,1
test_2520.jpg,test,0
test_2521.jpg,test,0
test_2522.jpg,test,0
test_2523.jpg,test,1
test_2524.jpg,test,1
test_2525.jpg,test,1
test_2526.jpg,test,0
test_2527.jpg,test,0
test_2528.jpg,test,1
test_2529.jpg,test,1
test_2530.jpg,test,1
test_2531.jpg,test,0
test_2532.jpg,test,1
test_2533.jpg,test,0
test_2534.jpg,test,1
test_2535.jpg,test,0
test_2536.jpg,test,1
test_2537.jpg,test,1
test_2538.jpg,test,1
test_2539.jpg,test,0
test_2540.jpg,test,1
test_2541.jpg,test,0
test_2542.jpg,test,0
test_2543.jpg,test,1
test_2544.jpg,test,1
test_2545.jpg,test,0
test_2546.jpg,test,0
test_2547.jpg,test,0
test_2548.jpg,test,1
test_2549.jpg,test,0
test_2550.jpg,test,0
test_2551.jpg,test,1
test_2552.jpg,test,1
test_2553.jpg,test,1
test_2554.jpg,test,1
test_2555.jpg,test,1
test_2556.jpg,test,0
test_2557.jpg,test,0
test_2558.jpg,test,1
test_2559.jpg,test,1
test_2560.jpg,test,1
test_2561.jpg,test,1
test_2562.jpg,test,1
test_2563.jpg,test,0
test_2564.jpg,test,1
test_2565.jpg,test,1
test_2566.jpg,test,0
test_2567.jpg,test,1
test_2568.jpg,test,1
test_2569.jpg,test,0
test_2570.jpg,test,1
test_2571.jpg,test,0
test_2572.jpg,test,0
test_2573.jpg,test,0
test_2574.jpg,test,1
test_2575.jpg,test,0
test_2576.jpg,test,0
test_2577.jpg,test,0
test_2578.jpg,test,1
test_2579.jpg,test,1
test_2580.jpg,test,0
test_2581.jpg,test,0
test_2582.jpg,test,1
test_2583.jpg,test,0
test_2584.jpg,test,1
test_2585.jpg,test,1
test_2586.jpg,test,0
test_2587.jpg,test,0
test_2588.jpg,test,0
test_2589.jpg,test,0
test_2590.jpg,test,1
test_2591.jpg,test,0
test_2592.jpg,test,0
test_2593.jpg,test,0
test_2594.jpg,test,0
test_2595.jpg,test,0
test_2596.jpg,test,0
test_2597.jpg,test,1
test_2598.jpg,test,1
test_2599.jpg,test,0
test_2600.jpg,test,0
test_2601.jpg,test,0
test_2602.jpg,test,1
test_2603.jpg,test,0
test_2604.jpg,test,0
test_2605.jpg,test,0
test_2606.jpg,test,0
test_2607.jpg,test,1
test_2608.jpg,test,0
test_2609.jpg,test,1
test_2610.jpg,test,0
test_2611.jpg,test,1
test_2612.jpg,test,0
test_2613.jpg,test,1
test_2614.jpg,test,1
test_2615.jpg,test,0
test_2616.jpg,test,0
test_2617.jpg,test,0
test_2618.jpg,test,0
test_2619.jpg,test,0
test_2620.jpg,test,0
test_2621.jpg,test,0
test_2622.jpg,test,1
test_2623.jpg,test,0
test_2624.jpg,test,0
test_2625.jpg,test,0
test_2626.jpg,test,0
test_2627.jpg,test,0
test_2628.jpg,test,1
test_2629.jpg,test,1
test_2630.jpg,test,0
test_2631.jpg,test,0
test_2632.jpg,test,1
test_2633.jpg,test,0
test_2634.jpg,test,1
test_2635.jpg,test,0
test_2636.jpg,test,0
test_2637.jpg,test,0
test_2638.jpg,test,0
test_2639.jpg,test,0
test_2640.jpg,test,0
test_2641.jpg,test,0
test_2642.jpg,test,1
test_2643.jpg,test,0
test_2644.jpg,test,1
test_2645.jpg,test,0
test_2646.jpg,test,1
test_2647.jpg,test,1
test_2648.jpg,test,0
test_2649.jpg,test,0
test_2650.jpg,test,0
test_2651.jpg,test,0
test_2652.jpg,test,1
test_2653.jpg,test,1
test_2654.jpg,test,1
test_2655.jpg,test,0
test_2656.jpg,test,0
test_2657.jpg,test,1
test_2658.jpg,test,0
test_2659.jpg,test,0
test_2660.jpg,test,1
test_2661.jpg,test,1
test_2662.jpg,test,1
test_2663.jpg,test,0
test_2664.jpg,test,1
test_2665.jpg,test,0
test_2666.jpg,test,1
test_2667.jpg,test,1
test_2668.jpg,test,1
test_2669.jpg,test,1
test_2670.jpg,test,1
test_2671.jpg,test,1
test_2672.jpg,test,1
test_2673.jpg,test,0
test_2674.jpg,test,1
test_2675.jpg,test,0
test_2676.jpg,test,1
test_2677.jpg,test,1
test_2678.jpg,test,0
test_2679.jpg,test,1
test_2680.jpg,test,1
test_2681.jpg,test,1
test_2682.jpg,test,0
test_2683.jpg,test,0
test_2684.jpg,test,1
test_2685.jpg,test,1
test_2686.jpg,test,1
test_2687.jpg,test,0
test_2688.jpg,test,0
test_2689.jpg,test,0
test_2690.jpg,test,0
test_2691.jpg,test,1
test_2692.jpg,test,1
test_2693.jpg,test,1
test_2694.jpg,test,1
test_2695.jpg,test,1
test_2696.jpg,test,0
test_2697.jpg,test,0
test_2698.jpg,test,0
test_2699.jpg,test,0
test_2700.jpg,test,0
test_2701.jpg,test,1
test_2702.jpg,test,0
test_2703.jpg,test,1
test_2704.jpg,test,1
test_2705.jpg,test,0
test_2706.jpg,test,1
test_2707.jpg,test,1
test_2708.jpg,test,0
test_2709.jpg,test,1
test_2710.jpg,test,1
test_2711.jpg,test,1
test_2712.jpg,test,0
test_2713.jpg,test,0
test_2714.jpg,test,0
test_2715.jpg,test,0
test_2716.jpg,test,1
test_2717.jpg,test,0
test_2718.jpg,test,0
test_2719.jpg,test,1
test_2720.jpg,test,1
test_2721.jpg,test,0
test_2722.jpg,test,0
test_2723.jpg,test,0
test_2724.jpg,test,1
test_2725.jpg,test,0
test_2726.jpg,test,1
test_2727.jpg,test,0
test_2728.jpg,test,0
test_2729.jpg,test,1
test_2730.jpg,test,1
test_2731.jpg,test,1
test_2732.jpg,test,1
test_2733.jpg,test,0
test_2734.jpg,test,0
test_2735.jpg,test,1
test_2736.jpg,test,1
test_2737.jpg,test,0
test_2738.jpg,test,0
test_2739.jpg,test,0
test_2740.jpg,test,1
test_2741.jpg,test,1
test_2742.jpg,test,0
test_2743.jpg,test,0
test_2744.jpg,test,0
test_2745.jpg,test,1
test_2746.jpg,test,0
test_2747.jpg,test,1
test_2748.jpg,test,1
test_2749.jpg,test,1
test_2750.jpg,test,0
test_2751.jpg,test,1
test_2752.jpg,test,1
test_2753.jpg,test,1
test_2754.jpg,test,0
test_2755.jpg,test,0
test_2756.jpg,test,1
test_2757.jpg,test,1
test_2758.jpg,test,1
test_2759.jpg,test,0
test_2760.jpg,test,0
test_2761.jpg,test,0
test_2762.jpg,test,0
test_2763.jpg,test,0
test_2764.jpg,test,1
test_2765.jpg,test,1
test_2766.jpg,test,0
test_2767.jpg,test,1
test_2768.jpg,test,1
test_2769.jpg,test,0
test_2770.jpg,test,0
test_2771.jpg,test,0
test_2772.jpg,test,1
test_2773.jpg,test,1
test_2774.jpg,test,0
test_2775.jpg,test,1
test_2776.jpg,test,0
test_2777.jpg,test,1
test_2778.jpg,test,0
test_2779.jpg,test,0
test_2780.jpg,test,0
test_2781.jpg,test,1
test_2782.jpg,test,0
test_2783.jpg,test,1
test_2784.jpg,test,1
test_2785.jpg,test,1
test_2786.jpg,test,1
test_2787.jpg,test,0
test_2788.jpg,test,1
test_2789.jpg,test,1
test_2790.jpg,test,1
test_2791.jpg,test,0
test_2792.jpg,test,0
test_2793.jpg,test,0
test_2794.jpg,test,1
test_2795.jpg,test,1
test_2796.jpg,test,1
test_2797.jpg,test,0
test_2798.jpg,test,1
test_2799.jpg,test,1
test_2800.jpg,test,0
test_2801.jpg,test,1
test_2802.jpg,test,1
test_2803.jpg,test,1
test_2804.jpg,test,0
test_2805.jpg,test,1
test_2806.jpg,test,0
test_2807.jpg,test,1
test_2808.jpg,test,1
test_2809.jpg,test,0
test_2810.jpg,test,1
test_2811.jpg,test,0
test_2812.jpg,test,1
test_2813.jpg,test,0
test_2814.jpg,test,0
test_2815.jpg,test,1
test_2816.jpg,test,0
test_2817.jpg,test,1
test_2818.jpg,test,0
test_2819.jpg,test,0
test_2820.jpg,test,0
test_2821.jpg,test,0
test_2822.jpg,test,0
test_2823.jpg,test,1
test_2824.jpg,test,0
test_2825.jpg,test,0
test_2826.jpg,test,0
test_2827.jpg,test,0
test_2828.jpg,test,0
test_2829.jpg,test,0
test_2830.jpg,test,0
test_2831.jpg,test,0
test_2832.jpg,test,1
test_2833.jpg,test,0
test_2834.jpg,test,1
test_2835.jpg,test,1
test_2836.jpg,test,1
test_2837.jpg,test,0
test_2838.jpg,test,0
test_2839.jpg,test,1
test_2840.jpg,test,1
test_2841.jpg,test,1
test_2842.jpg,test,1
test_2843.jpg,test,1
test_2844.jpg,test,1
test_2845.jpg,test,1
test_2846.jpg,test,0
test_2847.jpg,test,1
test_2848.jpg,test,0
test_2849.jpg,test,1
test_2850.jpg,test,1
test_2851.jpg,test,1
test_2852.jpg,test,0
test_2853.jpg,test,1
test_2854.jpg,test,1
test_2855.jpg,test,1
test_2856.jpg,test,1
test_2857.jpg,test,1
test_2858.jpg,test,0
test_2859.jpg,test,1
test_2860.jpg,test,1
test_2861.jpg,test,0
test_2862.jpg,test,1
test_2863.jpg,test,0
test_2864.jpg,test,1
test_2865.jpg,test,0
test_2866.jpg,test,1
test_2867.jpg,test,1
test_2868.jpg,test,0
test_2869.jpg,test,1
test_2870.jpg,test,1
test_2871.jpg,test,0
test_2872.jpg,test,0
test_2873.jpg,test,1
test_2874.jpg,test,1
test_2875.jpg,test,1
test_2876.jpg,test,0
test_2877.jpg,test,0
test_2878.jpg,test,1
test_2879.jpg,test,1
test_2880.jpg,test,1
test_2881.jpg,test,1
test_2882.jpg,test,1
test_2883.jpg,test,0
test_2884.jpg,test,0
test_2885.jpg,test,1
test_2886.jpg,test,1
test_2887.jpg,test,0
test_2888.jpg,test,0
test_2889.jpg,test,1
test_2890.jpg,test,1
test_2891.jpg,test,1
test_2892.jpg,test,1
test_2893.jpg,test,1
test_2894.jpg,test,1
test_2895.jpg,test,1
test_2896.jpg,test,0
test_2897.jpg,test,1
test_2898.jpg,test,1
test_2899.jpg,test,1
test_2900.jpg,test,0
test_2901.jpg,test,1
test_2902.jpg,test,0
test_2903.jpg,test,1
test_2904.jpg,test,0
test_2905.jpg,test,1
test_2906.jpg,test,0
test_2907.jpg,test,1
test_2908.jpg,test,0
test_2909.jpg,test,0
test_2910.jpg,test,1
test_2911.jpg,test,0
test_2912.jpg,test,1
test_2913.jpg,test,1
test_2914.jpg,test,0
test_2915.jpg,test,1
test_2916.jpg,test,1
test_2917.jpg,test,1
test_2918.jpg,test,1
test_2919.jpg,test,1
test_2920.jpg,test,1
test_2921.jpg,test,1
test_2922.jpg,test,1
test_2923.jpg,test,0
test_2924.jpg,test,1
test_2925.jpg,test,1
test_2926.jpg,test,1
test_2927.jpg,test,0
test_2928.jpg,test,0
test_2929.jpg,test,1
test_2930.jpg,test,1
test_2931.jpg,test,0
test_2932.jpg,test,1
test_2933.jpg,test,1
test_2934.jpg,test,1
test_2935.jpg,test,1
test_2936.jpg,test,0
test_2937.jpg,test,1
test_2938.jpg,test,1
test_2939.jpg,test,0
test_2940.jpg,test,1
test_2941.jpg,test,1
test_2942.jpg,test,0
test_2943.jpg,test,0
test_2944.jpg,test,0
test_2945.jpg,test,1
test_2946.jpg,test,0
test_2947.jpg,test,1
test_2948.jpg,test,0
test_2949.jpg,test,1
test_2950.jpg,test,1
test_2951.jpg,test,1
test_2952.jpg,test,1
test_2953.jpg,test,1
test_2954.jpg,test,0
test_2955.jpg,test,1
test_2956.jpg,test,0
test_2957.jpg,test,0
test_2958.jpg,test,0
test_2959.jpg,test,0
test_2960.jpg,test,0
test_2961.jpg,test,0
test_2962.jpg,test,1
test_2963.jpg,test,0
test_2964.jpg,test,1
test_2965.jpg,test,0
test_2966.jpg,test,1
test_2967.jpg,test,0
test_2968.jpg,test,0
test_2969.jpg,test,0
test_2970.jpg,test,0
test_2971.jpg,test,0
test_2972.jpg,test,0
test_2973.jpg,test,0
test_2974.jpg,test,1
test_2975.jpg,test,0
test_2976.jpg,test,1
test_2977.jpg,test,0
test_2978.jpg,test,1
test_2979.jpg,test,0
test_2980.jpg,test,1
test_2981.jpg,test,1
test_2982.jpg,test,0
test_2983.jpg,test,0
test_2984.jpg,test,1
test_2985.jpg,test,0
test_2986.jpg,test,1
test_2987.jpg,test,1
test_2988.jpg,test,1
test_2989.jpg,test,1
test_2990.jpg,test,0
test_2991.jpg,test,1
test_2992.jpg,test,1
test_2993.jpg,test,0
test_2994.jpg,test,0
test_2995.jpg,test,0
test_2996.jpg,test,1
test_2997.jpg,test,1
test_2998.jpg,test,0
test_2999.jpg,test,1
test_3000.jpg,test,0
test_3001.jpg,test,0
test_3002.jpg,test,0
test_3003.jpg,test,0
test_3004.jpg,test,1
test_3005.jpg,test,1
test_3006.jpg,test,1
test_3007.jpg,test,1
test_3008.jpg,test,1
test_3009.jpg,test,1
test_3010.jpg,test,1
test_3011.jpg,test,0
test_3012.jpg,test,1
test_3013.jpg,test,0
test_3014.jpg,test,0
test_3015.jpg,test,1
test_3016.jpg,test,0
test_3017.jpg,test,1
test_3018.jpg,test,1
test_3019.jpg,test,1
test_3020.jpg,test,1
test_3021.jpg,test,0
test_3022.jpg,test,0
test_3023.jpg,test,0
test_3024.jpg,test,1
test_3025.jpg,test,1
test_3026.jpg,test,0
test_3027.jpg,test,1
test_3028.jpg,test,0
test_3029.jpg,test,1
test_3030.jpg,test,0
test_3031.jpg,test,1
test_3032.jpg,test,0
test_3033.jpg,test,0
test_3034.jpg,test,1
test_3035.jpg,test,0
test_3036.jpg,test,1
test_3037.jpg,test,1
test_3038.jpg,test,1
test_3039.jpg,test,1
test_3040.jpg,test,1
test_3041.jpg,test,0
test_3042.jpg,test,0
test_3043.jpg,test,0
test_3044.jpg,test,1
test_3045.jpg,test,1
test_3046.jpg,test,0
test_3047.jpg,test,0
test_3048.jpg,test,0
test_3049.jpg,test,0
test_3050.jpg,test,0
test_3051.jpg,test,0
test_3052.jpg,test,0
test_3053.jpg,test,1
test_3054.jpg,test,0
test_3055.jpg,test,0
test_3056.jpg,test,0
test_3057.jpg,test,0
test_3058.jpg,test,0
test_3059.jpg,test,1
test_3060.jpg,test,1
test_3061.jpg,test,0
test_3062.jpg,test,1
test_3063.jpg,test,1
test_3064.jpg,test,1
test_3065.jpg,test,1
test_3066.jpg,test,0
test_3067.jpg,test,1
test_3068.jpg,test,0
test_3069.jpg,test,1
test_3070.jpg,test,1
test_3071.jpg,test,0
test_3072.jpg,test,1
test_3073.jpg,test,0
test_3074.jpg,test,1
test_3075.jpg,test,0
test_3076.jpg,test,1
test_3077.jpg,test,1
test_3078.jpg,test,1
test_3079.jpg,test,0
test_3080.jpg,test,1
test_3081.jpg,test,0
test_3082.jpg,test,0
test_3083.jpg,test,1
test_3084.jpg,test,1
test_3085.jpg,test,1
test_3086.jpg,test,0
test_3087.jpg,test,1
test_3088.jpg,test,0
test_3089.jpg,test,1
test_3090.jpg,test,0
test_3091.jpg,test,0
test_3092.jpg,test,1
test_3093.jpg,test,0
test_3094.jpg,test,1
test_3095.jpg,test,1
test_3096.jpg,test,1
test_3097.jpg,test,1
test_3098.jpg,test,0
test_3099.jpg,test,0
test_3100.jpg,test,0
test_3101.jpg,test,1
test_3102.jpg,test,1
test_3103.jpg,test,0
test_3104.jpg,test,0
test_3105.jpg,test,1
test_3106.jpg,test,1
test_3107.jpg,test,0
test_3108.jpg,test,0
test_3109.jpg,test,1
test_3110.jpg,test,0
test_3111.jpg,test,1
test_3112.jpg,test,0
test_3113.jpg,test,0
test_3114.jpg,test,0
test_3115.jpg,test,1
test_3116.jpg,test,1
test_3117.jpg,test,1
test_3118.jpg,test,0
test_3119.jpg,test,1
test_3120.jpg,test,1
test_3121.jpg,test,0
test_3122.jpg,test,1
test_3123.jpg,test,1
test_3124.jpg,test,1
test_3125.jpg,test,0
test_3126.jpg,test,0
test_3127.jpg,test,1
test_3128.jpg,test,0
test_3129.jpg,test,0
test_3130.jpg,test,1
test_3131.jpg,test,1
test_3132.jpg,test,0
test_3133.jpg,test,0
test_3134.jpg,test,0
test_3135.jpg,test,1
test_3136.jpg,test,0
test_3137.jpg,test,0
test_3138.jpg,test,1
test_3139.jpg,test,1
test_3140.jpg,test,0
test_3141.jpg,test,1
test_3142.jpg,test,1
test_3143.jpg,test,0
test_3144.jpg,test,0
test_3145.jpg,test,0
test_3146.jpg,test,1
test_3147.jpg,test,1
test_3148.jpg,test,1
test_3149.jpg,test,0
test_3150.jpg,test,1
test_3151.jpg,test,1
test_3152.jpg,test,0
test_3153.jpg,test,0
test_3154.jpg,test,1
test_3155.jpg,test,1
test_3156.jpg,test,0
test_3157.jpg,test,1
test_3158.jpg,test,0
test_3159.jpg,test,1
test_3160.jpg,test,0
test_3161.jpg,test,1
test_3162.jpg,test,0
test_3163.jpg,test,0
test_3164.jpg,test,0
test_3165.jpg,test,0
test_3166.jpg,test,1
test_3167.jpg,test,0
test_3168.jpg,test,1
test_3169.jpg,test,1
test_3170.jpg,test,1
test_3171.jpg,test,0
test_3172.jpg,test,0
test_3173.jpg,test,1
test_3174.jpg,test,1
test_3175.jpg,test,1
test_3176.jpg,test,0
test_3177.jpg,test,1
test_3178.jpg,test,0
test_3179.jpg,test,0
test_3180.jpg,test,0
test_3181.jpg,test,0
test_3182.jpg,test,1
test_3183.jpg,test,0
test_3184.jpg,test,1
test_3185.jpg,test,0
test_3186.jpg,test,1
test_3187.jpg,test,0
test_3188.jpg,test,1
test_3189.jpg,test,1
test_3190.jpg,test,1
test_3191.jpg,test,1
test_3192.jpg,test,0
test_3193.jpg,test,0
test_3194.jpg,test,0
test_3195.jpg,test,1
test_3196.jpg,test,0
test_3197.jpg,test,1
test_3198.jpg,test,1
test_3199.jpg,test,1
test_3200.jpg,test,0
test_3201.jpg,test,1
test_3202.jpg,test,0
test_3203.jpg,test,1
test_3204.jpg,test,1
test_3205.jpg,test,0
test_3206.jpg,test,0
test_3207.jpg,test,1
test_3208.jpg,test,0
test_3209.jpg,test,1
test_3210.jpg,test,1
test_3211.jpg,test,0
test_3212.jpg,test,0
test_3213.jpg,test,0
test_3214.jpg,test,1
test_3215.jpg,test,0
test_3216.jpg,test,0
test_3217.jpg,test,0
test_3218.jpg,test,0
test_3219.jpg,test,0
test_3220.jpg,test,1
test_3221.jpg,test,1
test_3222.jpg,test,1
test_3223.jpg,test,1
test_3224.jpg,test,1
test_3225.jpg,test,1
test_3226.jpg,test,0
test_3227.jpg,test,1
test_3228.jpg,test,1
test_3229.jpg,test,0
test_3230.jpg,test,1
test_3231.jpg,test,0
test_3232.jpg,test,1
test_3233.jpg,test,1
test_3234.jpg,test,0
test_3235.jpg,test,0
test_3236.jpg,test,1
test_3237.jpg,test,1
test_3238.jpg,test,1
test_3239.jpg,test,0
test_3240.jpg,test,1
test_3241.jpg,test,1
test_3242.jpg,test,1
test_3243.jpg,test,1
test_3244.jpg,test,1
test_3245.jpg,test,0
test_3246.jpg,test,0
test_3247.jpg,test,1
test_3248.jpg,test,0
test_3249.jpg,test,0
test_3250.jpg,test,0
test_3251.jpg,test,1
test_3252.jpg,test,0
test_3253.jpg,test,1
test_3254.jpg,test,1
test_3255.jpg,test,1
test_3256.jpg,test,0
test_3257.jpg,test,0
test_3258.jpg,test,0
test_3259.jpg,test,0
test_3260.jpg,test,1
test_3261.jpg,test,1
test_3262.jpg,test,1
test_3263.jpg,test,0
test_3264.jpg,test,0
test_3265.jpg,test,0
test_3266.jpg,test,0
test_3267.jpg,test,1
test_3268.jpg,test,0
test_3269.jpg,test,1
test_3270.jpg,test,0
test_3271.jpg,test,0
test_3272.jpg,test,1
test_3273.jpg,test,0
test_3274.jpg,test,1
test_3275.jpg,test,0
test_3276.jpg,test,1
test_3277.jpg,test,1
test_3278.jpg,test,1
test_3279.jpg,test,0
test_3280.jpg,test,1
test_3281.jpg,test,1
test_3282.jpg,test,1
test_3283.jpg,test,0
test_3284.jpg,test,0
test_3285.jpg,test,1
test_3286.jpg,test,0
test_3287.jpg,test,1
test_3288.jpg,test,1
test_3289.jpg,test,0
test_3290.jpg,test,0
test_3291.jpg,test,0
test_3292.jpg,test,1
test_3293.jpg,test,1
test_3294.jpg,test,0
test_3295.jpg,test,1
test_3296.jpg,test,1
test_3297.jpg,test,1
test_3298.jpg,test,0
test_3299.jpg,test,0
test_3300.jpg,test,1
test_3301.jpg,test,1
test_3302.jpg,test,1
test_3303.jpg,test,1
test_3304.jpg,test,0
test_3305.jpg,test,0
test_3306.jpg,test,1
test_3307.jpg,test,1
test_3308.jpg,test,1
test_3309.jpg,test,0
test_3310.jpg,test,0
test_3311.jpg,test,1
test_3312.jpg,test,1
test_3313.jpg,test,1
test_3314.jpg,test,1
test_3315.jpg,test,1
test_3316.jpg,test,0
test_3317.jpg,test,1
test_3318.jpg,test,1
test_3319.jpg,test,0
test_3320.jpg,test,1
test_3321.jpg,test,0
test_3322.jpg,test,0
test_3323.jpg,test,1
test_3324.jpg,test,0
test_3325.jpg,test,1
test_3326.jpg,test,0
test_3327.jpg,test,0
test_3328.jpg,test,1
test_3329.jpg,test,0
test_3330.jpg,test,1
test_3331.jpg,test,0
test_3332.jpg,test,1
test_3333.jpg,test,1
test_3334.jpg,test,0
test_3335.jpg,test,0
test_3336.jpg,test,0
test_3337.jpg,test,1
test_3338.jpg,test,0
test_3339.jpg,test,0
test_3340.jpg,test,0
test_3341.jpg,test,1
test_3342.jpg,test,0
test_3343.jpg,test,1
test_3344.jpg,test,1
test_3345.jpg,test,0
test_3346.jpg,test,0
test_3347.jpg,test,1
test_3348.jpg,test,0
test_3349.jpg,test,0
test_3350.jpg,test,1
test_3351.jpg,test,0
test_3352.jpg,test,0
test_3353.jpg,test,0
test_3354.jpg,test,1
test_3355.jpg,test,1
test_3356.jpg,test,1
test_3357.jpg,test,0
test_3358.jpg,test,0
test_3359.jpg,test,1
test_3360.jpg,test,1
test_3361.jpg,test,1
test_3362.jpg,test,1
test_3363.jpg,test,1
test_3364.jpg,test,1
test_3365.jpg,test,1
test_3366.jpg,test,0
test_3367.jpg,test,1
test_3368.jpg,test,1
test_3369.jpg,test,1
test_3370.jpg,test,0
test_3371.jpg,test,1
test_3372.jpg,test,1
test_3373.jpg,test,0
test_3374.jpg,test,1
test_3375.jpg,test,0
test_3376.jpg,test,1
test_3377.jpg,test,1
test_3378.jpg,test,1
test_3379.jpg,test,0
test_3380.jpg,test,1
test_3381.jpg,test,0
test_3382.jpg,test,0
test_3383.jpg,test,1
test_3384.jpg,test,1
test_3385.jpg,test,0
test_3386.jpg,test,1
test_3387.jpg,test,1
test_3388.jpg,test,1
test_3389.jpg,test,1
test_3390.jpg,test,1
test_3391.jpg,test,1
test_3392.jpg,test,0
test_3393.jpg,test,1
test_3394.jpg,test,0
test_3395.jpg,test,1
test_3396.jpg,test,0
test_3397.jpg,test,1
test_3398.jpg,test,0
test_3399.jpg,test,0
test_3400.jpg,test,0
test_3401.jpg,test,0
test_3402.jpg,test,1
test_3403.jpg,test,0
test_3404.jpg,test,1
test_3405.jpg,test,1
test_3406.jpg,test,1
test_3407.jpg,test,0
test_3408.jpg,test,1
test_3409.jpg,test,1
test_3410.jpg,test,0
test_3411.jpg,test,0
test_3412.jpg,test,0
test_3413.jpg,test,1
test_3414.jpg,test,0
test_3415.jpg,test,0
test_3416.jpg,test,0
test_3417.jpg,test,0
test_3418.jpg,test,1
test_3419.jpg,test,1
test_3420.jpg,test,1
test_3421.jpg,test,1
test_3422.jpg,test,0
test_3423.jpg,test,0
test_3424.jpg,test,1
test_3425.jpg,test,1
test_3426.jpg,test,1
test_3427.jpg,test,0
test_3428.jpg,test,1
test_3429.jpg,test,0
test_3430.jpg,test,0
test_3431.jpg,test,0
test_3432.jpg,test,0
test_3433.jpg,test,1
test_3434.jpg,test,1
test_3435.jpg,test,0
test_3436.jpg,test,1
test_3437.jpg,test,1
test_3438.jpg,test,1
test_3439.jpg,test,0
test_3440.jpg,test,1
test_3441.jpg,test,0
test_3442.jpg,test,0
test_3443.jpg,test,0
test_3444.jpg,test,0
test_3445.jpg,test,1
test_3446.jpg,test,1
test_3447.jpg,test,0
test_3448.jpg,test,0
test_3449.jpg,test,0
test_3450.jpg,test,1
test_3451.jpg,test,0
test_3452.jpg,test,0
test_3453.jpg,test,0
test_3454.jpg,test,1
test_3455.jpg,test,0
test_3456.jpg,test,1
test_3457.jpg,test,0
test_3458.jpg,test,1
test_3459.jpg,test,1
test_3460.jpg,test,1
test_3461.jpg,test,0
test_3462.jpg,test,0
test_3463.jpg,test,1
test_3464.jpg,test,0
test_3465.jpg,test,0
test_3466.jpg,test,1
test_3467.jpg,test,0
test_3468.jpg,test,1
test_3469.jpg,test,1
test_3470.jpg,test,1
test_3471.jpg,test,1
test_3472.jpg,test,0
test_3473.jpg,test,0
test_3474.jpg,test,0
test_3475.jpg,test,0
test_3476.jpg,test,1
test_3477.jpg,test,0
test_3478.jpg,test,0
test_3479.jpg,test,1
test_3480.jpg,test,1
test_3481.jpg,test,1
test_3482.jpg,test,1
test_3483.jpg,test,0
test_3484.jpg,test,1
test_3485.jpg,test,0
test_3486.jpg,test,1
test_3487.jpg,test,0
test_3488.jpg,test,1
test_3489.jpg,test,1
test_3490.jpg,test,1
test_3491.jpg,test,1
test_3492.jpg,test,0
test_3493.jpg,test,0
test_3494.jpg,test,0
test_3495.jpg,test,0
test_3496.jpg,test,1
test_3497.jpg,test,1
test_3498.jpg,test,1
test_3499.jpg,test,0
test_3500.jpg,test,0
test_3501.jpg,test,0
test_3502.jpg,test,1
test_3503.jpg,test,0
test_3504.jpg,test,1
test_3505.jpg,test,1
test_3506.jpg,test,0
test_3507.jpg,test,1
test_3508.jpg,test,0
test_3509.jpg,test,1
test_3510.jpg,test,1
test_3511.jpg,test,0
test_3512.jpg,test,1
test_3513.jpg,test,1
test_3514.jpg,test,1
test_3515.jpg,test,1
test_3516.jpg,test,0
test_3517.jpg,test,1
test_3518.jpg,test,1
test_3519.jpg,test,1
test_3520.jpg,test,1
test_3521.jpg,test,1
test_3522.jpg,test,1
test_3523.jpg,test,0
test_3524.jpg,test,0
test_3525.jpg,test,0
test_3526.jpg,test,1
test_3527.jpg,test,0
test_3528.jpg,test,0
test_3529.jpg,test,0
test_3530.jpg,test,0
test_3531.jpg,test,0
test_3532.jpg,test,1
test_3533.jpg,test,0
test_3534.jpg,test,0
test_3535.jpg,test,0
test_3536.jpg,test,1
test_3537.jpg,test,0
test_3538.jpg,test,1
test_3539.jpg,test,0
test_3540.jpg,test,1
test_3541.jpg,test,0
test_3542.jpg,test,1
test_3543.jpg,test,0
test_3544.jpg,test,1
test_3545.jpg,test,1
test_3546.jpg,test,1
test_3547.jpg,test,1
test_3548.jpg,test,0
test_3549.jpg,test,1
test_3550.jpg,test,0
test_3551.jpg,test,1
test_3552.jpg,test,1
test_3553.jpg,test,0
test_3554.jpg,test,0
test_3555.jpg,test,0
test_3556.jpg,test,0
test_3557.jpg,test,1
test_3558.jpg,test,1
test_3559.jpg,test,0
test_3560.jpg,test,1
test_3561.jpg,test,1
test_3562.jpg,test,1
test_3563.jpg,test,0
test_3564.jpg,test,0
test_3565.jpg,test,0
test_3566.jpg,test,0
test_3567.jpg,test,1
test_3568.jpg,test,0
test_3569.jpg,test,0
test_3570.jpg,test,0
test_3571.jpg,test,1
test_3572.jpg,test,0
test_3573.jpg,test,0
test_3574.jpg,test,1
test_3575.jpg,test,1
test_3576.jpg,test,0
test_3577.jpg,test,0
test_3578.jpg,test,0
test_3579.jpg,test,1
test_3580.jpg,test,0
test_3581.jpg,test,1
test_3582.jpg,test,1
test_3583.jpg,test,1
test_3584.jpg,test,1
test_3585.jpg,test,0
test_3586.jpg,test,1
test_3587.jpg,test,1
test_3588.jpg,test,0
test_3589.jpg,test,0
test_3590.jpg,test,0
test_3591.jpg,test,1
test_3592.jpg,test,0
test_3593.jpg,test,0
test_3594.jpg,test,1
test_3595.jpg,test,0
test_3596.jpg,test,0
test_3597.jpg,test,0
test_3598.jpg,test,0
test_3599.jpg,test,0
test_3600.jpg,test,0
test_3601.jpg,test,0
test_3602.jpg,test,1
test_3603.jpg,test,0
test_3604.jpg,test,1
test_3605.jpg,test,1
test_3606.jpg,test,0
test_3607.jpg,test,0
test_3608.jpg,test,0
test_3609.jpg,test,1
test_3610.jpg,test,0
test_3611.jpg,test,1
test_3612.jpg,test,1
test_3613.jpg,test,0
test_3614.jpg,test,1
test_3615.jpg,test,0
test_3616.jpg,test,1
test_3617.jpg,test,1
test_3618.jpg,test,0
test_3619.jpg,test,0
test_3620.jpg,test,1
test_3621.jpg,test,0
test_3622.jpg,test,1
test_3623.jpg,test,0
test_3624.jpg,test,1
test_3625.jpg,test,1
test_3626.jpg,test,1
test_3627.jpg,test,1
test_3628.jpg,test,1
test_3629.jpg,test,1
test_3630.jpg,test,0
test_3631.jpg,test,1
test_3632.jpg,test,0
test_3633.jpg,test,0
test_3634.jpg,test,0
test_3635.jpg,test,1
test_3636.jpg,test,1
test_3637.jpg,test,0
test_3638.jpg,test,0
test_3639.jpg,test,1
test_3640.jpg,test,0
test_3641.jpg,test,0
test_3642.jpg,test,0
test_3643.jpg,test,0
test_3644.jpg,test,1
test_3645.jpg,test,0
test_3646.jpg,test,1
test_3647.jpg,test,1
test_3648.jpg,test,1
test_3649.jpg,test,1
test_3650.jpg,test,0
test_3651.jpg,test,1
test_3652.jpg,test,1
test_3653.jpg,test,1
test_3654.jpg,test,0
test_3655.jpg,test,0
test_3656.jpg,test,1
test_3657.jpg,test,1
test_3658.jpg,test,1
test_3659.jpg,test,0
test_3660.jpg,test,1
test_3661.jpg,test,0
test_3662.jpg,test,1
test_3663.jpg,test,0
test_3664.jpg,test,0
test_3665.jpg,test,1
test_3666.jpg,test,0
test_3667.jpg,test,0
test_3668.jpg,test,1
test_3669.jpg,test,1
test_3670.jpg,test,1
test_3671.jpg,test,1
test_3672.jpg,test,0
test_3673.jpg,test,1
test_3674.jpg,test,0
test_3675.jpg,test,0
test_3676.jpg,test,0
test_3677.jpg,test,0
test_3678.jpg,test,1
test_3679.jpg,test,1
test_3680.jpg,test,0
test_3681.jpg,test,1
test_3682.jpg,test,0
test_3683.jpg,test,1
test_3684.jpg,test,1
test_3685.jpg,test,0
test_3686.jpg,test,0
test_3687.jpg,test,1
test_3688.jpg,test,1
test_3689.jpg,test,0
test_3690.jpg,test,0
test_3691.jpg,test,1
test_3692.jpg,test,0
test_3693.jpg,test,0
test_3694.jpg,test,1
test_3695.jpg,test,0
test_3696.jpg,test,1
test_3697.jpg,test,0
test_3698.jpg,test,1
test_3699.jpg,test,1
test_3700.jpg,test,1
test_3701.jpg,test,0
test_3702.jpg,test,0
test_3703.jpg,test,1
test_3704.jpg,test,0
test_3705.jpg,test,0
test_3706.jpg,test,1
test_3707.jpg,test,1
test_3708.jpg,test,0
test_3709.jpg,test,1
test_3710.jpg,test,1
test_3711.jpg,test,1
test_3712.jpg,test,1
test_3713.jpg,test,0
test_3714.jpg,test,1
test_3715.jpg,test,1
test_3716.jpg,test,1
test_3717.jpg,test,1
test_3718.jpg,test,1
test_3719.jpg,test,0
test_3720.jpg,test,1
test_3721.jpg,test,0
test_3722.jpg,test,0
test_3723.jpg,test,1
test_3724.jpg,test,0
test_3725.jpg,test,1
test_3726.jpg,test,1
test_3727.jpg,test,1
test_3728.jpg,test,1
test_3729.jpg,test,0
test_3730.jpg,test,1
test_3731.jpg,test,0
test_3732.jpg,test,0
test_3733.jpg,test,0
test_3734.jpg,test,1
test_3735.jpg,test,0
test_3736.jpg,test,1
test_3737.jpg,test,1
test_3738.jpg,test,1
test_3739.jpg,test,0
test_3740.jpg,test,0
test_3741.jpg,test,0
test_3742.jpg,test,0
test_3743.jpg,test,0
test_3744.jpg,test,0
test_3745.jpg,test,0
test_3746.jpg,test,1
test_3747.jpg,test,0
test_3748.jpg,test,0
test_3749.jpg,test,1
test_3750.jpg,test,1
test_3751.jpg,test,1
test_3752.jpg,test,1
test_3753.jpg,test,0
test_3754.jpg,test,0
test_3755.jpg,test,1
test_3756.jpg,test,0
test_3757.jpg,test,0
test_3758.jpg,test,1
test_3759.jpg,test,0
test_3760.jpg,test,1
test_3761.jpg,test,1
test_3762.jpg,test,0
test_3763.jpg,test,1
test_3764.jpg,test,1
test_3765.jpg,test,1
test_3766.jpg,test,0
test_3767.jpg,test,0
test_3768.jpg,test,0
test_3769.jpg,test,1
test_3770.jpg,test,0
test_3771.jpg,test,1
test_3772.jpg,test,1
test_3773.jpg,test,0
test_3774.jpg,test,0
test_3775.jpg,test,1
test_3776.jpg,test,1
test_3777.jpg,test,0
test_3778.jpg,test,0
test_3779.jpg,test,1
test_3780.jpg,test,1
test_3781.jpg,test,1
test_3782.jpg,test,1
test_3783.jpg,test,0
test_3784.jpg,test,0
test_3785.jpg,test,1
test_3786.jpg,test,0
test_3787.jpg,test,1
test_3788.jpg,test,1
test_3789.jpg,test,1
test_3790.jpg,test,1
test_3791.jpg,test,0
test_3792.jpg,test,1
test_3793.jpg,test,1
test_3794.jpg,test,0
test_3795.jpg,test,0
test_3796.jpg,test,1
test_3797.jpg,test,0
test_3798.jpg,test,1
test_3799.jpg,test,1
test_3800.jpg,test,1
test_3801.jpg,test,0
test_3802.jpg,test,0
test_3803.jpg,test,1
test_3804.jpg,test,0
test_3805.jpg,test,0
test_3806.jpg,test,1
test_3807.jpg,test,1
test_3808.jpg,test,0
test_3809.jpg,test,1
test_3810.jpg,test,0
test_3811.jpg,test,0
test_3812.jpg,test,0
test_3813.jpg,test,1
test_3814.jpg,test,1
test_3815.jpg,test,1
test_3816.jpg,test,0
test_3817.jpg,test,0
test_3818.jpg,test,1
test_3819.jpg,test,1
test_3820.jpg,test,1
test_3821.jpg,test,0
test_3822.jpg,test,1
test_3823.jpg,test,0
test_3824.jpg,test,1
test_3825.jpg,test,1
test_3826.jpg,test,0
test_3827.jpg,test,1
test_3828.jpg,test,0
test_3829.jpg,test,0
test_3830.jpg,test,1
test_3831.jpg,test,1
test_3832.jpg,test,1
test_3833.jpg,test,1
test_3834.jpg,test,0
test_3835.jpg,test,1
test_3836.jpg,test,1
test_3837.jpg,test,0
test_3838.jpg,test,1
test_3839.jpg,test,0
test_3840.jpg,test,0
test_3841.jpg,test,0
test_3842.jpg,test,0
test_3843.jpg,test,0
test_3844.jpg,test,1
test_3845.jpg,test,1
test_3846.jpg,test,0
test_3847.jpg,test,0
test_3848.jpg,test,1
test_3849.jpg,test,0
test_3850.jpg,test,0
test_3851.jpg,test,0
test_3852.jpg,test,1
test_3853.jpg,test,1
test_3854.jpg,test,1
test_3855.jpg,test,0
test_3856.jpg,test,1
test_3857.jpg,test,1
test_3858.jpg,test,0
test_3859.jpg,test,1
test_3860.jpg,test,0
test_3861.jpg,test,0
test_3862.jpg,test,1
test_3863.jpg,test,1
test_3864.jpg,test,0
test_3865.jpg,test,0
test_3866.jpg,test,1
test_3867.jpg,test,0
test_3868.jpg,test,1
test_3869.jpg,test,0
test_3870.jpg,test,0
test_3871.jpg,test,1
test_3872.jpg,test,1
test_3873.jpg,test,0
test_3874.jpg,test,1
test_3875.jpg,test,1
test_3876.jpg,test,1
test_3877.jpg,test,1
test_3878.jpg,test,1
test_3879.jpg,test,1
test_3880.jpg,test,0
test_3881.jpg,test,0
test_3882.jpg,test,1
test_3883.jpg,test,1
test_3884.jpg,test,1
test_3885.jpg,test,1
test_3886.jpg,test,1
test_3887.jpg,test,1
test_3888.jpg,test,1
test_3889.jpg,test,0
test_3890.jpg,test,0
test_3891.jpg,test,1
test_3892.jpg,test,0
test_3893.jpg,test,0
test_3894.jpg,test,1
test_3895.jpg,test,1
test_3896.jpg,test,1
test_3897.jpg,test,1
test_3898.jpg,test,0
test_3899.jpg,test,1
test_3900.jpg,test,1
test_3901.jpg,test,1
test_3902.jpg,test,0
test_3903.jpg,test,1
test_3904.jpg,test,0
test_3905.jpg,test,1
test_3906.jpg,test,0
test_3907.jpg,test,1
test_3908.jpg,test,1
test_3909.jpg,test,1
test_3910.jpg,test,1
test_3911.jpg,test,0
test_3912.jpg,test,0
test_3913.jpg,test,1
test_3914.jpg,test,0
test_3915.jpg,test,0
test_3916.jpg,test,0
test_3917.jpg,test,0
test_3918.jpg,test,1
test_3919.jpg,test,0
test_3920.jpg,test,0
test_3921.jpg,test,1
test_3922.jpg,test,1
test_3923.jpg,test,1
test_3924.jpg,test,0
test_3925.jpg,test,1
test_3926.jpg,test,0
test_3927.jpg,test,1
test_3928.jpg,test,1
test_3929.jpg,test,1
test_3930.jpg,test,0
test_3931.jpg,test,0
test_3932.jpg,test,1
test_3933.jpg,test,1
test_3934.jpg,test,0
test_3935.jpg,test,0
test_3936.jpg,test,0
test_3937.jpg,test,1
test_3938.jpg,test,1
test_3939.jpg,test,1
test_3940.jpg,test,1
test_3941.jpg,test,0
test_3942.jpg,test,0
test_3943.jpg,test,1
test_3944.jpg,test,0
test_3945.jpg,test,1
test_3946.jpg,test,0
test_3947.jpg,test,1
test_3948.jpg,test,0
test_3949.jpg,test,1
test_3950.jpg,test,1
test_3951.jpg,test,0
test_3952.jpg,test,1
test_3953.jpg,test,0
test_3954.jpg,test,0
test_3955.jpg,test,1
test_3956.jpg,test,0
test_3957.jpg,test,1
test_3958.jpg,test,0
test_3959.jpg,test,0
test_3960.jpg,test,0
test_3961.jpg,test,1
test_3962.jpg,test,0
test_3963.jpg,test,1
test_3964.jpg,test,1
test_3965.jpg,test,0
test_3966.jpg,test,1
test_3967.jpg,test,1
test_3968.jpg,test,1
test_3969.jpg,test,1
test_3970.jpg,test,1
test_3971.jpg,test,1
test_3972.jpg,test,0
test_3973.jpg,test,1
test_3974.jpg,test,0
test_3975.jpg,test,1
test_3976.jpg,test,1
test_3977.jpg,test,0
test_3978.jpg,test,0
test_3979.jpg,test,0
test_3980.jpg,test,1
test_3981.jpg,test,0
test_3982.jpg,test,1
test_3983.jpg,test,0
test_3984.jpg,test,1
test_3985.jpg,test,0
test_3986.jpg,test,0
test_3987.jpg,test,1
test_3988.jpg,test,1
test_3989.jpg,test,0
test_3990.jpg,test,0
test_3991.jpg,test,1
test_3992.jpg,test,0
test_3993.jpg,test,1
test_3994.jpg,test,0
test_3995.jpg,test,1
test_3996.jpg,test,0
test_3997.jpg,test,1
test_3998.jpg,test,0
test_3999.jpg,test,0
